phrase_originale,nom1,nom2,determinant,nom1_lemme,nom2_lemme,definitude,type_jdm,est_valide,notes
les retards de la pluie,les retards,la pluie,de,les retard,la pluie,False,r_has_causatif,True,
les retards des travaux,retards,travaux,de,retard,traval,False,r_has_causatif,True,
les embouteillages des travaux,embouteillages,travaux,de,embouteillage,traval,False,r_has_causatif,True,
les embouteillages d'un accident,embouteillages,un accident,d',embouteillage,un accident,False,r_has_causatif,True,
les pannes de la chaleur,les pannes,la chaleur,de,les panne,la chaleur,False,r_has_causatif,True,
les pannes de la tempête,les pannes,la tempête,de,les panne,la tempête,False,r_has_causatif,True,
les annulations de la grève,les annulations,la grève,de,les annulation,la grève,False,r_has_causatif,True,
les pénuries de la sécheresse,les pénuries,la sécheresse,de,les pénurie,la sécheresse,False,r_has_causatif,True,
la hausse des prix de la demande,la hausse des prix,la demande,de,la hausse des pri,la demande,False,r_has_causatif,True,
la baisse des ventes de la crise,la baisse des ventes,la crise,de,la baisse des vente,la crise,False,r_has_causatif,True,
les coupures d'un orage,coupures,un orage,d',coupure,un orage,False,r_has_causatif,True,
les retards de livraison des embouteillages,les retards de livraison,embouteillages,des,les retards de livraison,embouteillage,True,r_has_causatif,True,
la sagesse du vieillard,sagesse,vieillard,du,sagesse,vieillard,True,r_has_property-1,True,
la patience de la professeure,la patience,la professeure,de,la patience,la professeure,False,r_has_property-1,True,
la douceur de l'infirmière,la douceur,l'infirmière,de,la douceur,l'infirmière,False,r_has_property-1,True,
la rigueur de l'ingénieur,la rigueur,l'ingénieur,de,la rigueur,l'ingénieur,False,r_has_property-1,True,
la prudence du conducteur,prudence,conducteur,de,prudence,conducteur,False,r_has_property-1,True,
la force de l'athlète,la force,l'athlète,de,la force,l'athlète,False,r_has_property-1,True,
la créativité de l'artiste,la créativité,l'artiste,de,la créativité,l'artiste,False,r_has_property-1,True,
le courage du pompier,courage,pompier,du,courage,pompier,True,r_has_property-1,True,
la générosité de la bénévole,la générosité,la bénévole,de,la générosité,la bénévole,False,r_has_property-1,True,
la chaise de bois,chaise,bois,de,chaise,boi,False,r_objet>matiere,True,
la table de bois,table,bois,de,table,boi,False,r_objet>matiere,True,
la table de métal,table,métal,de,table,métal,False,r_objet>matiere,True,
le banc de pierre,banc,pierre,de,banc,pierre,False,r_objet>matiere,True,
la statue de marbre,statue,marbre,de,statue,marbre,False,r_objet>matiere,True,
le vase de verre,vase,verre,de,vase,verre,False,r_objet>matiere,True,
l'assiette d'argile,assiette,argile,d',assiette,argile,False,r_objet>matiere,True,
le cadre de bois,cadre,bois,de,cadre,boi,False,r_objet>matiere,True,
la bouteille de verre,bouteille,verre,de,bouteille,verre,False,r_objet>matiere,True,
le tabouret de bois,tabouret,bois,de,tabouret,boi,False,r_objet>matiere,True,
la poutre d'acier,poutre,acier,d',poutre,acier,False,r_objet>matiere,True,
le vin de france,vin,france,de,vin,france,False,r_lieu>origine,True,
le vin d'italie,vin,italie,d',vin,italie,False,r_lieu>origine,True,
le café de brésil,café,brésil,de,café,brésil,False,r_lieu>origine,True,
le thé de chine,thé,chine,de,thé,chine,False,r_lieu>origine,True,
le fromage de suisse,fromage,suisse,de,fromage,suisse,False,r_lieu>origine,True,
l'huile d'olive de grèce,l'huile d'olive,grèce,de,l'huile d'olive,grèce,False,r_lieu>origine,True,
la bière d'allemagne,bière,allemagne,d',bière,allemagne,False,r_lieu>origine,True,
le chocolat de belgique,chocolat,belgique,de,chocolat,belgique,False,r_lieu>origine,True,
le riz de thaïlande,riz,thaïlande,de,riz,thaïlande,False,r_lieu>origine,True,
le miel de france,miel,france,de,miel,france,False,r_lieu>origine,True,
le cours de mathématiques,cours,mathématiques,de,cour,mathématique,False,r_topic,True,
le manuel de physique,manuel,physique,de,manuel,physique,False,r_topic,True,
l'article de biologie,article,biologie,de,article,biologie,False,r_topic,True,
le livre d'économie,livre,économie,d',livre,économie,False,r_topic,True,
le tutoriel d'informatique,tutoriel,informatique,d',tutoriel,informatique,False,r_topic,True,
la vidéo de musique,vidéo,musique,de,vidéo,musique,False,r_topic,True,
le podcast d'histoire,podcast,histoire,d',podcast,histoire,False,r_topic,True,
le projet de linguistique,projet,linguistique,de,projet,linguistique,False,r_topic,True,
l'exposé de cuisine,exposé,cuisine,de,exposé,cuisine,False,r_topic,True,
la peinture d'un paysage,peinture,un paysage,d',peinture,un paysage,False,r_depic,True,
le dessin d'un visage,dessin,un visage,d',dessin,un visage,False,r_depic,True,
la photo d'une ille,photo,une ille,d',photo,une ille,False,r_depic,True,
la gravure d'un animal,gravure,un animal,d',gravure,un animal,False,r_depic,True,
le portrait d'un enfant,portrait,un enfant,d',portrait,un enfant,False,r_depic,True,
la maquette d'un bateau,maquette,un bateau,d',maquette,un bateau,False,r_depic,True,
le schéma d'un circuit,schéma,un circuit,d',schéma,un circuit,False,r_depic,True,
la carte d'une égion,carte,une égion,d',carte,une égion,False,r_depic,True,
la porte de la maison,la porte,la maison,de,la porte,la maison,False,r_holo,True,
la fenêtre de la maison,la fenêtre,la maison,de,la fenêtre,la maison,False,r_holo,True,
la roue de la voiture,la roue,la voiture,de,la roue,la voiture,False,r_holo,True,
le châssis de la fenêtre,le châssis,la fenêtre,de,le châssi,la fenêtre,False,r_holo,True,
le couvercle de la boîte,le couvercle,la boîte,de,le couvercle,la boîte,False,r_holo,True,
la coque du téléphone,coque,téléphone,du,coque,téléphone,True,r_holo,True,
la selle du vélo,selle,vélo,du,selle,vélo,True,r_holo,True,
l'aile de l'avion,l'aile,l'avion,de,l'aile,l'avion,False,r_holo,True,
la tour de paris,tour,paris,de,tour,pari,False,r_lieu,True,
le pont d'avignon,pont,avignon,d',pont,avignon,False,r_lieu,True,
le musée de paris,musée,paris,de,musée,pari,False,r_lieu,True,
l'université de lyon,université,lyon,de,université,lyon,False,r_lieu,True,
l'hôpital de nantes,hôpital,nantes,de,hôpital,nante,False,r_lieu,True,
le marché de marrakech,marché,marrakech,de,marché,marrakech,False,r_lieu,True,
la cathédrale de reims,cathédrale,reims,de,cathédrale,reim,False,r_lieu,True,
le travail de l'ouvrier,le travail,l'ouvrier,de,le travail,l'ouvrier,False,r_processus_agent,True,
la réparation du mécanicien,réparation,mécanicien,du,réparation,mécanicien,True,r_processus_agent,True,
le nettoyage de l'agent,le nettoyage,l'agent,de,le nettoyage,l'agent,False,r_processus_agent,True,
la peinture du peintre,peinture,peintre,du,peinture,peintre,True,r_processus_agent,True,
la taille du tailleur de pierre,la taille du tailleur,pierre,de,la taille du tailleur,pierre,False,r_processus_agent,True,
la sculpture de l'artiste,la sculpture,l'artiste,de,la sculpture,l'artiste,False,r_processus_agent,True,
l'assemblage de l'ouvrière,l'assemblage,l'ouvrière,de,l'assemblage,l'ouvrière,False,r_processus_agent,True,
l'écriture de l'auteur,l'écriture,l'auteur,de,l'écriture,l'auteur,False,r_processus_agent,True,
la traduction de la traductrice,la traduction,la traductrice,de,la traduction,la traductrice,False,r_processus_agent,True,
la réparation de la voiture,la réparation,la voiture,de,la réparation,la voiture,False,r_processus_patient,True,
le nettoyage de la maison,le nettoyage,la maison,de,le nettoyage,la maison,False,r_processus_patient,True,
la peinture de la porte,la peinture,la porte,de,la peinture,la porte,False,r_processus_patient,True,
la taille de la pierre,la taille,la pierre,de,la taille,la pierre,False,r_processus_patient,True,
la sculpture du bois,sculpture,bois,du,sculpture,boi,True,r_processus_patient,True,
l'écriture du texte,écriture,texte,du,écriture,texte,True,r_processus_patient,True,
la traduction du document,traduction,document,du,traduction,document,True,r_processus_patient,True,
le polissage du métal,polissage,métal,du,polissage,métal,True,r_processus_patient,True,
la clé d'ouverture,clé,ouverture,d',clé,ouverture,False,r_processus>instr-1,True,
le marteau de perçage,marteau,perçage,de,marteau,perçage,False,r_processus>instr-1,True,
le couteau de coupe,couteau,coupe,de,couteau,coupe,False,r_processus>instr-1,True,
la scie de coupe,scie,coupe,de,scie,coupe,False,r_processus>instr-1,True,
l'ordinateur d'écriture,ordinateur,écriture,d',ordinateur,écriture,False,r_processus>instr-1,True,
l'imprimante d'impression,imprimante,impression,d',imprimante,impression,False,r_processus>instr-1,True,
le laser de gravure,laser,gravure,de,laser,gravure,False,r_processus>instr-1,True,
le pinceau de peinture,pinceau,peinture,de,pinceau,peinture,False,r_processus>instr-1,True,
le livre du professeur,livre,professeur,du,livre,professeur,True,r_own-1,True,
la voiture du médecin,voiture,médecin,de,voiture,médecin,False,r_own-1,True,
la bague de la mariée,la bague,la mariée,de,la bague,la mariée,False,r_own-1,True,
la montre du sportif,montre,sportif,du,montre,sportif,True,r_own-1,True,
le stylo de l'étudiant,le stylo,l'étudiant,de,le stylo,l'étudiant,False,r_own-1,True,
les clés du concierge,clés,concierge,du,clé,concierge,True,r_own-1,True,
le passeport du voyageur,passeport,voyageur,du,passeport,voyageur,True,r_own-1,True,
une goutte d'eau,goutte,eau,d',goutte,eau,False,r_quantificateur,True,
un brin d'herbe,brin,herbe,d',brin,herbe,False,r_quantificateur,True,
une tasse de thé,tasse,thé,de,tasse,thé,False,r_quantificateur,True,
un kilo de riz,kilo,riz,de,kilo,riz,False,r_quantificateur,True,
un litre de lait,litre,lait,de,litre,lait,False,r_quantificateur,True,
une tranche de pain,tranche,pain,de,tranche,pain,False,r_quantificateur,True,
un morceau de fromage,morceau,fromage,de,morceau,fromage,False,r_quantificateur,True,
une poignée de sel,poignée,sel,de,poignée,sel,False,r_quantificateur,True,
un sac de farine,sac,farine,de,sac,farine,False,r_quantificateur,True,
un bouquet de fleurs,bouquet,fleurs,de,bouquet,fleur,False,r_quantificateur,True,
un grain de poivre,grain,poivre,de,grain,poivre,False,r_quantificateur,True,
l'ami de pierre,ami,pierre,de,ami,pierre,False,r_social_tie,True,
le collègue de marie,collègue,marie,de,collègue,marie,False,r_social_tie,True,
l'avocat d'ahmed,avocat,ahmed,d',avocat,ahmed,False,r_social_tie,True,
le parent de lucie,parent,lucie,de,parent,lucie,False,r_social_tie,True,
le camarade d'hugo,camarade,hugo,d',camarade,hugo,False,r_social_tie,True,
l'associé de sarah,associé,sarah,de,associé,sarah,False,r_social_tie,True,
le voisin de nora,voisin,nora,de,voisin,nora,False,r_social_tie,True,
le mentor de jules,mentor,jules,de,mentor,jule,False,r_social_tie,True,
le roman d'hugo,roman,hugo,d',roman,hugo,False,r_product_of,True,
le poème de rimbaud,poème,rimbaud,de,poème,rimbaud,False,r_product_of,True,
le tableau de monet,tableau,monet,de,tableau,monet,False,r_product_of,True,
la sculpture de rodin,sculpture,rodin,de,sculpture,rodin,False,r_product_of,True,
le portrait de picasso,portrait,picasso,de,portrait,picasso,False,r_product_of,True,
la symphonie de mozart,symphonie,mozart,de,symphonie,mozart,False,r_product_of,True,
le film de truffaut,film,truffaut,de,film,truffaut,False,r_product_of,True,
le dessin de cézanne,dessin,cézanne,de,dessin,cézanne,False,r_product_of,True,
un maison d'Ouro Preto,maison,ouro preto,d',maison,ouro preto,False,r_holo,True,
le maison de larésidence,maison,larésidence,de,maison,larésidence,False,r_holo,True,
le maison de laTrente,maison,latrente,de,maison,latrente,False,r_holo,True,
un maison de l'Hakodate,un maison,l'hakodate,de,un maison,l'hakodate,False,r_holo,True,
un maison d'Albèrtville,maison,albèrtville,d',maison,albèrtville,False,r_holo,True,
un maison de l'Esztergom,un maison,l'esztergom,de,un maison,l'esztergom,False,r_holo,True,
un maison de lacomplexe,maison,lacomplexe,de,maison,lacomplexe,False,r_holo,True,
un  maison de lacommune,maison,lacommune,de,maison,lacommune,False,r_holo,True,
un  maison de ladomaine,maison,ladomaine,de,maison,ladomaine,False,r_holo,True,
un maison d'Iakoutsk,maison,iakoutsk,d',maison,iakoutsk,False,r_holo,True,
le maison d'Oran,maison,oran,d',maison,oran,False,r_holo,True,
la voiture d'exposition,voiture,exposition,d',voiture,exposition,False,r_holo,True,
la voiture de latrain à grane vitesse,voiture,latrain à grane vitesse,de,voiture,latrain à grane vitesse,False,r_holo,True,
la voiture denoix de muscade,denoix,muscade,de,denoi,muscade,False,r_holo,True,
la voiture de lanoix muscade,voiture,lanoix muscade,de,voiture,lanoix muscade,False,r_holo,True,
une  voiture de laTrain à Grande Vitesse,voiture,latrain à grande vitesse,de,voiture,latrain à grande vitesse,False,r_holo,True,
l'arbre d'incendie,arbre,incendie,d',arbre,incendie,False,r_holo,True,
l'arbre de lafrégate,arbre,lafrégate,de,arbre,lafrégate,False,r_holo,True,
l'arbre de lapinède,arbre,lapinède,de,arbre,lapinède,False,r_holo,True,
l'arbre de l'arachidier,l'arbre,l'arachidier,de,l'arbre,l'arachidier,False,r_holo,True,
un arbre de laagarrigue,arbre,laagarrigue,de,arbre,laagarrigue,False,r_holo,True,
unè arbre de lanature,arbre,lanature,de,arbre,lanature,False,r_holo,True,
un arbre de lamoteur thermique,arbre,lamoteur thermique,de,arbre,lamoteur thermique,False,r_holo,True,
un arbre de l'acer,un arbre,l'acer,de,un arbre,l'acer,False,r_holo,True,
une arbre de lagarigue,arbre,lagarigue,de,arbre,lagarigue,False,r_holo,True,
une arbre deforêt des Hauts de l'Ouest,une arbre deforêt des hauts,l'ouest,de,une arbre deforêt des haut,l'ouest,False,r_holo,True,
les corps de l'oiseau-à-berceau,les corps,l'oiseau-à-berceau,de,les corp,l'oiseau-à-berceau,False,r_holo,True,
des corps d'Alexander Roslin,corps,alexander roslin,d',corp,alexander roslin,False,r_holo,True,
les corps de l'exaspérant,les corps,l'exaspérant,de,les corp,l'exaspérant,False,r_holo,True,
des corps de l'émeraude,des corps,l'émeraude,de,des corp,l'émeraude,False,r_holo,True,
des corps d'écrivassier,corps,écrivassier,d',corp,écrivassier,False,r_holo,True,
les corps de l'ure,les corps,l'ure,de,les corp,l'ure,False,r_holo,True,
des corps d'uniforme,corps,uniforme,d',corp,uniforme,False,r_holo,True,
les corps de l'Émile Bernard,les corps,l'émile bernard,de,les corp,l'émile bernard,False,r_holo,True,
des corps d'admoniteur,corps,admoniteur,d',corp,admoniteur,False,r_holo,True,
des corps de lacongréganiste,corps,lacongréganiste,de,corp,lacongréganiste,False,r_holo,True,
les corps d'olive,corps,olive,d',corp,olive,False,r_holo,True,
les corps de lacérithe,corps,lacérithe,de,corp,lacérithe,False,r_holo,True,
les corps de l'Histoire,les corps,l'histoire,de,les corp,l'histoire,False,r_holo,True,
l'homme de lavoiture,homme,lavoiture,de,homme,lavoiture,False,r_lieu,True,
une homme de lachorale,homme,lachorale,de,homme,lachorale,False,r_lieu,True,
une homme d'océan,homme,océan,d',homme,océan,False,r_lieu,True,
une homme de lamontagne,homme,lamontagne,de,homme,lamontagne,False,r_lieu,True,
une hmme d'Irak,hmme,irak,d',hmme,irak,False,r_lieu,True,
une homme demaison de retraite,demaison,retraite,de,demaison,retraite,False,r_lieu,True,
une homme de lacage,homme,lacage,de,homme,lacage,False,r_lieu,True,
une homme de lagendarmerie,homme,lagendarmerie,de,homme,lagendarmerie,False,r_lieu,True,
une homme de lagymnase,homme,lagymnase,de,homme,lagymnase,False,r_lieu,True,
une homme de lacachette,homme,lacachette,de,homme,lacachette,False,r_lieu,True,
l'homme de laferme,homme,laferme,de,homme,laferme,False,r_lieu,True,
l'homme dumaison de santé,dumaison,santé,de,dumaison,santé,False,r_lieu,True,
une homme de l'Asie,une homme,l'asie,de,une homme,l'asie,False,r_lieu,True,
un homme de latverne,homme,latverne,de,homme,latverne,False,r_lieu,True,
une homme dechamp de bataille,dechamp,bataille,de,dechamp,bataille,False,r_lieu,True,
une homme d'Athènes,homme,athènes,d',homme,athène,False,r_lieu,True,
une homme dumaison de fous,dumaison,fous,de,dumaison,fou,False,r_lieu,True,
une homme de laguerre,homme,laguerre,de,homme,laguerre,False,r_lieu,True,
une femme de lavoiture,femme,lavoiture,de,femme,lavoiture,False,r_lieu,True,
une femme de larade,femme,larade,de,femme,larade,False,r_lieu,True,
la femme de lasynagogue,femme,lasynagogue,de,femme,lasynagogue,False,r_lieu,True,
la femme de lacuisine,femme,lacuisine,de,femme,lacuisine,False,r_lieu,True,
la femme de lamaison de retraite,la femme de lamaison,retraite,de,la femme de lamaison,retraite,False,r_lieu,True,
une femme de larue,femme,larue,de,femme,larue,False,r_lieu,True,
la femme de laterre,femme,laterre,de,femme,laterre,False,r_lieu,True,
unê femme de lacantine,femme,lacantine,de,femme,lacantine,False,r_lieu,True,
la femme de larêve,femme,larêve,de,femme,larêve,False,r_lieu,True,
une femm de l'Athènes,une femm,l'athènes,de,une femm,l'athène,False,r_lieu,True,
une femme demaison de fous,demaison,fous,de,demaison,fou,False,r_lieu,True,
une femme de laparc zoologique,femme,laparc zoologique,de,femme,laparc zoologique,False,r_lieu,True,
uné femme d'Italie,femme,italie,d',femme,italie,False,r_lieu,True,
une femme de l'hôpital psychiatrique,une femme,l'hôpital psychiatrique,de,une femme,l'hôpital psychiatrique,False,r_lieu,True,
l'animal de lasavane,animal,lasavane,de,animal,lasavane,False,r_lieu,True,
l'animal de l'animalerie,l'animal,l'animalerie,de,l'animal,l'animalerie,False,r_lieu,True,
une animal de lamontagne,animal,lamontagne,de,animal,lamontagne,False,r_lieu,True,
une animal de l'élevage,une animal,l'élevage,de,une animal,l'élevage,False,r_lieu,True,
une animal de laplanète,animal,laplanète,de,animal,laplanète,False,r_lieu,True,
l'animal de l'hameau,l'animal,l'hameau,de,l'animal,l'hameau,False,r_lieu,True,
l'animal d'étable,animal,étable,d',animal,étable,False,r_lieu,True,
une animal de laporcherie,animal,laporcherie,de,animal,laporcherie,False,r_lieu,True,
une animal de l'arbre,une animal,l'arbre,de,une animal,l'arbre,False,r_lieu,True,
l'animal de laparc zoologique,animal,laparc zoologique,de,animal,laparc zoologique,False,r_lieu,True,
une animal de labiotope,animal,labiotope,de,animal,labiotope,False,r_lieu,True,
un animal de lacaverne,animal,lacaverne,de,animal,lacaverne,False,r_lieu,True,
une animal de lacirque,animal,lacirque,de,animal,lacirque,False,r_lieu,True,
une animal d'écurie,animal,écurie,d',animal,écurie,False,r_lieu,True,
un animal de laniche,animal,laniche,de,animal,laniche,False,r_lieu,True,
un animal de lavéhicule,animal,lavéhicule,de,animal,lavéhicule,False,r_lieu,True,
un animal d'épisode,animal,épisode,d',animal,épisode,False,r_lieu,True,
une animall de l'habitat,une animall,l'habitat,de,une animall,l'habitat,False,r_lieu,True,
une animall d'endroit,animall,endroit,d',animall,endroit,False,r_lieu,True,
les discours d'ennuyer,discours,ennuyer,d',discour,ennuyer,False,r_processus_agent,True,
des discours dumanquer de clarté,dumanquer,clarté,de,dumanquer,clarté,False,r_processus_agent,True,
des discours de l'être vaseux,des discours,l'être vaseux,de,des discour,l'être vaseu,False,r_processus_agent,True,
un travail d'améliorer,travail,améliorer,d',travail,améliorer,False,r_processus_agent,True,
le travail de l'enrichir,le travail,l'enrichir,de,le travail,l'enrichir,False,r_processus_agent,True,
un travail de laprodire,travail,laprodire,de,travail,laprodire,False,r_processus_agent,True,
le travail d'accomplir,travail,accomplir,d',travail,accomplir,False,r_processus_agent,True,
le travail d'épuiser,travail,épuiser,d',travail,épuiser,False,r_processus_agent,True,
un travail de l'effectuer,un travail,l'effectuer,de,un travail,l'effectuer,False,r_processus_agent,True,
un travail d'organiser,travail,organiser,d',travail,organiser,False,r_processus_agent,True,
un travail deprendre du temps,deprendre,temps,de,deprendre,temp,False,r_processus_agent,True,
lè travail durapporter de l'argent,lè travail durapporter,l'argent,de,lè travail durapporter,l'argent,False,r_processus_agent,True,
un travail de l'être difficile,un travail,l'être difficile,de,un travail,l'être difficile,False,r_processus_agent,True,
le travail dugénérer des revenus,dugénérer,revenus,de,dugénérer,revenu,False,r_processus_agent,True,
un travail de laréunion en ligne,travail,laréunion en ligne,de,travail,laréunion en ligne,False,r_processus_agent,True,
un travail d'être dur,travail,être dur,d',travail,être dur,False,r_processus_agent,True,
un travail d'utiliser logiciel,travail,utiliser logiciel,d',travail,utiliser logiciel,False,r_processus_agent,True,
une intervention d'arriver comme un cheveu sur la soupe,intervention,arriver comme un cheveu sur la soupe,d',intervention,arriver comme un cheveu sur la soupe,False,r_processus_agent,True,
une intervention d'être diifficile,intervention,être diifficile,d',intervention,être diifficile,False,r_processus_agent,True,
une intervention de l'être dur,une intervention,l'être dur,de,une intervention,l'être dur,False,r_processus_agent,True,
un action de lavivre,action,lavivre,de,action,lavivre,False,r_processus_agent,True,
un action de lasurprendre,action,lasurprendre,de,action,lasurprendre,False,r_processus_agent,True,
un action d'écrire,action,écrire,d',action,écrire,False,r_processus_agent,True,
un action d'avoir pour objectif,action,avoir pour objectif,d',action,avoir pour objectif,False,r_processus_agent,True,
l'oeuvre de l'inspirer,l'oeuvre,l'inspirer,de,l'oeuvre,l'inspirer,False,r_processus_agent,True,
l'oeuvre d'émouvoir,oeuvre,émouvoir,d',oeuvre,émouvoir,False,r_processus_agent,True,
un oeuvre de lavendre,oeuvre,lavendre,de,oeuvre,lavendre,False,r_processus_agent,True,
un oeuvre d'être nul,oeuvre,être nul,d',oeuvre,être nul,False,r_processus_agent,True,
un prjet d'en baver,prjet,en baver,d',prjet,en baver,False,r_processus_agent,True,
un projet d'échouer,projet,échouer,d',projet,échouer,False,r_processus_agent,True,
un projet d'être à bout de souffle,un projet d'être à bout,souffle,de,un projet d'être à bout,souffle,False,r_processus_agent,True,
le projet de l'achopper,le projet,l'achopper,de,le projet,l'achopper,False,r_processus_agent,True,
un projet de labattre de l'aile,un projet de labattre,l'aile,de,un projet de labattre,l'aile,False,r_processus_agent,True,
le projet d'avoir le soffle court,projet,avoir le soffle court,d',projet,avoir le soffle court,False,r_processus_agent,True,
le projet de larester lettre morte,projet,larester lettre morte,de,projet,larester lettre morte,False,r_processus_agent,True,
un projêt de l'être au point mort,un projêt,l'être au point mort,de,un projêt,l'être au point mort,False,r_processus_agent,True,
le projet de l'être essoufflé,le projet,l'être essoufflé,de,le projet,l'être essoufflé,False,r_processus_agent,True,
un projet de l'être hors d'haleine,un projet,l'être hors d'haleine,de,un projet,l'être hors d'haleine,False,r_processus_agent,True,
un projet demanquer de souffle,demanquer,souffle,de,demanquer,souffle,False,r_processus_agent,True,
le projet de l'accoucher d'une souris,le projet,l'accoucher d'une souris,de,le projet,l'accoucher d'une souri,False,r_processus_agent,True,
un film de ladistraire,film,ladistraire,de,film,ladistraire,False,r_processus_agent,True,
un film de l'ennuyer,un film,l'ennuyer,de,un film,l'ennuyer,False,r_processus_agent,True,
un film de lassurprendre,film,lassurprendre,de,film,lassurprendre,False,r_processus_agent,True,
un film de ladéplaire,film,ladéplaire,de,film,ladéplaire,False,r_processus_agent,True,
un film d'inspirer,film,inspirer,d',film,inspirer,False,r_processus_agent,True,
le film de laproduire,film,laproduire,de,film,laproduire,False,r_processus_agent,True,
un ilm d'effrayer,ilm,effrayer,d',ilm,effrayer,False,r_processus_agent,True,
un  film de l'envoûter,un film,l'envoûter,de,un film,l'envoûter,False,r_processus_agent,True,
un film de l'émouvoir,un film,l'émouvoir,de,un film,l'émouvoir,False,r_processus_agent,True,
le film de l'avoir du succès,le film de l'avoir,succès,du,le film de l'avoir,succè,True,r_processus_agent,True,
le film d'heurter,film,heurter,d',film,heurter,False,r_processus_agent,True,
le film de l'horrifier,le film,l'horrifier,de,le film,l'horrifier,False,r_processus_agent,True,
le film de l'empoigner,le film,l'empoigner,de,le film,l'empoigner,False,r_processus_agent,True,
le film d'amuser,film,amuser,d',film,amuser,False,r_processus_agent,True,
un film defaire de la peine,un film defaire,la peine,de,un film defaire,la peine,False,r_processus_agent,True,
le film dufaire du bruit,dufaire,bruit,du,dufaire,bruit,True,r_processus_agent,True,
le film d'envouter,film,envouter,d',film,envouter,False,r_processus_agent,True,
le film defaaire du foin,defaaire,foin,de,defaaire,foin,False,r_processus_agent,True,
le film de l'être nul,le film,l'être nul,de,le film,l'être nul,False,r_processus_agent,True,
le destruction de l'entreprendre,le destruction,l'entreprendre,de,le destruction,l'entreprendre,False,r_processus_patient,True,
un destruction d'annoncer,destruction,annoncer,d',destruction,annoncer,False,r_processus_patient,True,
le destruction d'éviter,destruction,éviter,d',destruction,éviter,False,r_processus_patient,True,
le destruction de ladurer plus longtemps que,destruction,ladurer plus longtemps que,de,destruction,ladurer plus longtemps que,False,r_processus_patient,True,
le construction de l'assurer,le construction,l'assurer,de,le construction,l'assurer,False,r_processus_patient,True,
le construction de l'entreprendre,le construction,l'entreprendre,de,le construction,l'entreprendre,False,r_processus_patient,True,
le construction d'empêcher,construction,empêcher,d',construction,empêcher,False,r_processus_patient,True,
le construction de ladétruire,construction,ladétruire,de,construction,ladétruire,False,r_processus_patient,True,
le cuisson d'arrêter,cuisson,arrêter,d',cuisson,arrêter,False,r_processus_patient,True,
un cuisson de l'accompagner,un cuisson,l'accompagner,de,un cuisson,l'accompagner,False,r_processus_patient,True,
la lecture d'adorer,lecture,adorer,d',lecture,adorer,False,r_processus_patient,True,
une lecture d'aimer,lecture,aimer,d',lecture,aimer,False,r_processus_patient,True,
la lecture de l'empêcher,la lecture,l'empêcher,de,la lecture,l'empêcher,False,r_processus_patient,True,
une analyse d'accélérer,analyse,accélérer,d',analyse,accélérer,False,r_processus_patient,True,
un outil d'élargir,outil,élargir,d',outil,élargir,False,r_processus>instr-1,True,
l'outil d'enterrer,outil,enterrer,d',outil,enterrer,False,r_processus>instr-1,True,
l'outil d'assembler,outil,assembler,d',outil,assembler,False,r_processus>instr-1,True,
l'outil d'excaver,outil,excaver,d',outil,excaver,False,r_processus>instr-1,True,
une outil d'utiliser,outil,utiliser,d',outil,utiliser,False,r_processus>instr-1,True,
une outil de l'adapter,une outil,l'adapter,de,une outil,l'adapter,False,r_processus>instr-1,True,
une outil de l'agir,une outil,l'agir,de,une outil,l'agir,False,r_processus>instr-1,True,
un outil d'arranger,outil,arranger,d',outil,arranger,False,r_processus>instr-1,True,
l'innstrument de larefaire,innstrument,larefaire,de,innstrument,larefaire,False,r_processus>instr-1,True,
une instrument d'orchestrer,instrument,orchestrer,d',instrument,orchestrer,False,r_processus>instr-1,True,
une instrument de lafaire de la musique,une instrument de lafaire,la musique,de,une instrument de lafaire,la musique,False,r_processus>instr-1,True,
un instrument dejouer de la musique,un instrument dejouer,la musique,de,un instrument dejouer,la musique,False,r_processus>instr-1,True,
une instrument dediffuser de la musique,une instrument dediffuser,la musique,de,une instrument dediffuser,la musique,False,r_processus>instr-1,True,
un appareil de laprendre,appareil,laprendre,de,appareil,laprendre,False,r_processus>instr-1,True,
l'appareil d'ouïr,appareil,ouïr,d',appareil,ouïr,False,r_processus>instr-1,True,
un appareil d'enregistrer,appareil,enregistrer,d',appareil,enregistrer,False,r_processus>instr-1,True,
une appareil d'avoir un cheveu sur la langue,appareil,avoir un cheveu sur la langue,d',appareil,avoir un cheveu sur la langue,False,r_processus>instr-1,True,
la force de lamusculaiire,force,lamusculaiire,de,force,lamusculaiire,False,r_has_property-1,True,
une force de latranquille,force,latranquille,de,force,latranquille,False,r_has_property-1,True,
la force de lavive,force,lavive,de,force,lavive,False,r_has_property-1,True,
la force de labrute,force,labrute,de,force,labrute,False,r_has_property-1,True,
la force d'hétérotrophe,force,hétérotrophe,d',force,hétérotrophe,False,r_has_property-1,True,
la force de ladonnée,force,ladonnée,de,force,ladonnée,False,r_has_property-1,True,
la  force de l'exercé,la force,l'exercé,de,la force,l'exercé,False,r_has_property-1,True,
la force de l'affriolant,la force,l'affriolant,de,la force,l'affriolant,False,r_has_property-1,True,
une force d'endotherme,force,endotherme,d',force,endotherme,False,r_has_property-1,True,
une  force de l'électrique,une force,l'électrique,de,une force,l'électrique,False,r_has_property-1,True,
une force de lajolie,force,lajolie,de,force,lajolie,False,r_has_property-1,True,
la force d'armée,force,armée,d',force,armée,False,r_has_property-1,True,
une force de lamusculeuse,force,lamusculeuse,de,force,lamusculeuse,False,r_has_property-1,True,
une force de laspéciale,force,laspéciale,de,force,laspéciale,False,r_has_property-1,True,
une force de l'humaine,une force,l'humaine,de,une force,l'humaine,False,r_has_property-1,True,
une force de lapuissante,force,lapuissante,de,force,lapuissante,False,r_has_property-1,True,
la force de lade la nature,force,lade la nature,de,force,lade la nature,False,r_has_property-1,True,
la force de lagravitatoire,force,lagravitatoire,de,force,lagravitatoire,False,r_has_property-1,True,
la force de l'attractive,la force,l'attractive,de,la force,l'attractive,False,r_has_property-1,True,
la force de l'équivalente,la force,l'équivalente,de,la force,l'équivalente,False,r_has_property-1,True,
la force d'exercée,force,exercée,d',force,exercée,False,r_has_property-1,True,
la forcè de l'human,la forcè,l'human,de,la forcè,l'human,False,r_has_property-1,True,
un intelligence de latactique,intelligence,latactique,de,intelligence,latactique,False,r_has_property-1,True,
un intelligence de lavive,intelligence,lavive,de,intelligence,lavive,False,r_has_property-1,True,
un intêlligence d'artificielle,intêlligence,artificielle,d',intêlligence,artificielle,False,r_has_property-1,True,
un intelligence de l'en général,un intelligence,l'en général,de,un intelligence,l'en général,False,r_has_property-1,True,
un intelligence de lamore,intelligence,lamore,de,intelligence,lamore,False,r_has_property-1,True,
une intelligence de lanoble,intelligence,lanoble,de,intelligence,lanoble,False,r_has_property-1,True,
l'intelligence de lastratégique,intelligence,lastratégique,de,intelligence,lastratégique,False,r_has_property-1,True,
une intelligence de labelle,intelligence,labelle,de,intelligence,labelle,False,r_has_property-1,True,
un intelligence de l'élevé,un intelligence,l'élevé,de,un intelligence,l'élevé,False,r_has_property-1,True,
l'intelligence de lapratique,intelligence,lapratique,de,intelligence,lapratique,False,r_has_property-1,True,
un intelligence d'humaine,intelligence,humaine,d',intelligence,humaine,False,r_has_property-1,True,
l'intelligence d'aiguisée,intelligence,aiguisée,d',intelligence,aiguisée,False,r_has_property-1,True,
l'intelligence de l'illumiinée,l'intelligence,l'illumiinée,de,l'intelligence,l'illumiinée,False,r_has_property-1,True,
l'intelligence d'exceptionnelle,intelligence,exceptionnelle,d',intelligence,exceptionnelle,False,r_has_property-1,True,
un intelligence de lasimulée,intelligence,lasimulée,de,intelligence,lasimulée,False,r_has_property-1,True,
une intelligence de lastimulée,intelligence,lastimulée,de,intelligence,lastimulée,False,r_has_property-1,True,
l'intelligence de l'émotionnelle,l'intelligence,l'émotionnelle,de,l'intelligence,l'émotionnelle,False,r_has_property-1,True,
l'intelligence d'embarquée,intelligence,embarquée,d',intelligence,embarquée,False,r_has_property-1,True,
une intelligence d'utilisée,intelligence,utilisée,d',intelligence,utilisée,False,r_has_property-1,True,
l'inntelligence d'admirée,inntelligence,admirée,d',inntelligence,admirée,False,r_has_property-1,True,
un intelligence de l'en anglais,un intelligence,l'en anglais,de,un intelligence,l'en anglai,False,r_has_property-1,True,
un intelligence de l'emotional,un intelligence,l'emotional,de,un intelligence,l'emotional,False,r_has_property-1,True,
la courage d'exceptionnel,courage,exceptionnel,d',courage,exceptionnel,False,r_has_property-1,True,
une courage de l'extraordinaire,une courage,l'extraordinaire,de,une courage,l'extraordinaire,False,r_has_property-1,True,
une courage de ladésirable,courage,ladésirable,de,courage,ladésirable,False,r_has_property-1,True,
une courage d'audacieux,courage,audacieux,d',courage,audacieu,False,r_has_property-1,True,
une courage de l'opposant,une courage,l'opposant,de,une courage,l'opposant,False,r_has_property-1,True,
une gentillesse de lagrande,gentillesse,lagrande,de,gentillesse,lagrande,False,r_has_property-1,True,
la sagesse de lapolitique,sagesse,lapolitique,de,sagesse,lapolitique,False,r_has_property-1,True,
une sagesse de ladésirable,sagesse,ladésirable,de,sagesse,ladésirable,False,r_has_property-1,True,
une  sagesse d'expérimenté,sagesse,expérimenté,d',sagesse,expérimenté,False,r_has_property-1,True,
la sagesse de lamesurée,sagesse,lamesurée,de,sagesse,lamesurée,False,r_has_property-1,True,
la sagesse de l'intemporelle,la sagesse,l'intemporelle,de,la sagesse,l'intemporelle,False,r_has_property-1,True,
une sagesse d'acquise,sagesse,acquise,d',sagesse,acquise,False,r_has_property-1,True,
une sagesse de laréfléchie,sagesse,laréfléchie,de,sagesse,laréfléchie,False,r_has_property-1,True,
le talent d'indéniable,talent,indéniable,d',talent,indéniable,False,r_has_property-1,True,
un talent de l'exceptionnel,un talent,l'exceptionnel,de,un talent,l'exceptionnel,False,r_has_property-1,True,
le talent de l'offensif,le talent,l'offensif,de,le talent,l'offensif,False,r_has_property-1,True,
un talènt d'eucaryote,talènt,eucaryote,d',talènt,eucaryote,False,r_has_property-1,True,
le talent de l'hétérotrophe,le talent,l'hétérotrophe,de,le talent,l'hétérotrophe,False,r_has_property-1,True,
le talent de lamédiocre,talent,lamédiocre,de,talent,lamédiocre,False,r_has_property-1,True,
un talent de lastratégique,talent,lastratégique,de,talent,lastratégique,False,r_has_property-1,True,
le talent de laremarquable,talent,laremarquable,de,talent,laremarquable,False,r_has_property-1,True,
lê talent d'endotherme,talent,endotherme,d',talent,endotherme,False,r_has_property-1,True,
le talent de latotale,talent,latotale,de,talent,latotale,False,r_has_property-1,True,
le  talent de labilatéralement symétrique,talent,labilatéralement symétrique,de,talent,labilatéralement symétrique,False,r_has_property-1,True,
le talent d'en or masif,talent,en or masif,d',talent,en or masif,False,r_has_property-1,True,
une livre de l'édition,une livre,l'édition,de,une livre,l'édition,False,r_topic,True,
la livre de laculture,livre,laculture,de,livre,laculture,False,r_topic,True,
la livre de lamonnaie,livre,lamonnaie,de,livre,lamonnaie,False,r_topic,True,
une livre de lalittérature,livre,lalittérature,de,livre,lalittérature,False,r_topic,True,
une livre de lacommerce,livre,lacommerce,de,livre,lacommerce,False,r_topic,True,
une livre de lalecture,livre,lalecture,de,livre,lalecture,False,r_topic,True,
la livre de lavie quotidienne,livre,lavie quotidienne,de,livre,lavie quotidienne,False,r_topic,True,
une livre de ladiplomatie,livre,ladiplomatie,de,livre,ladiplomatie,False,r_topic,True,
la livre de l'économie,la livre,l'économie,de,la livre,l'économie,False,r_topic,True,
la livre de l'unités de mesure,la livre de l'unités,mesure,de,la livre de l'unité,mesure,False,r_topic,True,
un film de laphotographie,film,laphotographie,de,film,laphotographie,False,r_topic,True,
le film d'art,film,art,d',film,art,False,r_topic,True,
un film d'ârts,film,ârts,d',film,ârt,False,r_topic,True,
un film de laphysique,film,laphysique,de,film,laphysique,False,r_topic,True,
le film de lachimie,film,lachimie,de,film,lachimie,False,r_topic,True,
le film de lavidéothèque,film,lavidéothèque,de,film,lavidéothèque,False,r_topic,True,
un film de l'alimentation,un film,l'alimentation,de,un film,l'alimentation,False,r_topic,True,
le film d'artistique,film,artistique,d',film,artistique,False,r_topic,True,
le film de lavie quotidienne,film,lavie quotidienne,de,film,lavie quotidienne,False,r_topic,True,
un film d'emballage,film,emballage,d',film,emballage,False,r_topic,True,
un film de l'écnomie,un film,l'écnomie,de,un film,l'écnomie,False,r_topic,True,
un film de l'Arts,un film,l'arts,de,un film,l'art,False,r_topic,True,
le film de l'artistic,le film,l'artistic,de,le film,l'artistic,False,r_topic,True,
le film de lachymie,film,lachymie,de,film,lachymie,False,r_topic,True,
un film de l'humanities,un film,l'humanities,de,un film,l'humanitie,False,r_topic,True,
lês cours de l'hydrographie,lês cours,l'hydrographie,de,lês cour,l'hydrographie,False,r_topic,True,
des cours d'hôtellerie,cours,hôtellerie,d',cour,hôtellerie,False,r_topic,True,
des cours de lamatière,cours,lamatière,de,cour,lamatière,False,r_topic,True,
les cours de l'hydrologie,les cours,l'hydrologie,de,les cour,l'hydrologie,False,r_topic,True,
les cours de lachimie,cours,lachimie,de,cour,lachimie,False,r_topic,True,
les cours de laphylogénie,cours,laphylogénie,de,cour,laphylogénie,False,r_topic,True,
des cours de lacommerce,cours,lacommerce,de,cour,lacommerce,False,r_topic,True,
des cours d'eau,cours,eau,d',cour,eau,False,r_topic,True,
les cours de l'enseignement,les cours,l'enseignement,de,les cour,l'enseignement,False,r_topic,True,
des cours de l'éducation,des cours,l'éducation,de,des cour,l'éducation,False,r_topic,True,
des cours d'architecture,cours,architecture,d',cour,architecture,False,r_topic,True,
dês cours d'urbanisme,cours,urbanisme,d',cour,urbanisme,False,r_topic,True,
des cours de l'économie,des cours,l'économie,de,des cour,l'économie,False,r_topic,True,
des cours ducours d'eau,ducours,eau,d',ducour,eau,False,r_topic,True,
les cours de lamarine,cours,lamarine,de,cour,lamarine,False,r_topic,True,
des cours d'éévolution,cours,éévolution,d',cour,éévolution,False,r_topic,True,
les cours de l'éducation nationale,les cours,l'éducation nationale,de,les cour,l'éducation nationale,False,r_topic,True,
les cours d'aménagement urbain,cours,aménagement urbain,d',cour,aménagement urbain,False,r_topic,True,
les cours de labiologie évolutive,cours,labiologie évolutive,de,cour,labiologie évolutive,False,r_topic,True,
les cours deministère de l'Éducation nationale,les cours deministère,l'éducation nationale,de,les cours deministère,l'éducation nationale,False,r_topic,True,
des cours deministère de l'éducation,des cours deministère,l'éducation,de,des cours deministère,l'éducation,False,r_topic,True,
des cours d'Éducation nationale,cours,éducation nationale,d',cour,éducation nationale,False,r_topic,True,
les cours deministère de l'Éducation,les cours deministère,l'éducation,de,les cours deministère,l'éducation,False,r_topic,True,
l'article de lapresse,article,lapresse,de,article,lapresse,False,r_topic,True,
un article de lalingistique,article,lalingistique,de,article,lalingistique,False,r_topic,True,
l'articlé de lapresse écrite,articlé,lapresse écrite,de,articlé,lapresse écrite,False,r_topic,True,
un article de lajournalisme,article,lajournalisme,de,article,lajournalisme,False,r_topic,True,
une article de l'entomologie,une article,l'entomologie,de,une article,l'entomologie,False,r_topic,True,
l'article de lagrammaaire,article,lagrammaaire,de,article,lagrammaaire,False,r_topic,True,
l'article d'anatomie,article,anatomie,d',article,anatomie,False,r_topic,True,
un article de lazoologie,article,lazoologie,de,article,lazoologie,False,r_topic,True,
un  article d'économie,article,économie,d',article,économie,False,r_topic,True,
une article de laLinguistique,article,lalinguistique,de,article,lalinguistique,False,r_topic,True,
l'article de laGrammaire,article,lagrammaire,de,article,lagrammaire,False,r_topic,True,
un article de lamédias de masse,un article de lamédias,masse,de,un article de lamédia,masse,False,r_topic,True,
une article de laMédias de masse,une article de lamédias,masse,de,une article de lamédia,masse,False,r_topic,True,
un article deMédia de masse,demédia,masse,de,demédia,masse,False,r_topic,True,
une these de lamusique,these,lamusique,de,these,lamusique,False,r_topic,True,
une these de l'orthodontie,une these,l'orthodontie,de,une these,l'orthodontie,False,r_topic,True,
l'etude de labiologie,etude,labiologie,de,etude,labiologie,False,r_topic,True,
une etude de lamusique,etude,lamusique,de,etude,lamusique,False,r_topic,True,
un etude de laMédecine,etude,lamédecine,de,etude,lamédecine,False,r_topic,True,
la recherche de l'Histoire,la recherche,l'histoire,de,la recherche,l'histoire,False,r_topic,True,
une recherche de l'art,une recherche,l'art,de,une recherche,l'art,False,r_topic,True,
une recherche d'arts,recherche,arts,d',recherche,art,False,r_topic,True,
la recherche de lapsychologie,recherche,lapsychologie,de,recherche,lapsychologie,False,r_topic,True,
une recherche d'astronomie,recherche,astronomie,d',recherche,astronomie,False,r_topic,True,
une recherche de laphilosphie,recherche,laphilosphie,de,recherche,laphilosphie,False,r_topic,True,
la recherche de larecherche scientifique,recherche,larecherche scientifique,de,recherche,larecherche scientifique,False,r_topic,True,
le tableau de laverlaine,tableau,laverlaine,de,tableau,laverlaine,False,r_product_of,True,
le tableau de lacurie,tableau,lacurie,de,tableau,lacurie,False,r_product_of,True,
un tableau de lacezanne,tableau,lacezanne,de,tableau,lacezanne,False,r_product_of,True,
un tableau de l'hitchcock,un tableau,l'hitchcock,de,un tableau,l'hitchcock,False,r_product_of,True,
un tableau d'hitchcock,tableau,hitchcock,d',tableau,hitchcock,False,r_product_of,True,
le tableau de l'edison,le tableau,l'edison,de,le tableau,l'edison,False,r_product_of,True,
un tableau d'edison,tableau,edison,d',tableau,edison,False,r_product_of,True,
le tableau de l'apollinaire,le tableau,l'apollinaire,de,le tableau,l'apollinaire,False,r_product_of,True,
un tableau d'apollinaire,tableau,apollinaire,d',tableau,apollinaire,False,r_product_of,True,
un tableau de lasartre,tableau,lasartre,de,tableau,lasartre,False,r_product_of,True,
la livre de lamallarme,livre,lamallarme,de,livre,lamallarme,False,r_product_of,True,
une livre de labaudelaire,livre,labaudelaire,de,livre,labaudelaire,False,r_product_of,True,
la livre de l'hugo,la livre,l'hugo,de,la livre,l'hugo,False,r_product_of,True,
une livre d'hugo,livre,hugo,d',livre,hugo,False,r_product_of,True,
la livre de l'einstein,la livre,l'einstein,de,la livre,l'einstein,False,r_product_of,True,
la livre d'einstein,livre,einstein,d',livre,einstein,False,r_product_of,True,
le film de lamallarme,film,lamallarme,de,film,lamallarme,False,r_product_of,True,
le film de l'hitchcock,le film,l'hitchcock,de,le film,l'hitchcock,False,r_product_of,True,
un film d'hitchcock,film,hitchcock,d',film,hitchcock,False,r_product_of,True,
le film de lacezanne,film,lacezanne,de,film,lacezanne,False,r_product_of,True,
un chaanson de l'handel,un chaanson,l'handel,de,un chaanson,l'handel,False,r_product_of,True,
un chanson d'handel,chanson,handel,d',chanson,handel,False,r_product_of,True,
un chanson de laallarme,chanson,laallarme,de,chanson,laallarme,False,r_product_of,True,
la poeme de l'hugo,la poeme,l'hugo,de,la poeme,l'hugo,False,r_product_of,True,
la poeme d'hugo,poeme,hugo,d',poeme,hugo,False,r_product_of,True,
une poeme d'handel,poeme,handel,d',poeme,handel,False,r_product_of,True,
un miroir de labronze,miroir,labronze,de,miroir,labronze,False,r_objet>matiere,True,
un miroir de lacuivre,miroir,lacuivre,de,miroir,lacuivre,False,r_objet>matiere,True,
un miroir de l'aluminium,un miroir,l'aluminium,de,un miroir,l'aluminium,False,r_objet>matiere,True,
un miroir d'aluminium,miroir,aluminium,d',miroir,aluminium,False,r_objet>matiere,True,
le miroir de l'or de coquille,le miroir de l'or,coquille,de,le miroir de l'or,coquille,False,r_objet>matiere,True,
un miroir d'or de coquille,un miroir d'or,coquille,de,un miroir d'or,coquille,False,r_objet>matiere,True,
un miroir de lamonnaie,miroir,lamonnaie,de,miroir,lamonnaie,False,r_objet>matiere,True,
un  miroir de laformidable,miroir,laformidable,de,miroir,laformidable,False,r_objet>matiere,True,
un miroir de lanacre,miroir,lanacre,de,miroir,lanacre,False,r_objet>matiere,True,
un miroir de latitne,miroir,latitne,de,miroir,latitne,False,r_objet>matiere,True,
un escalier de labronze,escalier,labronze,de,escalier,labronze,False,r_objet>matiere,True,
l'escalier de lacuivre,escalier,lacuivre,de,escalier,lacuivre,False,r_objet>matiere,True,
un escalier de l'aluminium,un escalier,l'aluminium,de,un escalier,l'aluminium,False,r_objet>matiere,True,
l'escalier d'aluminium,escalier,aluminium,d',escalier,aluminium,False,r_objet>matiere,True,
l'escalier de l'or de coquille,l'escalier de l'or,coquille,de,l'escalier de l'or,coquille,False,r_objet>matiere,True,
l'escalier d'or de coquille,l'escalier d'or,coquille,de,l'escalier d'or,coquille,False,r_objet>matiere,True,
l'escalier de lamonnaie,escalier,lamonnaie,de,escalier,lamonnaie,False,r_objet>matiere,True,
un escalier de laformidable,escalier,laformidable,de,escalier,laformidable,False,r_objet>matiere,True,
l'escalier de lanacre,escalier,lanacre,de,escalier,lanacre,False,r_objet>matiere,True,
une escalier de latitane,escalier,latitane,de,escalier,latitane,False,r_objet>matiere,True,
une poele de labronze,poele,labronze,de,poele,labronze,False,r_objet>matiere,True,
la poèle de lacuivre,poèle,lacuivre,de,poèle,lacuivre,False,r_objet>matiere,True,
une poele de l'aluminium,une poele,l'aluminium,de,une poele,l'aluminium,False,r_objet>matiere,True,
la poele d'aluminium,poele,aluminium,d',poele,aluminium,False,r_objet>matiere,True,
une poele de l'or de coquille,une poele de l'or,coquille,de,une poele de l'or,coquille,False,r_objet>matiere,True,
une poele d'or de coquille,une poele d'or,coquille,de,une poele d'or,coquille,False,r_objet>matiere,True,
une poele de lamonnaie,poele,lamonnaie,de,poele,lamonnaie,False,r_objet>matiere,True,
la poele de laformidable,poele,laformidable,de,poele,laformidable,False,r_objet>matiere,True,
la poele de lanacre,poele,lanacre,de,poele,lanacre,False,r_objet>matiere,True,
la poele de latitane,poele,latitane,de,poele,latitane,False,r_objet>matiere,True,
une  theiere de labronze,theiere,labronze,de,theiere,labronze,False,r_objet>matiere,True,
la theiere de lacuivre,theiere,lacuivre,de,theiere,lacuivre,False,r_objet>matiere,True,
une theiere d'aluminium,theiere,aluminium,d',theiere,aluminium,False,r_objet>matiere,True,
la theiere de l'or de coquille,la theiere de l'or,coquille,de,la theiere de l'or,coquille,False,r_objet>matiere,True,
la theiere d'or de coquille,la theiere d'or,coquille,de,la theiere d'or,coquille,False,r_objet>matiere,True,
la theiere de lamonnaie,theiere,lamonnaie,de,theiere,lamonnaie,False,r_objet>matiere,True,
la theiere de laformidable,theiere,laformidable,de,theiere,laformidable,False,r_objet>matiere,True,
la theiere de lanacre,theiere,lanacre,de,theiere,lanacre,False,r_objet>matiere,True,
une theiere de latitane,theiere,latitane,de,theiere,latitane,False,r_objet>matiere,True,
un drap de labronze,drap,labronze,de,drap,labronze,False,r_objet>matiere,True,
le drap de lacuivre,drap,lacuivre,de,drap,lacuivre,False,r_objet>matiere,True,
un drap de l'aluminium,un drap,l'aluminium,de,un drap,l'aluminium,False,r_objet>matiere,True,
un drap d'aluminium,drap,aluminium,d',drap,aluminium,False,r_objet>matiere,True,
un drap de l'or de coquille,un drap de l'or,coquille,de,un drap de l'or,coquille,False,r_objet>matiere,True,
le drap d'or de coquille,le drap d'or,coquille,de,le drap d'or,coquille,False,r_objet>matiere,True,
un drap de lamonnaie,drap,lamonnaie,de,drap,lamonnaie,False,r_objet>matiere,True,
le drap de laformidable,drap,laformidable,de,drap,laformidable,False,r_objet>matiere,True,
le drap de lanacre,drap,lanacre,de,drap,lanacre,False,r_objet>matiere,True,
le drap de latitane,drap,latitane,de,drap,latitane,False,r_objet>matiere,True,
un vin de laflorence,vin,laflorence,de,vin,laflorence,False,r_lieu>origine,True,
le vin de l'aquitaine bigorre,le vin,l'aquitaine bigorre,de,le vin,l'aquitaine bigorre,False,r_lieu>origine,True,
le vin d'aquitaine bigorre,vin,aquitaine bigorre,d',vin,aquitaine bigorre,False,r_lieu>origine,True,
un vin de lagascogne,vin,lagascogne,de,vin,lagascogne,False,r_lieu>origine,True,
un vin de larussie,vin,larussie,de,vin,larussie,False,r_lieu>origine,True,
le vin de l'europe,le vin,l'europe,de,le vin,l'europe,False,r_lieu>origine,True,
un vin d'europe,vin,europe,d',vin,europe,False,r_lieu>origine,True,
un vin de lauisse,vin,lauisse,de,vin,lauisse,False,r_lieu>origine,True,
le vin de lalille,vin,lalille,de,vin,lalille,False,r_lieu>origine,True,
une fromage de laflorence,fromage,laflorence,de,fromage,laflorence,False,r_lieu>origine,True,
la fromage de l'aquitaine bigorre,la fromage,l'aquitaine bigorre,de,la fromage,l'aquitaine bigorre,False,r_lieu>origine,True,
une fromage d'aquitaine bigorre,fromage,aquitaine bigorre,d',fromage,aquitaine bigorre,False,r_lieu>origine,True,
une fromage de lagascogne,fromage,lagascogne,de,fromage,lagascogne,False,r_lieu>origine,True,
la fromagê de larussie,fromagê,larussie,de,fromagê,larussie,False,r_lieu>origine,True,
la fromage de l'europe,la fromage,l'europe,de,la fromage,l'europe,False,r_lieu>origine,True,
une fromage d'europe,fromage,europe,d',fromage,europe,False,r_lieu>origine,True,
la fromage de lasuisse,fromage,lasuisse,de,fromage,lasuisse,False,r_lieu>origine,True,
une fromage de lalille,fromage,lalille,de,fromage,lalille,False,r_lieu>origine,True,
un chocolat de laflorence,chocolat,laflorence,de,chocolat,laflorence,False,r_lieu>origine,True,
le chocolat de l'aquitaine bigorre,le chocolat,l'aquitaine bigorre,de,le chocolat,l'aquitaine bigorre,False,r_lieu>origine,True,
un chocolat d'aquitaine bigorre,chocolat,aquitaine bigorre,d',chocolat,aquitaine bigorre,False,r_lieu>origine,True,
un chocolat de lagascogne,chocolat,lagascogne,de,chocolat,lagascogne,False,r_lieu>origine,True,
le chocolat de larussie,chocolat,larussie,de,chocolat,larussie,False,r_lieu>origine,True,
le chocolat de l'europe,le chocolat,l'europe,de,le chocolat,l'europe,False,r_lieu>origine,True,
un chocolat d'éurope,chocolat,éurope,d',chocolat,éurope,False,r_lieu>origine,True,
un chocolat de lasuisse,chocolat,lasuisse,de,chocolat,lasuisse,False,r_lieu>origine,True,
le chocolat de lalille,chocolat,lalille,de,chocolat,lalille,False,r_lieu>origine,True,
un parfum de laflorence,parfum,laflorence,de,parfum,laflorence,False,r_lieu>origine,True,
un parfum de l'aquitaine bigorre,un parfum,l'aquitaine bigorre,de,un parfum,l'aquitaine bigorre,False,r_lieu>origine,True,
un parffum d'aquitaine bigorre,parffum,aquitaine bigorre,d',parffum,aquitaine bigorre,False,r_lieu>origine,True,
un parfum de lagascogne,parfum,lagascogne,de,parfum,lagascogne,False,r_lieu>origine,True,
le parfum de larussie,parfum,larussie,de,parfum,larussie,False,r_lieu>origine,True,
un parfum de l'europe,un parfum,l'europe,de,un parfum,l'europe,False,r_lieu>origine,True,
un parfum d'europe,parfum,europe,d',parfum,europe,False,r_lieu>origine,True,
un parfum de lasuisse,parfum,lasuisse,de,parfum,lasuisse,False,r_lieu>origine,True,
un parfum de lalille,parfum,lalille,de,parfum,lalille,False,r_lieu>origine,True,
la voiture de laflorence,voiture,laflorence,de,voiture,laflorence,False,r_lieu>origine,True,
la voiture de l'aquitaine bigorre,la voiture,l'aquitaine bigorre,de,la voiture,l'aquitaine bigorre,False,r_lieu>origine,True,
une voiture d'aquitaine bigorre,voiture,aquitaine bigorre,d',voiture,aquitaine bigorre,False,r_lieu>origine,True,
une voiture de lagascogne,voiture,lagascogne,de,voiture,lagascogne,False,r_lieu>origine,True,
la voiture de larussie,voiture,larussie,de,voiture,larussie,False,r_lieu>origine,True,
la voiture de l'europe,la voiture,l'europe,de,la voiture,l'europe,False,r_lieu>origine,True,
une voiture d'europe,voiture,europe,d',voiture,europe,False,r_lieu>origine,True,
une voiture de lasuisse,voiture,lasuisse,de,voiture,lasuisse,False,r_lieu>origine,True,
une voiture de lalille,voiture,lalille,de,voiture,lalille,False,r_lieu>origine,True,
la livre de l'enhydre,la livre,l'enhydre,de,la livre,l'enhydre,False,r_own-1,True,
la livre d'enhydre,livre,enhydre,d',livre,enhydre,False,r_own-1,True,
la  livre de lacatherine,livre,lacatherine,de,livre,lacatherine,False,r_own-1,True,
la livre de lamartine,livre,lamartine,de,livre,lamartine,False,r_own-1,True,
une livre de l'atmosphère,une livre,l'atmosphère,de,une livre,l'atmosphère,False,r_own-1,True,
la livre d'atmosphère,livre,atmosphère,d',livre,atmosphère,False,r_own-1,True,
une livre de laclaire,livre,laclaire,de,livre,laclaire,False,r_own-1,True,
la livre de lamonique,livre,lamonique,de,livre,lamonique,False,r_own-1,True,
la livre de l'artiste,la livre,l'artiste,de,la livre,l'artiste,False,r_own-1,True,
la livre d'artiste,livre,artiste,d',livre,artiste,False,r_own-1,True,
la livre de laclaude,livre,laclaude,de,livre,laclaude,False,r_own-1,True,
la voiture de l'enhydre,la voiture,l'enhydre,de,la voiture,l'enhydre,False,r_own-1,True,
la voiture d'enhydre,voiture,enhydre,d',voiture,enhydre,False,r_own-1,True,
une voiture de lacatherine,voiture,lacatherine,de,voiture,lacatherine,False,r_own-1,True,
la voiture de lamartine,voiture,lamartine,de,voiture,lamartine,False,r_own-1,True,
une voiture de l'atmosphère,une voiture,l'atmosphère,de,une voiture,l'atmosphère,False,r_own-1,True,
une voiture d'atmosphère,voiture,atmosphère,d',voiture,atmosphère,False,r_own-1,True,
la voiture de laclaire,voiture,laclaire,de,voiture,laclaire,False,r_own-1,True,
une voiture de lamonique,voiture,lamonique,de,voiture,lamonique,False,r_own-1,True,
la voiture de l'artiste,la voiture,l'artiste,de,la voiture,l'artiste,False,r_own-1,True,
une voiture d'artiste,voiture,artiste,d',voiture,artiste,False,r_own-1,True,
unê voiture de laclaude,voiture,laclaude,de,voiture,laclaude,False,r_own-1,True,
le maison de l'enhydre,le maison,l'enhydre,de,le maison,l'enhydre,False,r_own-1,True,
un maison d'enhydre,maison,enhydre,d',maison,enhydre,False,r_own-1,True,
le maison de lacatherine,maison,lacatherine,de,maison,lacatherine,False,r_own-1,True,
un maison de lamartine,maison,lamartine,de,maison,lamartine,False,r_own-1,True,
le maison de l'atmosphère,le maison,l'atmosphère,de,le maison,l'atmosphère,False,r_own-1,True,
le maison d'atmosphère,maison,atmosphère,d',maison,atmosphère,False,r_own-1,True,
un maison de laclaire,maison,laclaire,de,maison,laclaire,False,r_own-1,True,
un maison de lamonique,maison,lamonique,de,maison,lamonique,False,r_own-1,True,
le maison de l'artiste,le maison,l'artiste,de,le maison,l'artiste,False,r_own-1,True,
un maison d'artiste,maison,artiste,d',maison,artiste,False,r_own-1,True,
le maison de laclaude,maison,laclaude,de,maison,laclaude,False,r_own-1,True,
le chien de l'enhydre,le chien,l'enhydre,de,le chien,l'enhydre,False,r_own-1,True,
le chien d'nhydre,chien,nhydre,d',chien,nhydre,False,r_own-1,True,
le chien de lacatherine,chien,lacatherine,de,chien,lacatherine,False,r_own-1,True,
le chien de laartine,chien,laartine,de,chien,laartine,False,r_own-1,True,
le chien de l'atmosphère,le chien,l'atmosphère,de,le chien,l'atmosphère,False,r_own-1,True,
le chien d'atmosphère,chien,atmosphère,d',chien,atmosphère,False,r_own-1,True,
un chien de laclaire,chien,laclaire,de,chien,laclaire,False,r_own-1,True,
le chien de lamonique,chien,lamonique,de,chien,lamonique,False,r_own-1,True,
le chien de l'artiste,le chien,l'artiste,de,le chien,l'artiste,False,r_own-1,True,
un chieen d'artiste,chieen,artiste,d',chieen,artiste,False,r_own-1,True,
le chien de laclaude,chien,laclaude,de,chien,laclaude,False,r_own-1,True,
le  chat de l'enhydre,le chat,l'enhydre,de,le chat,l'enhydre,False,r_own-1,True,
un chat d'enhydre,chat,enhydre,d',chat,enhydre,False,r_own-1,True,
le chat de lacatherine,chat,lacatherine,de,chat,lacatherine,False,r_own-1,True,
un chat de lamartine,chat,lamartine,de,chat,lamartine,False,r_own-1,True,
le chat de l'atmosphère,le chat,l'atmosphère,de,le chat,l'atmosphère,False,r_own-1,True,
le  chat d'atmosphère,chat,atmosphère,d',chat,atmosphère,False,r_own-1,True,
un chat de laclaire,chat,laclaire,de,chat,laclaire,False,r_own-1,True,
un chat de lamonique,chat,lamonique,de,chat,lamonique,False,r_own-1,True,
un chat de l'artiste,un chat,l'artiste,de,un chat,l'artiste,False,r_own-1,True,
un cchat d'artiste,cchat,artiste,d',cchat,artiste,False,r_own-1,True,
le chat de laclaude,chat,laclaude,de,chat,laclaude,False,r_own-1,True,
le velo de l'enhydre,le velo,l'enhydre,de,le velo,l'enhydre,False,r_own-1,True,
le velo d'enhydre,velo,enhydre,d',velo,enhydre,False,r_own-1,True,
un velo de lacatherine,velo,lacatherine,de,velo,lacatherine,False,r_own-1,True,
un velo de lamartine,velo,lamartine,de,velo,lamartine,False,r_own-1,True,
le velo de l'atmosphère,le velo,l'atmosphère,de,le velo,l'atmosphère,False,r_own-1,True,
un velo d'atmosphère,velo,atmosphère,d',velo,atmosphère,False,r_own-1,True,
un velo de laclaire,velo,laclaire,de,velo,laclaire,False,r_own-1,True,
le  velo de lamonique,velo,lamonique,de,velo,lamonique,False,r_own-1,True,
le velo de l'artiste,le velo,l'artiste,de,le velo,l'artiste,False,r_own-1,True,
un velo d'artiste,velo,artiste,d',velo,artiste,False,r_own-1,True,
un velo de laclaude,velo,laclaude,de,velo,laclaude,False,r_own-1,True,
une telephone de l'enhydre,une telephone,l'enhydre,de,une telephone,l'enhydre,False,r_own-1,True,
la telephone d'enhydre,telephone,enhydre,d',telephone,enhydre,False,r_own-1,True,
une telephone de lacatherine,telephone,lacatherine,de,telephone,lacatherine,False,r_own-1,True,
une telephone de lamartine,telephone,lamartine,de,telephone,lamartine,False,r_own-1,True,
des parents d'élèves de l'ecrivain,des parents d'élèves,l'ecrivain,de,des parents d'élève,l'ecrivain,False,r_social_tie,True,
des parents d'élèves d'ecrivain,parents,élèves,d',parent,élève,False,r_social_tie,True,
des parents délèves de laclaire,délèves,laclaire,de,délève,laclaire,False,r_social_tie,True,
les parents d'élèves declaire,parents,élèves declaire,d',parent,élèves declaire,False,r_social_tie,True,
les parents d'élèves de laveronique,les parents d'élèves,laveronique,de,les parents d'élève,laveronique,False,r_social_tie,True,
des parents d'élèves deveronique,parents,élèves deveronique,d',parent,élèves deveronique,False,r_social_tie,True,
lés parents d'élèves dulucas,parents,élèves dulucas,d',parent,élèves duluca,False,r_social_tie,True,
les parents d'élèves delucas,parents,élèves delucas,d',parent,élèves deluca,False,r_social_tie,True,
des parents d'élèves de lapierre de touche,des parents d'élèves de lapierre,touche,de,des parents d'élèves de lapierre,touche,False,r_social_tie,True,
des parents d'élèves depierr de touche,des parents d'élèves depierr,touche,de,des parents d'élèves depierr,touche,False,r_social_tie,True,
les parents d'élèves dupaul,parents,élèves dupaul,d',parent,élèves dupaul,False,r_social_tie,True,
des parents d'élèves depaul,parents,élèves depaul,d',parent,élèves depaul,False,r_social_tie,True,
les parents d'élèves de laguillaume,les parents d'élèves,laguillaume,de,les parents d'élève,laguillaume,False,r_social_tie,True,
les  parents d'élèves deguillaume,parents,élèves deguillaume,d',parent,élèves deguillaume,False,r_social_tie,True,
les parents d'élèves dujulien,parents,élèves dujulien,d',parent,élèves dujulien,False,r_social_tie,True,
les parents d'élèves dejulien,parents,élèves dejulien,d',parent,élèves dejulien,False,r_social_tie,True,
les parents d'élèves de labrigitte,les parents d'élèves,labrigitte,de,les parents d'élève,labrigitte,False,r_social_tie,True,
les parents d'élèves debrigitte,parents,élèves debrigitte,d',parent,élèves debrigitte,False,r_social_tie,True,
des parents d'élèves de l'isabelle,des parents d'élèves,l'isabelle,de,des parents d'élève,l'isabelle,False,r_social_tie,True,
un neveu de l'ecrivain,un neveu,l'ecrivain,de,un neveu,l'ecrivain,False,r_social_tie,True,
un neveu d'ecrivain,neveu,ecrivain,d',neveu,ecrivain,False,r_social_tie,True,
un neveu de laclaire,neveu,laclaire,de,neveu,laclaire,False,r_social_tie,True,
le neveu de laveronique,neveu,laveronique,de,neveu,laveronique,False,r_social_tie,True,
un neveu de lapierre de touche,un neveu de lapierre,touche,de,un neveu de lapierre,touche,False,r_social_tie,True,
le neveu depierre de touche,depierre,touche,de,depierre,touche,False,r_social_tie,True,
le neveu de laguillaume,neveu,laguillaume,de,neveu,laguillaume,False,r_social_tie,True,
un  neveu de labrigitte,neveu,labrigitte,de,neveu,labrigitte,False,r_social_tie,True,
le neveu de l'isabelle,le neveu,l'isabelle,de,le neveu,l'isabelle,False,r_social_tie,True,
le neveu d'isabelle,neveu,isabelle,d',neveu,isabelle,False,r_social_tie,True,
un avocat de l'ecrivain,un avocat,l'ecrivain,de,un avocat,l'ecrivain,False,r_social_tie,True,
uneavocat d'ecrivain,uneavocat,ecrivain,d',uneavocat,ecrivain,False,r_social_tie,True,
une avocat de laveronique,avocat,laveronique,de,avocat,laveronique,False,r_social_tie,True,
l'avocat de lapierre de touche,l'avocat de lapierre,touche,de,l'avocat de lapierre,touche,False,r_social_tie,True,
une avocat de laguillaume,avocat,laguillaume,de,avocat,laguillaume,False,r_social_tie,True,
une avocat de labrigitte,avocat,labrigitte,de,avocat,labrigitte,False,r_social_tie,True,
une avocat de l'isabelle,une avocat,l'isabelle,de,une avocat,l'isabelle,False,r_social_tie,True,
une avocat d'isabelle,avocat,isabelle,d',avocat,isabelle,False,r_social_tie,True,
des pere à cotisations définies de l'ecrivain,des pere à cotisations définies,l'ecrivain,de,des pere à cotisations définie,l'ecrivain,False,r_social_tie,True,
les pere à cotisations définies d'ecrivain,définies,ecrivain,d',définie,ecrivain,False,r_social_tie,True,
les pere à cotisations définies de laclaire,définies,laclaire,de,définie,laclaire,False,r_social_tie,True,
les pere à cotisations définies de laveronique,définies,laveronique,de,définie,laveronique,False,r_social_tie,True,
lês pere à cotisations définies de lapierre de touche,lês pere à cotisations définies de lapierre,touche,de,lês pere à cotisations définies de lapierre,touche,False,r_social_tie,True,
les pere à cotisations définies de laguillaume,définies,laguillaume,de,définie,laguillaume,False,r_social_tie,True,
les pere à cotisations définies de labrigitte,définies,labrigitte,de,définie,labrigitte,False,r_social_tie,True,
les pere à cotisations définies de l'isabele,les pere à cotisations définies,l'isabele,de,les pere à cotisations définie,l'isabele,False,r_social_tie,True,
les pere à cotisations définies d'isabelle,définies,isabelle,d',définie,isabelle,False,r_social_tie,True,
une tante de l'ecrivain,une tante,l'ecrivain,de,une tante,l'ecrivain,False,r_social_tie,True,
une tante d'ecrivain,tante,ecrivain,d',tante,ecrivain,False,r_social_tie,True,
la tante de laclaire,tante,laclaire,de,tante,laclaire,False,r_social_tie,True,
la tante de laveronique,tante,laveronique,de,tante,laveronique,False,r_social_tie,True,
une tante de lapierre de touche,une tante de lapierre,touche,de,une tante de lapierre,touche,False,r_social_tie,True,
une tante de laguillaume,tante,laguillaume,de,tante,laguillaume,False,r_social_tie,True,
la tante de labrigitte,tante,labrigitte,de,tante,labrigitte,False,r_social_tie,True,
une tante de l'isabelle,une tante,l'isabelle,de,une tante,l'isabelle,False,r_social_tie,True,
une tante d'isabelle,tante,isabelle,d',tante,isabelle,False,r_social_tie,True,
une eleve de l'ecrivain,une eleve,l'ecrivain,de,une eleve,l'ecrivain,False,r_social_tie,True,
un eleve d'ecrivain,eleve,ecrivain,d',eleve,ecrivain,False,r_social_tie,True,
une eleve de laclaire,eleve,laclaire,de,eleve,laclaire,False,r_social_tie,True,
l'eleve de laveronique,eleve,laveronique,de,eleve,laveronique,False,r_social_tie,True,
l'eleve de lapierre de touche,l'eleve de lapierre,touche,de,l'eleve de lapierre,touche,False,r_social_tie,True,
une elev de laguillaume,elev,laguillaume,de,elev,laguillaume,False,r_social_tie,True,
l'eleve de labrigitte,eleve,labrigitte,de,eleve,labrigitte,False,r_social_tie,True,
l'êleve de l'isabelle,l'êleve,l'isabelle,de,l'êleve,l'isabelle,False,r_social_tie,True,
l'eleve d'isabelle,eleve,isabelle,d',eleve,isabelle,False,r_social_tie,True,
un fournisseur de l'ecrivain,un fournisseur,l'ecrivain,de,un fournisseur,l'ecrivain,False,r_social_tie,True,
le fournisseur d'ecrivain,fournisseur,ecrivain,d',fournisseur,ecrivain,False,r_social_tie,True,
le fournisseur de laclaire,fournisseur,laclaire,de,fournisseur,laclaire,False,r_social_tie,True,
le fournisseur de laveronique,fournisseur,laveronique,de,fournisseur,laveronique,False,r_social_tie,True,
un fournisseur de lapierre de touche,un fournisseur de lapierre,touche,de,un fournisseur de lapierre,touche,False,r_social_tie,True,
un fournisseur de laguillaume,fournisseur,laguillaume,de,fournisseur,laguillaume,False,r_social_tie,True,
le fournisseur de labrigitte,fournisseur,labrigitte,de,fournisseur,labrigitte,False,r_social_tie,True,
un fournisseur de l'isabelle,un fournisseur,l'isabelle,de,un fournisseur,l'isabelle,False,r_social_tie,True,
le fournisseur d'isabelle,fournisseur,isabelle,d',fournisseur,isabelle,False,r_social_tie,True,
une notaire de l'ecrivain,une notaire,l'ecrivain,de,une notaire,l'ecrivain,False,r_social_tie,True,
une notaire d'ecrivain,notaire,ecrivain,d',notaire,ecrivain,False,r_social_tie,True,
la notaire de laclaire,notaire,laclaire,de,notaire,laclaire,False,r_social_tie,True,
une notaire de laveronique,notaire,laveronique,de,notaire,laveronique,False,r_social_tie,True,
la notaire de lapierre de touche,la notaire de lapierre,touche,de,la notaire de lapierre,touche,False,r_social_tie,True,
la douzaine de labiere,douzaine,labiere,de,douzaine,labiere,False,r_quantificateur,True,
une douzaine de labrioche,douzaine,labrioche,de,douzaine,labrioche,False,r_quantificateur,True,
la douzaine de l'argent,la douzaine,l'argent,de,la douzaine,l'argent,False,r_quantificateur,True,
la douzaine d'argent,douzaine,argent,d',douzaine,argent,False,r_quantificateur,True,
un paquet de labrioche,paquet,labrioche,de,paquet,labrioche,False,r_quantificateur,True,
un paquet de lasalade,paquet,lasalade,de,paquet,lasalade,False,r_quantificateur,True,
le paquet de lamonnaie,paquet,lamonnaie,de,paquet,lamonnaie,False,r_quantificateur,True,
le paquet de lathe,paquet,lathe,de,paquet,lathe,False,r_quantificateur,True,
un vitrail de l'amandes,un vitrail,l'amandes,de,un vitrail,l'amande,False,r_quantificateur,True,
lé vitrail d'amandes,vitrail,amandes,d',vitrail,amande,False,r_quantificateur,True,
un vitrail de l'oranges,un vitrail,l'oranges,de,un vitrail,l'orange,False,r_quantificateur,True,
un vitrail d'oranges,vitrail,oranges,d',vitrail,orange,False,r_quantificateur,True,
le vitrail de lafarine,vitrail,lafarine,de,vitrail,lafarine,False,r_quantificateur,True,
les tas de  lathe,tas,lathe,de,ta,lathe,False,r_quantificateur,True,
des tas de l'oranges,des tas,l'oranges,de,des ta,l'orange,False,r_quantificateur,True,
dês tas d'oranges,tas,oranges,d',ta,orange,False,r_quantificateur,True,
la pincee de lmonnaie,pincee,lmonnaie,de,pincee,lmonnaie,False,r_quantificateur,True,
la pincee de l'eau,la pincee,l'eau,de,la pincee,l'eau,False,r_quantificateur,True,
une pincee d'eau,pincee,eau,d',pincee,eau,False,r_quantificateur,True,
la pincee de l'oranges,la pincee,l'oranges,de,la pincee,l'orange,False,r_quantificateur,True,
une pincee d'oranges,pincee,oranges,d',pincee,orange,False,r_quantificateur,True,
la pincee de labiere,pincee,labiere,de,pincee,labiere,False,r_quantificateur,True,
une pincee de lafarine,pincee,lafarine,de,pincee,lafarine,False,r_quantificateur,True,
la corbeille de lasable,corbeille,lasable,de,corbeille,lasable,False,r_quantificateur,True,
une corbeille de l'argent,une corbeille,l'argent,de,une corbeille,l'argent,False,r_quantificateur,True,
la corbeille d'argent,corbeille,argent,d',corbeille,argent,False,r_quantificateur,True,
la centimetre de labiere,centimetre,labiere,de,centimetre,labiere,False,r_quantificateur,True,
une centimetre de lasoupe,centimetre,lasoupe,de,centimetre,lasoupe,False,r_quantificateur,True,
une centimetre de laviande,centimetre,laviande,de,centimetre,laviande,False,r_quantificateur,True,
unè centimetre de lafarine,centimetre,lafarine,de,centimetre,lafarine,False,r_quantificateur,True,
la silicate de labiere,silicate,labiere,de,silicate,labiere,False,r_quantificateur,True,
la silicate de lascre,silicate,lascre,de,silicate,lascre,False,r_quantificateur,True,
les canevas de l'homme,les canevas,l'homme,de,les caneva,l'homme,False,r_depic,True,
des canevas d'homme,canevas,homme,d',caneva,homme,False,r_depic,True,
des canevas de l'ange,des canevas,l'ange,de,des caneva,l'ange,False,r_depic,True,
des cannevas d'ange,cannevas,ange,d',canneva,ange,False,r_depic,True,
des canevas de lafete,canevas,lafete,de,caneva,lafete,False,r_depic,True,
des canevas de l'ete,des canevas,l'ete,de,des caneva,l'ete,False,r_depic,True,
les canevas d'ete,canevas,ete,d',caneva,ete,False,r_depic,True,
des canevas de lapeche,canevas,lapeche,de,caneva,lapeche,False,r_depic,True,
les canevas de latempete,canevas,latempete,de,caneva,latempete,False,r_depic,True,
des canevas de labataille,canevas,labataille,de,caneva,labataille,False,r_depic,True,
des canevas de l'heros,des canevas,l'heros,de,des caneva,l'hero,False,r_depic,True,
des canevas d'heros,canevas,heros,d',caneva,hero,False,r_depic,True,
des canevas dulever de soleil,dulever,soleil,de,dulever,soleil,False,r_depic,True,
des canevas delever de soleil,delever,soleil,de,delever,soleil,False,r_depic,True,
une photographie de latempete,photographie,latempete,de,photographie,latempete,False,r_depic,True,
une photographie de lamontagne,photographie,lamontagne,de,photographie,lamontagne,False,r_depic,True,
la photographie de l'ete,la photographie,l'ete,de,la photographie,l'ete,False,r_depic,True,
une photographie d'ete,photographie,ete,d',photographie,ete,False,r_depic,True,
une photographie de lanoble,photographie,lanoble,de,photographie,lanoble,False,r_depic,True,
la photographie de l'automne,la photographie,l'automne,de,la photographie,l'automne,False,r_depic,True,
la photographie d'automne,photographie,automne,d',photographie,automne,False,r_depic,True,
unè photographie de labataille,photographie,labataille,de,photographie,labataille,False,r_depic,True,
une photographie de lafete,photographie,lafete,de,photographie,lafete,False,r_depic,True,
la photographie de l'ange,la photographie,l'ange,de,la photographie,l'ange,False,r_depic,True,
une photographie d'ange,photographie,ange,d',photographie,ange,False,r_depic,True,
une photographie de lapaysage,photographie,lapaysage,de,photographie,lapaysage,False,r_depic,True,
une avant-goût de latempete,goût,latempete,de,goût,latempete,False,r_depic,True,
un avant-goût de llamontagne,goût,llamontagne,de,goût,llamontagne,False,r_depic,True,
l'avant-goût de lachasse,goût,lachasse,de,goût,lachasse,False,r_depic,True,
une avant-goût de ladeesse,goût,ladeesse,de,goût,ladeesse,False,r_depic,True,
l'avant-goût de l'orage,l'avant-goût,l'orage,de,l'avant-goût,l'orage,False,r_depic,True,
un avant-goût d'orage,goût,orage,d',goût,orage,False,r_depic,True,
une avant-goût de lafemme,goût,lafemme,de,goût,lafemme,False,r_depic,True,
une avant-goût de lavierge,goût,lavierge,de,goût,lavierge,False,r_depic,True,
un avant-goût de lascene,goût,lascene,de,goût,lascene,False,r_depic,True,
l'avant-goût  ducoucher de soleil,ducoucher,soleil,de,ducoucher,soleil,False,r_depic,True,
l'avant-goût decoucher de soleil,decoucher,soleil,de,decoucher,soleil,False,r_depic,True,
un tableau de l'alexandre,un tableau,l'alexandre,de,un tableau,l'alexandre,False,r_depic,True,
le tableau d'alexandre,tableau,alexandre,d',tableau,alexandre,False,r_depic,True,
un taableau de lafete,taableau,lafete,de,taableau,lafete,False,r_depic,True,
un  tableau de ladeesse,tableau,ladeesse,de,tableau,ladeesse,False,r_depic,True,
un tableau de lanature,tableau,lanature,de,tableau,lanature,False,r_depic,True,
un tableau de lafemme,tableau,lafemme,de,tableau,lafemme,False,r_depic,True,
une papotage de l'animal,une papotage,l'animal,de,une papotage,l'animal,False,r_depic,True,
une papotage d'animal,papotage,animal,d',papotage,animal,False,r_depic,True,
une papotage de lamontagne,papotage,lamontagne,de,papotage,lamontagne,False,r_depic,True,
une papotage dullever de soleil,dullever,soleil,de,dullever,soleil,False,r_depic,True,
une papotage de l'heros,une papotage,l'heros,de,une papotage,l'hero,False,r_depic,True,
une papotage d'heros,papotage,heros,d',papotage,hero,False,r_depic,True,
une papotage de lavierge,papotage,lavierge,de,papotage,lavierge,False,r_depic,True,
une ppapotage de lafemme,ppapotage,lafemme,de,ppapotage,lafemme,False,r_depic,True,
une papotage de latempete,papotage,latempete,de,papotage,latempete,False,r_depic,True,
un pan de l'homme,un pan,l'homme,de,un pan,l'homme,False,r_depic,True,
le pan d'homme,pan,homme,d',pan,homme,False,r_depic,True,
le pan de llatempete,pan,llatempete,de,pan,llatempete,False,r_depic,True,
un pan de lamariage,pan,lamariage,de,pan,lamariage,False,r_depic,True,
un pan de lanoble,pan,lanoble,de,pan,lanoble,False,r_depic,True,
le pan de ladeesse,pan,ladeesse,de,pan,ladeesse,False,r_depic,True,
un pan de lareine,pan,lareine,de,pan,lareine,False,r_depic,True,
le pan de l'heros,le pan,l'heros,de,le pan,l'hero,False,r_depic,True,
un pan d'heros,pan,heros,d',pan,hero,False,r_depic,True,
la figurine de lapersonnage,figurine,lapersonnage,de,figurine,lapersonnage,False,r_depic,True,
la figuriné de l'ange,la figuriné,l'ange,de,la figuriné,l'ange,False,r_depic,True,
une dommage par une particule isolée de lafatigue,isolée,lafatigue,de,isolée,lafatigue,False,r_has_causatif,True,
une dommage par une particule isolée de l'insomnie,une dommage par une particule isolée,l'insomnie,de,une dommage par une particule isolée,l'insomnie,False,r_has_causatif,True,
la dommage par une particule isolée d'insomnie,isolée,insomnie,d',isolée,insomnie,False,r_has_causatif,True,
la dommage par une particule isolée de laseisme,isolée,laseisme,de,isolée,laseisme,False,r_has_causatif,True,
unè dommage par une particule isolée de lamaladie,isolée,lamaladie,de,isolée,lamaladie,False,r_has_causatif,True,
une dommage par une particule isolée de l'inondation,une dommage par une particule isolée,l'inondation,de,une dommage par une particule isolée,l'inondation,False,r_has_causatif,True,
la dommage par une particule isolée d'inondation,isolée,inondation,d',isolée,inondation,False,r_has_causatif,True,
la dommage par une particule isolée de lacyclone,isolée,lacyclone,de,isolée,lacyclone,False,r_has_causatif,True,
une dommage par une particule isolée de l'inflation,une dommage par une particule isolée,l'inflation,de,une dommage par une particule isolée,l'inflation,False,r_has_causatif,True,
unê dommage par une particule isolée d'inflation,isolée,inflation,d',isolée,inflation,False,r_has_causatif,True,
une dommage par une particule isolée de lagreve,isolée,lagreve,de,isolée,lagreve,False,r_has_causatif,True,
le dommage collatéral de l'incendie,le dommage collatéral,l'incendie,de,le dommage collatéral,l'incendie,False,r_has_causatif,True,
le dommage collatéral d'incendie,collatéral,incendie,d',collatéral,incendie,False,r_has_causatif,True,
un dommage collatéral de lafamine,collatéral,lafamine,de,collatéral,lafamine,False,r_has_causatif,True,
le dommage collatéral de l'explosion,le dommage collatéral,l'explosion,de,le dommage collatéral,l'explosion,False,r_has_causatif,True,
le dommage collatéral d'explosion,collatéral,explosion,d',collatéral,explosion,False,r_has_causatif,True,
le dommage collatéral de l'epidemie,le dommage collatéral,l'epidemie,de,le dommage collatéral,l'epidemie,False,r_has_causatif,True,
le dommage collatéral d'epidemie,collatéral,epidemie,d',collatéral,epidemie,False,r_has_causatif,True,
un dommagé collatéral de lachomage,collatéral,lachomage,de,collatéral,lachomage,False,r_has_causatif,True,
un dommage collatéral de lacyclone,collatéral,lacyclone,de,collatéral,lacyclone,False,r_has_causatif,True,
un dommage collatérl de lasabotage,collatérl,lasabotage,de,collatérl,lasabotage,False,r_has_causatif,True,
le dommage collatéral de lafaillite,collatéral,lafaillite,de,collatéral,lafaillite,False,r_has_causatif,True,
le dommage collatéral de lascandale,collatéral,lascandale,de,collatéral,lascandale,False,r_has_causatif,True,
un dommage collatéral de lafatigue,collatéral,lafatigue,de,collatéral,lafatigue,False,r_has_causatif,True,
un destruction de lanaufrage,destruction,lanaufrage,de,destruction,lanaufrage,False,r_has_causatif,True,
un destruction de laguerre,destruction,laguerre,de,destruction,laguerre,False,r_has_causatif,True,
un destruction de lafamine,destruction,lafamine,de,destruction,lafamine,False,r_has_causatif,True,
un destruction de lafatigue,destruction,lafatigue,de,destruction,lafatigue,False,r_has_causatif,True,
le destruction de l'epidemie,le destruction,l'epidemie,de,le destruction,l'epidemie,False,r_has_causatif,True,
un destruction d'epidemie,destruction,epidemie,d',destruction,epidemie,False,r_has_causatif,True,
le destruction de laseisme,destruction,laseisme,de,destruction,laseisme,False,r_has_causatif,True,
le destruction de lascandale,destruction,lascandale,de,destruction,lascandale,False,r_has_causatif,True,
la reponse de lascandale,reponse,lascandale,de,reponse,lascandale,False,r_has_causatif,True,
la reponse de l'effondreement,la reponse,l'effondreement,de,la reponse,l'effondreement,False,r_has_causatif,True,
la reponse d'effondrement,reponse,effondrement,d',reponse,effondrement,False,r_has_causatif,True,
une reponse de lasurmenage,reponse,lasurmenage,de,reponse,lasurmenage,False,r_has_causatif,True,
une reponse de lapandemie,reponse,lapandemie,de,reponse,lapandemie,False,r_has_causatif,True,
la reponse de lanegligence,reponse,lanegligence,de,reponse,lanegligence,False,r_has_causatif,True,
la reponse de l'explosion,la reponse,l'explosion,de,la reponse,l'explosion,False,r_has_causatif,True,
une reponse d'explosion,reponse,explosion,d',reponse,explosion,False,r_has_causatif,True,
la reponse de lanaufrage,reponse,lanaufrage,de,reponse,lanaufrage,False,r_has_causatif,True,
la reponse de l'addiction,la reponse,l'addiction,de,la reponse,l'addiction,False,r_has_causatif,True,
la reponse d'addiction,reponse,addiction,d',reponse,addiction,False,r_has_causatif,True,
une reponse de lapluie,reponse,lapluie,de,reponse,lapluie,False,r_has_causatif,True,
une benefice de l'anxiete,une benefice,l'anxiete,de,une benefice,l'anxiete,False,r_has_causatif,True,
la benefice d'anxiete,benefice,anxiete,d',benefice,anxiete,False,r_has_causatif,True,
la benefice de l'incendie,la benefice,l'incendie,de,la benefice,l'incendie,False,r_has_causatif,True,
une benefice d'incendie,benefice,incendie,d',benefice,incendie,False,r_has_causatif,True,
une benefice de lasecheresse,benefice,lasecheresse,de,benefice,lasecheresse,False,r_has_causatif,True,
une benefice de lapandemie,benefice,lapandemie,de,benefice,lapandemie,False,r_has_causatif,True,
une benefice de l'inflation,une benefice,l'inflation,de,une benefice,l'inflation,False,r_has_causatif,True,
une benefice d'inflation,benefice,inflation,d',benefice,inflation,False,r_has_causatif,True,
une benefice de laguerre,benefice,laguerre,de,benefice,laguerre,False,r_has_causatif,True,
la benefice de lapluie,benefice,lapluie,de,benefice,lapluie,False,r_has_causatif,True,
la  benefice de l'inondation,la benefice,l'inondation,de,la benefice,l'inondation,False,r_has_causatif,True,
la  benefice d'inondation,benefice,inondation,d',benefice,inondation,False,r_has_causatif,True,
l'amelioration de l'inflation,l'amelioration,l'inflation,de,l'amelioration,l'inflation,False,r_has_causatif,True,
un amelioration d'inflation,amelioration,inflation,d',amelioration,inflation,False,r_has_causatif,True,
une amelioration de lanegligence,amelioration,lanegligence,de,amelioration,lanegligence,False,r_has_causatif,True,
une amelioration de lapandemie,amelioration,lapandemie,de,amelioration,lapandemie,False,r_has_causatif,True,
l'amelioration de l'explosion,l'amelioration,l'explosion,de,l'amelioration,l'explosion,False,r_has_causatif,True,
une amelioration d'explosion,amelioration,explosion,d',amelioration,explosion,False,r_has_causatif,True,
l'amêlioration de l'addiction,l'amêlioration,l'addiction,de,l'amêlioration,l'addiction,False,r_has_causatif,True,
une amelioration d'addiction,amelioration,addiction,d',amelioration,addiction,False,r_has_causatif,True,
un amelioration de laseisme,amelioration,laseisme,de,amelioration,laseisme,False,r_has_causatif,True,
la suite de lafaillite,suite,lafaillite,de,suite,lafaillite,False,r_has_causatif,True,
une suite de lachomage,suite,lachomage,de,suite,lachomage,False,r_has_causatif,True,
ce maison de quartier,maison,quartier,de,maison,quartier,False,r_holo,True,
la maison du Wolverhampton,maison,wolverhampton,du,maison,wolverhampton,True,r_holo,True,
tout maiison de Wolverhampton,maiison,wolverhampton,de,maiison,wolverhampton,False,r_holo,True,
tout maison de York,maison,york,de,maison,york,False,r_holo,True,
la maisson du York,maisson,york,du,maisson,york,True,r_holo,True,
ce maison de Roseau,maison,roseau,de,maison,roseau,False,r_holo,True,
tout maison de Beauvais,maison,beauvais,de,maison,beauvai,False,r_holo,True,
le maison du Rouen,maison,rouen,du,maison,rouen,True,r_holo,True,
tout maison de Bethléem,maison,bethléem,de,maison,bethléem,False,r_holo,True,
tout maison de résidence,maison,résidence,de,maison,résidence,False,r_holo,True,
le maison du Trente,maison,trente,du,maison,trente,True,r_holo,True,
une maison de Trennte,maison,trennte,de,maison,trennte,False,r_holo,True,
ce maison de Hakodate,maison,hakodate,de,maison,hakodate,False,r_holo,True,
un certain maison de rue,maison,rue,de,maison,rue,False,r_holo,True,
le maison de Chevreul,maison,chevreul,de,maison,chevreul,False,r_holo,True,
chaque maison de Molsheim,maison,molsheim,de,maison,molsheim,False,r_holo,True,
un maison du cté,maison,cté,du,maison,cté,True,r_holo,True,
chaque maison de cité,maison,cité,de,maison,cité,False,r_holo,True,
la maison du Albertville,maison,albertville,du,maison,albertville,True,r_holo,True,
tout maison de terrain,maison,terrain,de,maison,terrain,False,r_holo,True,
quel maison de Novossibirsk,maison,novossibirsk,de,maison,novossibirsk,False,r_holo,True,
tout maison de Esztergom,maison,esztergom,de,maison,esztergom,False,r_holo,True,
chaque maison de Chinon,maison,chinon,de,maison,chinon,False,r_holo,True,
chaque maisoon de Brazzaville,maisoon,brazzaville,de,maisoon,brazzaville,False,r_holo,True,
maison de Brazzaville,maison,brazzaville,de,maison,brazzaville,False,r_holo,True,
tout maison de complexe,maison,complexe,de,maison,complexe,False,r_holo,True,
un certain maison de Riyad,maison,riyad,de,maison,riyad,False,r_holo,True,
un certain maison de Tioumen,maison,tioumen,de,maison,tioumen,False,r_holo,True,
un certain maison de Kiev,maison,kiev,de,maison,kiev,False,r_holo,True,
tout maison de Plovdiv,maison,plovdiv,de,maison,plovdiv,False,r_holo,True,
chaque maison de thème astral,maison,thème astral,de,maison,thème astral,False,r_holo,True,
un certain maison de commune,maison,commune,de,maison,commune,False,r_holo,True,
une maison du Mourmansk,maison,mourmansk,du,maison,mourmansk,True,r_holo,True,
quel maison de Mahé,maison,mahé,de,maison,mahé,False,r_holo,True,
ce maison de lotissement,maison,lotissement,de,maison,lotissement,False,r_holo,True,
une maison du Bruxelles,maison,bruxelles,du,maison,bruxelle,True,r_holo,True,
ce maison de Madrid,maison,madrid,de,maison,madrid,False,r_holo,True,
quel maison de Maadrid,maison,maadrid,de,maison,maadrid,False,r_holo,True,
unê maison du Munich,maison,munich,du,maison,munich,True,r_holo,True,
le  maison du domaine,maison,domaine,du,maison,domaine,True,r_holo,True,
tout maison de Bangkok,maison,bangkok,de,maison,bangkok,False,r_holo,True,
une maison de capitale,maison,capitale,de,maison,capitale,False,r_holo,True,
un maison du Beyrouth,maison,beyrouth,du,maison,beyrouth,True,r_holo,True,
une maison du Saratov,maison,saratov,du,maison,saratov,True,r_holo,True,
chaque maison de village,maison,village,de,maison,village,False,r_holo,True,
la maison du villagê,maison,villagê,du,maison,villagê,True,r_holo,True,
le maison de Thessalonique,maison,thessalonique,de,maison,thessalonique,False,r_holo,True,
le maison du Springfield,maison,springfield,du,maison,springfield,True,r_holo,True,
chaque maison de Bucarest,maison,bucarest,de,maison,bucarest,False,r_holo,True,
tout maison de propriété,maison,propriété,de,maison,propriété,False,r_holo,True,
ce voiture de golf,voiture,golf,de,voiture,golf,False,r_holo,True,
chaqué voiture de rue,voiture,rue,de,voiture,rue,False,r_holo,True,
chaque voiture de train,voiture,train,de,voiture,train,False,r_holo,True,
voiture du tgv,voiture,tgv,du,voiture,tgv,True,r_holo,True,
quel voiture de circulation,voiture,circulation,de,voiture,circulation,False,r_holo,True,
le voiture du rallye,voiture,rallye,du,voiture,rallye,True,r_holo,True,
tout voiture de voyage,voiture,voyage,de,voiture,voyage,False,r_holo,True,
tout voiture de train à grande vitesse,voiture,train à grande vitesse,de,voiture,train à grande vitesse,False,r_holo,True,
la voiture du train grande vitesse,voiture,train grande vitesse,de,voiture,train grande vitesse,False,r_holo,True,
ce voitur de train grande vitesse,voitur,train grande vitesse,de,voitur,train grande vitesse,False,r_holo,True,
le voiture du TER,voiture,ter,du,voiture,ter,True,r_holo,True,
chaque voiture de noix de muscade,chaque voiture de noix,muscade,de,chaque voiture de noi,muscade,False,r_holo,True,
voiture de noix de muscade,voiture de noix,muscade,de,voiture de noi,muscade,False,r_holo,True,
cé voiture de noix de muscade,cé voiture de noix,muscade,de,cé voiture de noi,muscade,False,r_holo,True,
ce voiture de petit pont,voiture,petit pont,de,voiture,petit pont,False,r_holo,True,
ce voiture de montagnes russes,voiture,montagnes russes,de,voiture,montagnes russe,False,r_holo,True,
un certain voiture de montanes russes,voiture,montanes russes,de,voiture,montanes russe,False,r_holo,True,
ce voiture de Beijing,voiture,beijing,de,voiture,beijing,False,r_holo,True,
tout voiture de DCRI,voiture,dcri,de,voiture,dcri,False,r_holo,True,
quel voitture de DCRI,voitture,dcri,de,voitture,dcri,False,r_holo,True,
chaque voiture de Myristica fragrans,voiture,myristica fragrans,de,voiture,myristica fragran,False,r_holo,True,
chaque voiture de noix muscade,voiture,noix muscade,de,voiture,noix muscade,False,r_holo,True,
tout voiture de Bonnie Parker,voiture,bonnie parker,de,voiture,bonnie parker,False,r_holo,True,
une voiiture du Bonnie Parker,voiiture,bonnie parker,du,voiiture,bonnie parker,True,r_holo,True,
ce voiture de myristic fragrans,voiture,myristic fragrans,de,voiture,myristic fragran,False,r_holo,True,
quêl voiture de petit train touristique,voiture,petit train touristique,de,voiture,petit train touristique,False,r_holo,True,
tout voituré de petit train touristique,voituré,petit train touristique,de,voituré,petit train touristique,False,r_holo,True,
tout voiture de Noix de muscade,tout voiture de noix,muscade,de,tout voiture de noi,muscade,False,r_holo,True,
un voiture de Noix de muscade,un voiture de noix,muscade,de,un voiture de noi,muscade,False,r_holo,True,
ce voiture de Train à grrande vitesse,voiture,train à grrande vitesse,de,voiture,train à grrande vitesse,False,r_holo,True,
tout arbre de forêts,arbre,forêts,de,arbre,forêt,False,r_holo,True,
ce arbre de parc,arbre,parc,de,arbre,parc,False,r_holo,True,
la  arbre du terre,arbre,terre,du,arbre,terre,True,r_holo,True,
un certain arbre de Vie,arbre,vie,de,arbre,vie,False,r_holo,True,
la arbre du végétation,arbre,végétation,du,arbre,végétation,True,r_holo,True,
un arbre du campagne,arbre,campagne,du,arbre,campagne,True,r_holo,True,
tout arbrê de campagne,arbrê,campagne,de,arbrê,campagne,False,r_holo,True,
chaque arbre de frégate,arbre,frégate,de,arbre,frégate,False,r_holo,True,
chaque arbre de automobile,arbre,automobile,de,arbre,automobile,False,r_holo,True,
le arbre de l'automobile,le arbre,l'automobile,de,le arbre,l'automobile,False,r_holo,True,
un certain arbre de bois,arbre,bois,de,arbre,boi,False,r_holo,True,
le arbre du pinède,arbre,pinède,de,arbre,pinède,False,r_holo,True,
tout arbre de arachidier,arbre,arachidier,de,arbre,arachidier,False,r_holo,True,
un arbre du pré,arbre,pré,du,arbre,pré,True,r_holo,True,
arbrê de pré,arbrê,pré,de,arbrê,pré,False,r_holo,True,
quel arbre de garrigue,arbre,garrigue,de,arbre,garrigue,False,r_holo,True,
le arbre de jardin,arbre,jardin,de,arbre,jardin,False,r_holo,True,
arbre de nature,arbre,nature,de,arbre,nature,False,r_holo,True,
la arre du forêt,arre,forêt,du,arre,forêt,True,r_holo,True,
chaque arbre de jardin paysager,arbre,jardin paysager,de,arbre,jardin paysager,False,r_holo,True,
tout arbbre de jardin paysager,arbbre,jardin paysager,de,arbbre,jardin paysager,False,r_holo,True,
ce arbre de moteur thermique,arbre,moteur thermique,de,arbre,moteur thermique,False,r_holo,True,
ce arbre de turbine à gaz,arbre,turbine à gaz,de,arbre,turbine à gaz,False,r_holo,True,
quel arbre de moteur à combustion,arbre,moteur à combustion,de,arbre,moteur à combustion,False,r_holo,True,
chaque arbre de turbine à combustion,arbre,turbine à combustion,de,arbre,turbine à combustion,False,r_holo,True,
ce arbre de turbine à gaz de combustion,ce arbre de turbine à gaz,combustion,de,ce arbre de turbine à gaz,combustion,False,r_holo,True,
le arbre du turbine à gaz de combustion,le arbre du turbine à gaz,combustion,de,le arbre du turbine à gaz,combustion,False,r_holo,True,
quel arbre de turbine à gaz de combustion,quel arbre de turbine à gaz,combustion,de,quel arbre de turbine à gaz,combustion,False,r_holo,True,
un certain arbre de acer,arbre,acer,de,arbre,acer,False,r_holo,True,
la arbre du garigue,arbre,garigue,du,arbre,garigue,True,r_holo,True,
un certain arbre de forêt des Hauts de l'Ouest,un certain arbre de forêt des hauts,l'ouest,de,un certain arbre de forêt des haut,l'ouest,False,r_holo,True,
chaque arbre de forêt des Hauts de l'Ouest,chaque arbre de forêt des hauts,l'ouest,de,chaque arbre de forêt des haut,l'ouest,False,r_holo,True,
tout arbre de forêt des Hauts de l'Ouest,tout arbre de forêt des hauts,l'ouest,de,tout arbre de forêt des haut,l'ouest,False,r_holo,True,
tout arbbre de Pinède,arbbre,pinède,de,arbbre,pinède,False,r_holo,True,
le corps de l'oiseau-à-berceau,le corps,l'oiseau-à-berceau,de,le corp,l'oiseau-à-berceau,False,r_holo,True,
une corps de Stoph,corps,stoph,de,corp,stoph,False,r_holo,True,
quel corps de Porcellis,corps,porcellis,de,corp,porcelli,False,r_holo,True,
quel corps de sir Sacheverell Sitwell,corps,sir sacheverell sitwell,de,corp,sir sacheverell sitwell,False,r_holo,True,
tout corps de Maria Callas,corps,maria callas,de,corp,maria calla,False,r_holo,True,
quel corps de Marcel Gotlieb Gotlib,corps,marcel gotlieb gotlib,de,corp,marcel gotlieb gotlib,False,r_holo,True,
un corps du Aléxander Roslin,corps,aléxander roslin,de,corp,aléxander roslin,False,r_holo,True,
ce corps de exaspérant,corps,exaspérant,de,corp,exaspérant,False,r_holo,True,
corps de l'xaspérant,corps,l'xaspérant,de,corp,l'xaspérant,False,r_holo,True,
chaque corps de émeraude,corps,émeraude,de,corp,émeraude,False,r_holo,True,
corps de Robert Surcouf,corps,robert surcouf,de,corp,robert surcouf,False,r_holo,True,
la  corps de bleu,corps,bleu,de,corp,bleu,False,r_holo,True,
chaque corps de Sophie Rostopchine,corps,sophie rostopchine,de,corp,sophie rostopchine,False,r_holo,True,
quél corps de bourriquet,corps,bourriquet,de,corp,bourriquet,False,r_holo,True,
quel corps de ure,corps,ure,de,corp,ure,False,r_holo,True,
un corps du chlamydère,corps,chlamydère,du,corp,chlamydère,True,r_holo,True,
tout corps de Lépide,corps,lépide,de,corp,lépide,False,r_holo,True,
tout corps de tarpan,corps,tarpan,de,corp,tarpan,False,r_holo,True,
quel corps de vannier,corps,vannier,de,corp,vannier,False,r_holo,True,
la corps de Papadhópoulos,corps,papadhópoulos,de,corp,papadhópoulo,False,r_holo,True,
ce corps de fixateur,corps,fixateur,de,corp,fixateur,False,r_holo,True,
la corps de wallon,corps,wallon,de,corp,wallon,False,r_holo,True,
tout corps de fourmillant,corps,fourmillant,de,corp,fourmillant,False,r_holo,True,
quel corps de chat,corps,chat,de,corp,chat,False,r_holo,True,
tout corps de Jan Lenica,corps,jan lenica,de,corp,jan lenica,False,r_holo,True,
tout  corps de Émile Bernard,corps,émile bernard,de,corp,émile bernard,False,r_holo,True,
lé corps de l'admoniteur,lé corps,l'admoniteur,de,lé corp,l'admoniteur,False,r_holo,True,
un cêrtain corps de Nicolas Schöffer,corps,nicolas schöffer,de,corp,nicolas schöffer,False,r_holo,True,
quel corrps de Nicolas Schöffer,corrps,nicolas schöffer,de,corrp,nicolas schöffer,False,r_holo,True,
un corps de Yan Liben,corps,yan liben,de,corp,yan liben,False,r_holo,True,
une corps du congréganiste,corps,congréganiste,du,corp,congréganiste,True,r_holo,True,
chaque corps de conggréganiste,corps,conggréganiste,de,corp,conggréganiste,False,r_holo,True,
tout corps de reconstituant,corps,reconstituant,de,corp,reconstituant,False,r_holo,True,
un certain corps de lagopèdes,corps,lagopèdes,de,corp,lagopède,False,r_holo,True,
un certain corps de chaud lapin,corps,chaud lapin,de,corp,chaud lapin,False,r_holo,True,
chaque corps de guenipe,corps,guenipe,de,corp,guenipe,False,r_holo,True,
quel corps de dévot,corps,dévot,de,corp,dévot,False,r_holo,True,
tout corps de Karl Hermann Frank,corps,karl hermann frank,de,corp,karl hermann frank,False,r_holo,True,
une corps de l'olive,une corps,l'olive,de,une corp,l'olive,False,r_holo,True,
tout corps de Gil Robles,corps,gil robles,de,corp,gil roble,False,r_holo,True,
un certain corps de Théodat,corps,théodat,de,corp,théodat,False,r_holo,True,
ce corps de boutefeu,corps,boutefeu,de,corp,boutefeu,False,r_holo,True,
la corps de cérithe,corps,cérithe,de,corp,cérithe,False,r_holo,True,
chaque corps de Histoire,corps,histoire,de,corp,histoire,False,r_holo,True,
un hommè de zonzon,hommè,zonzon,de,hommè,zonzon,False,r_lieu,True,
ce homme de zonzon,homme,zonzon,de,homme,zonzon,False,r_lieu,True,
tout home de fauteuil,home,fauteuil,de,home,fauteuil,False,r_lieu,True,
quel homme de fauteuil,homme,fauteuil,de,homme,fauteuil,False,r_lieu,True,
unê homme du maternité,homme,maternité,du,homme,maternité,True,r_lieu,True,
un homme de voiture,homme,voiture,de,homme,voiture,False,r_lieu,True,
ce homme de chorale,homme,chorale,de,homme,chorale,False,r_lieu,True,
ce homme de pelouse,homme,pelouse,de,homme,pelouse,False,r_lieu,True,
un certain homme de bureau,homme,bureau,de,homme,bureau,False,r_lieu,True,
une homme de l'océan,une homme,l'océan,de,une homme,l'océan,False,r_lieu,True,
quel hhomme de caserne,hhomme,caserne,de,hhomme,caserne,False,r_lieu,True,
une homme du caserne,homme,caserne,du,homme,caserne,True,r_lieu,True,
un certain homme de montagne,homme,montagne,de,homme,montagne,False,r_lieu,True,
quel homme de Irak,homme,irak,de,homme,irak,False,r_lieu,True,
cê homme de synagogue,homme,synagogue,de,homme,synagogue,False,r_lieu,True,
ce homme de maison de retraite,ce homme de maison,retraite,de,ce homme de maison,retraite,False,r_lieu,True,
chaque homme de maison de retraite,chaque homme de maison,retraite,de,chaque homme de maison,retraite,False,r_lieu,True,
quel homme de maison de retraite,quel homme de maison,retraite,de,quel homme de maison,retraite,False,r_lieu,True,
un certain homme de cage,homme,cage,de,homme,cage,False,r_lieu,True,
le homme de villa,homme,villa,de,homme,villa,False,r_lieu,True,
une homme de bar,homme,bar,de,homme,bar,False,r_lieu,True,
la homme du rue,homme,rue,du,homme,rue,True,r_lieu,True,
tout homme de planète,homme,planète,de,homme,planète,False,r_lieu,True,
tout homme de gendarmerie,homme,gendarmerie,de,homme,gendarmerie,False,r_lieu,True,
ce homme de camp,homme,camp,de,homme,camp,False,r_lieu,True,
chaque homme de pays,homme,pays,de,homme,pay,False,r_lieu,True,
homme du radeau,homme,radeau,de,homme,radeau,False,r_lieu,True,
ce homme de cinéma,homme,cinéma,de,homme,cinéma,False,r_lieu,True,
tout homme de terre,homme,terre,de,homme,terre,False,r_lieu,True,
un homme de gymnase,homme,gymnase,de,homme,gymnase,False,r_lieu,True,
ce homme de train,homme,train,de,homme,train,False,r_lieu,True,
la hommè du cachette,hommè,cachette,du,hommè,cachette,True,r_lieu,True,
ce homme de cachette,homme,cachette,de,homme,cachette,False,r_lieu,True,
chaque homme de ferme,homme,ferme,de,homme,ferme,False,r_lieu,True,
un hommê de ferme,hommê,ferme,de,hommê,ferme,False,r_lieu,True,
un certain homme de navire,homme,navire,de,homme,navire,False,r_lieu,True,
le homme de maison de santé,le homme de maison,santé,de,le homme de maison,santé,False,r_lieu,True,
un certain homme de maison de santé,un certain homme de maison,santé,de,un certain homme de maison,santé,False,r_lieu,True,
chaque homme de maison de santé,chaque homme de maison,santé,de,chaque homme de maison,santé,False,r_lieu,True,
ce homme de canapé,homme,canapé,de,homme,canapé,False,r_lieu,True,
quel homme de Far West,homme,far west,de,homme,far west,False,r_lieu,True,
une homme du latomie,homme,latomie,du,homme,latomie,True,r_lieu,True,
unê homme de continent,homme,continent,de,homme,continent,False,r_lieu,True,
quel homme de dortoir,homme,dortoir,de,homme,dortoir,False,r_lieu,True,
ce homme de Asie,homme,asie,de,homme,asie,False,r_lieu,True,
quel homme de taverne,homme,taverne,de,homme,taverne,False,r_lieu,True,
le homme de maison,homme,maison,de,homme,maison,False,r_lieu,True,
chaque homme de champ de bataille,chaque homme de champ,bataille,de,chaque homme de champ,bataille,False,r_lieu,True,
un certain homme de champ de bataille,un certain homme de champ,bataille,de,un certain homme de champ,bataille,False,r_lieu,True,
tout homme de champ de bataille,tout homme de champ,bataille,de,tout homme de champ,bataille,False,r_lieu,True,
chaque  homme de douane,homme,douane,de,homme,douane,False,r_lieu,True,
chaque homme de sauna,homme,sauna,de,homme,sauna,False,r_lieu,True,
une homme de rêve,homme,rêve,de,homme,rêve,False,r_lieu,True,
homme de piano,homme,piano,de,homme,piano,False,r_lieu,True,
un homme du maison de fous,un homme du maison,fous,de,un homme du maison,fou,False,r_lieu,True,
chaque homme de maison de fous,chaque homme de maison,fous,de,chaque homme de maison,fou,False,r_lieu,True,
tout homme de maison dee fous,homme,maison dee fous,de,homme,maison dee fou,False,r_lieu,True,
un certain homme de chemin,homme,chemin,de,homme,chemin,False,r_lieu,True,
le homme du cavité,homme,cavité,du,homme,cavité,True,r_lieu,True,
quel homme de fourgon,homme,fourgon,de,homme,fourgon,False,r_lieu,True,
quel homme de guerre,homme,guerre,de,homme,guerre,False,r_lieu,True,
chaque femme de fauteuil,femme,fauteuil,de,femme,fauteuil,False,r_lieu,True,
tout femme de parc,femme,parc,de,femme,parc,False,r_lieu,True,
chaque femme de voiture,femme,voiture,de,femme,voiture,False,r_lieu,True,
ce femme de pelouse,femme,pelouse,de,femme,pelouse,False,r_lieu,True,
chaque femme de bureau,femme,bureau,de,femme,bureau,False,r_lieu,True,
quel femme de rade,femme,rade,de,femme,rade,False,r_lieu,True,
un certain femme de synagogue,femme,synagogue,de,femme,synagogue,False,r_lieu,True,
ce femme de cuisine,femme,cuisine,de,femme,cuisine,False,r_lieu,True,
quel femme de coiffeur,femme,coiffeur,de,femme,coiffeur,False,r_lieu,True,
ce femme de maison de retraite,ce femme de maison,retraite,de,ce femme de maison,retraite,False,r_lieu,True,
le femme du maison de retraite,le femme du maison,retraite,de,le femme du maison,retraite,False,r_lieu,True,
quel femme de maison de retraite,quel femme de maison,retraite,de,quel femme de maison,retraite,False,r_lieu,True,
tout femme de villa,femme,villa,de,femme,villa,False,r_lieu,True,
ce femme de bar,femme,bar,de,femme,bar,False,r_lieu,True,
la femme du rue,femme,rue,du,femme,rue,True,r_lieu,True,
quel femme de pays,femme,pays,de,femme,pay,False,r_lieu,True,
chaque femme de radeau,femme,radeau,de,femme,radeau,False,r_lieu,True,
chaque femme de terre,femme,terre,de,femme,terre,False,r_lieu,True,
tout femme de bordel,femme,bordel,de,femme,bordel,False,r_lieu,True,
le femme du bras,femme,bras,du,femme,bra,True,r_lieu,True,
quél femme de train,femme,train,de,femme,train,False,r_lieu,True,
un femme de foyer,femme,foyer,de,femme,foyer,False,r_lieu,True,
chaque femme de film,femme,film,de,femme,film,False,r_lieu,True,
ce femmme de cantine,femmme,cantine,de,femmme,cantine,False,r_lieu,True,
femme du cantine,femme,cantine,du,femme,cantine,True,r_lieu,True,
quel femme de maison de santé,quel femme de maison,santé,de,quel femme de maison,santé,False,r_lieu,True,
tout femme de maison de santé,tout femme de maison,santé,de,tout femme de maison,santé,False,r_lieu,True,
un certain femme de maison de santé,un certain femme de maison,santé,de,un certain femme de maison,santé,False,r_lieu,True,
un cèrtain femme de canapé,femme,canapé,de,femme,canapé,False,r_lieu,True,
une femme de Far West,femme,far west,de,femme,far west,False,r_lieu,True,
un certain femme de continent,femme,continent,de,femme,continent,False,r_lieu,True,
quel emme de continent,emme,continent,de,emme,continent,False,r_lieu,True,
un femme du dortoir,femme,dortoir,du,femme,dortoir,True,r_lieu,True,
tout feemme de dortoir,feemme,dortoir,de,feemme,dortoir,False,r_lieu,True,
un femme de maison,femme,maison,de,femme,maison,False,r_lieu,True,
chaque femme de douane,femme,douane,de,femme,douane,False,r_lieu,True,
la femme du sauna,femme,sauna,du,femme,sauna,True,r_lieu,True,
la femme de boulevard,femme,boulevard,de,femme,boulevard,False,r_lieu,True,
tout fèmme de boulevard,fèmme,boulevard,de,fèmme,boulevard,False,r_lieu,True,
ce femme de rêve,femme,rêve,de,femme,rêve,False,r_lieu,True,
la femme du piano,femme,piano,du,femme,piano,True,r_lieu,True,
quel femme de Athènes,femme,athènes,de,femme,athène,False,r_lieu,True,
tout femme de partout,femme,partout,de,femme,partout,False,r_lieu,True,
chaque feme de partout,feme,partout,de,feme,partout,False,r_lieu,True,
la femme du maison de fous,la femme du maison,fous,de,la femme du maison,fou,False,r_lieu,True,
ce femme de maison de fous,ce femme de maison,fous,de,ce femme de maison,fou,False,r_lieu,True,
quel femme de maison de fous,quel femme de maison,fous,de,quel femme de maison,fou,False,r_lieu,True,
quel femme de zoo,femme,zoo,de,femme,zoo,False,r_lieu,True,
ce femme de couette,femme,couette,de,femme,couette,False,r_lieu,True,
chaque femme de chemin,femme,chemin,de,femme,chemin,False,r_lieu,True,
tout femme de fourgon,femme,fourgon,de,femme,fourgon,False,r_lieu,True,
quel femme de prison,femme,prison,de,femme,prison,False,r_lieu,True,
un certain femme de parc zoologique,femme,parc zoologique,de,femme,parc zoologique,False,r_lieu,True,
tout femme de hôpital psychiatrique,femme,hôpital psychiatrique,de,femme,hôpital psychiatrique,False,r_lieu,True,
fèmme du plume,fèmme,plume,du,fèmme,plume,True,r_lieu,True,
quel  femme de plume,femme,plume,de,femme,plume,False,r_lieu,True,
chaque femme de pizzeria,femme,pizzeria,de,femme,pizzeria,False,r_lieu,True,
un certain femme de café,femme,café,de,femme,café,False,r_lieu,True,
femme du télévision,femme,télévision,du,femme,télévision,True,r_lieu,True,
chaque femme de lit,femme,lit,de,femme,lit,False,r_lieu,True,
quel femme de tableau,femme,tableau,de,femme,tableau,False,r_lieu,True,
tout femmme de tableau,femmme,tableau,de,femmme,tableau,False,r_lieu,True,
quel animal de réservoir,animal,réservoir,de,animal,réservoir,False,r_lieu,True,
ce animal de bannquise,animal,bannquise,de,animal,bannquise,False,r_lieu,True,
quel animal de banquise,animal,banquise,de,animal,banquise,False,r_lieu,True,
une animal de cocon,animal,cocon,de,animal,cocon,False,r_lieu,True,
quel animal de savane,animal,savane,de,animal,savane,False,r_lieu,True,
tout animal de animalerie,animal,animalerie,de,animal,animalerie,False,r_lieu,True,
quel animal de parc,animal,parc,de,animal,parc,False,r_lieu,True,
chaque animal de océan,animal,océan,de,animal,océan,False,r_lieu,True,
chaque animal de biome,animal,biome,de,animal,biome,False,r_lieu,True,
ce animal de montagne,animal,montagne,de,animal,montagne,False,r_lieu,True,
la animal de villes,animal,villes,de,animal,ville,False,r_lieu,True,
une animal de cage,animal,cage,de,animal,cage,False,r_lieu,True,
quel aniimal de terrier,aniimal,terrier,de,aniimal,terrier,False,r_lieu,True,
tout animal de trrier,animal,trrier,de,animal,trrier,False,r_lieu,True,
ce animal de terrier,animal,terrier,de,animal,terrier,False,r_lieu,True,
un certain animal de élevage,animal,élevage,de,animal,élevage,False,r_lieu,True,
tout animal de planète,animal,planète,de,animal,planète,False,r_lieu,True,
tout animal de hameau,animal,hameau,de,animal,hameau,False,r_lieu,True,
tout animal de terre,animal,terre,de,animal,terre,False,r_lieu,True,
uneanimal de terre,uneanimal,terre,de,uneanimal,terre,False,r_lieu,True,
quel animal de tanière,animal,tanière,de,animal,tanière,False,r_lieu,True,
ce nimal de tanière,nimal,tanière,de,nimal,tanière,False,r_lieu,True,
chaque animal de ferme,animal,ferme,de,animal,ferme,False,r_lieu,True,
une animal du cour,animal,cour,du,animal,cour,True,r_lieu,True,
un animal du Far West,animal,far west,du,animal,far west,True,r_lieu,True,
chaque animal de continent,animal,continent,de,animal,continent,False,r_lieu,True,
tout animal de maison,animal,maison,de,animal,maison,False,r_lieu,True,
quel animal de porcherie,animal,porcherie,de,animal,porcherie,False,r_lieu,True,
ce animal de arbre,animal,arbre,de,animal,arbre,False,r_lieu,True,
une animal de zoo,animal,zoo,de,animal,zoo,False,r_lieu,True,
quel annimal de zoo,annimal,zoo,de,annimal,zoo,False,r_lieu,True,
ce animal de adre,animal,adre,de,animal,adre,False,r_lieu,True,
quel animal de cadre,animal,cadre,de,animal,cadre,False,r_lieu,True,
ce animal de chemin,animal,chemin,de,animal,chemin,False,r_lieu,True,
une animal de parc zoologique,animal,parc zoologique,de,animal,parc zoologique,False,r_lieu,True,
animal de biotope,animal,biotope,de,animal,biotope,False,r_lieu,True,
chaque animal de ciel,animal,ciel,de,animal,ciel,False,r_lieu,True,
quel animal de caverne,animal,caverne,de,animal,caverne,False,r_lieu,True,
un certain animal de campagne,animal,campagne,de,animal,campagne,False,r_lieu,True,
quel animal de brousse,animal,brousse,de,animal,brousse,False,r_lieu,True,
une animal de carrousel,animal,carrousel,de,animal,carrousel,False,r_lieu,True,
un certain animal de cirque,animal,cirque,de,animal,cirque,False,r_lieu,True,
le animal du plateau,animal,plateau,du,animal,plateau,True,r_lieu,True,
quel animal de bois,animal,bois,de,animal,boi,False,r_lieu,True,
chaque animal de jungle,animal,jungle,de,animal,jungle,False,r_lieu,True,
chaque animal de niche,animal,niche,de,animal,niche,False,r_lieu,True,
quel animal de pré,animal,pré,de,animal,pré,False,r_lieu,True,
tout animal de véhicule,animal,véhicule,de,animal,véhicule,False,r_lieu,True,
quel animall de épisode,animall,épisode,de,animall,épisode,False,r_lieu,True,
quel animal de habiat,animal,habiat,de,animal,habiat,False,r_lieu,True,
ce animal de habitat,animal,habitat,de,animal,habitat,False,r_lieu,True,
chaque animal de poulailler,animal,poulailler,de,animal,poulailler,False,r_lieu,True,
le animal de endroit,animal,endroit,de,animal,endroit,False,r_lieu,True,
la animal de lieu,animal,lieu,de,animal,lieu,False,r_lieu,True,
chaque animall de lieu,animall,lieu,de,animall,lieu,False,r_lieu,True,
quel animal de milieu aquatique,animal,milieu aquatique,de,animal,milieu aquatique,False,r_lieu,True,
tout animal de Tunisie,animal,tunisie,de,animal,tunisie,False,r_lieu,True,
une discours de l'ennuyer,une discours,l'ennuyer,de,une discour,l'ennuyer,False,r_processus_agent,True,
chaque discours  de raser,discours,raser,de,discour,raser,False,r_processus_agent,True,
quel dicours de raser,dicours,raser,de,dicour,raser,False,r_processus_agent,True,
tout discours de menacer,discours,menacer,de,discour,menacer,False,r_processus_agent,True,
un discours de manquer de clarté,un discours de manquer,clarté,de,un discours de manquer,clarté,False,r_processus_agent,True,
un certain discours de manquer de clarté,un certain discours de manquer,clarté,de,un certain discours de manquer,clarté,False,r_processus_agent,True,
la discours du manquer de clarté,la discours du manquer,clarté,de,la discours du manquer,clarté,False,r_processus_agent,True,
ce discours de être vaseux,discours,être vaseux,de,discour,être vaseu,False,r_processus_agent,True,
un certain traail de réaliser,traail,réaliser,de,traail,réaliser,False,r_processus_agent,True,
ce travail de réaliser,travail,réaliser,de,travail,réaliser,False,r_processus_agent,True,
ce travail de tuer,travail,tuer,de,travail,tuer,False,r_processus_agent,True,
ce travail de fatiguer,travail,fatiguer,de,travail,fatiguer,False,r_processus_agent,True,
quel travail de socialiser,travail,socialiser,de,travail,socialiser,False,r_processus_agent,True,
travail de l'améliorer,travail,l'améliorer,de,travail,l'améliorer,False,r_processus_agent,True,
ce travail de enrichir,travail,enrichir,de,travail,enrichir,False,r_processus_agent,True,
quel travail de se nourrir,travail,se nourrir,de,travail,se nourrir,False,r_processus_agent,True,
quel travail de peser,travail,peser,de,travail,peser,False,r_processus_agent,True,
ce travail de rendre fou,travail,rendre fou,de,travail,rendre fou,False,r_processus_agent,True,
la travaail du produire,travaail,produire,du,travaail,produire,True,r_processus_agent,True,
tout travail de produire,travail,produire,de,travail,produire,False,r_processus_agent,True,
tout travail de pression,travail,pression,de,travail,pression,False,r_processus_agent,True,
tout travail de créer,travail,créer,de,travail,créer,False,r_processus_agent,True,
ce travail de collaborer,travail,collaborer,de,travail,collaborer,False,r_processus_agent,True,
travail de rapporter,travail,rapporter,de,travail,rapporter,False,r_processus_agent,True,
le travail de effectuer,travail,effectuer,de,travail,effectuer,False,r_processus_agent,True,
un certain travail de prendre du temps,un certain travail de prendre,temps,du,un certain travail de prendre,temp,True,r_processus_agent,True,
ce travail de prendre du temps,ce travail de prendre,temps,du,ce travail de prendre,temp,True,r_processus_agent,True,
chaque travail de prendre du temps,chaque travail de prendre,temps,du,chaque travail de prendre,temp,True,r_processus_agent,True,
quel travail de télétravailler,travail,télétravailler,de,travail,télétravailler,False,r_processus_agent,True,
chaque travail de rapporter de l'argent,chaque travail de rapporter,l'argent,de,chaque travail de rapporter,l'argent,False,r_processus_agent,True,
tout travail de rapporter de l'argent,tout travail de rapporter,l'argent,de,tout travail de rapporter,l'argent,False,r_processus_agent,True,
un certain travail de rapporter de l'argent,un certain travail de rapporter,l'argent,de,un certain travail de rapporter,l'argent,False,r_processus_agent,True,
tout travail de faire des mondanités,tout travail de faire,mondanités,des,tout travail de faire,mondanité,True,r_processus_agent,True,
travail du faire des mondanités,travail du faire,mondanités,des,travail du faire,mondanité,True,r_processus_agent,True,
ce travail de faire des mondanités,ce travail de faire,mondanités,des,ce travail de faire,mondanité,True,r_processus_agent,True,
chaque travail de être difficile,travail,être difficile,de,travail,être difficile,False,r_processus_agent,True,
chaque travail de générer des revenus,chaque travail de générer,revenus,des,chaque travail de générer,revenu,True,r_processus_agent,True,
la travail du générér des revenus,la travail du générér,revenus,des,la travail du générér,revenu,True,r_processus_agent,True,
un certain travail de générer des revenus,un certain travail de générer,revenus,des,un certain travail de générer,revenu,True,r_processus_agent,True,
travail du réunion en ligne,travail,réunion en ligne,du,travail,réunion en ligne,True,r_processus_agent,True,
un certain travail de produire la valeur,travail,produire la valeur,de,travail,produire la valeur,False,r_processus_agent,True,
un intervention de l'arriver comme un cheveu sur la soupe,un intervention,l'arriver comme un cheveu sur la soupe,de,un intervention,l'arriver comme un cheveu sur la soupe,False,r_processus_agent,True,
la intervention de être difficile,intervention,être difficile,de,intervention,être difficile,False,r_processus_agent,True,
tout intêrvention de être difficile,intêrvention,être difficile,de,intêrvention,être difficile,False,r_processus_agent,True,
le intervention de être dur,intervention,être dur,de,intervention,être dur,False,r_processus_agent,True,
chaque action de vivre,action,vivre,de,action,vivre,False,r_processus_agent,True,
un certain action de surprendre,action,surprendre,de,action,surprendre,False,r_processus_agent,True,
un certain action de penser,action,penser,de,action,penser,False,r_processus_agent,True,
un action du dormir,action,dormir,du,action,dormir,True,r_processus_agent,True,
la action de se reproduire,action,se reproduire,de,action,se reproduire,False,r_processus_agent,True,
action de résoudre,action,résoudre,de,action,résoudre,False,r_processus_agent,True,
ce acction de résoudre,acction,résoudre,de,acction,résoudre,False,r_processus_agent,True,
quel action de écrrire,action,écrrire,de,action,écrrire,False,r_processus_agent,True,
quel action de grimper,action,grimper,de,action,grimper,False,r_processus_agent,True,
un action du chuter,action,chuter,du,action,chuter,True,r_processus_agent,True,
la actin de chuter,actin,chuter,de,actin,chuter,False,r_processus_agent,True,
ce  action de monter,action,monter,de,action,monter,False,r_processus_agent,True,
une action du continuer,action,continuer,du,action,continuer,True,r_processus_agent,True,
action du jouer dans un film,action,jouer dans un film,du,action,jouer dans un film,True,r_processus_agent,True,
unè oeuvre du représenter,oeuvre,représenter,du,oeuvre,représenter,True,r_processus_agent,True,
ce oeuvre de communiquer,oeuvre,communiquer,de,oeuvre,communiquer,False,r_processus_agent,True,
oeuvre de défier,oeuvre,défier,de,oeuvre,défier,False,r_processus_agent,True,
ce oeuvre de inspirer,oeuvre,inspirer,de,oeuvre,inspirer,False,r_processus_agent,True,
un oeuvre de l'inspirer,un oeuvre,l'inspirer,de,un oeuvre,l'inspirer,False,r_processus_agent,True,
chaque oeuvre de vendre,oeuvre,vendre,de,oeuvre,vendre,False,r_processus_agent,True,
un oeuvr de vendre,oeuvr,vendre,de,oeuvr,vendre,False,r_processus_agent,True,
chaque oeuvre de questionner,oeuvre,questionner,de,oeuvre,questionner,False,r_processus_agent,True,
ce oeuvre de captiver,oeuvre,captiver,de,oeuvre,captiver,False,r_processus_agent,True,
projet de l'en baver,projet,l'en baver,de,projet,l'en baver,False,r_processus_agent,True,
projet de en baver,projet,en baver,de,projet,en baver,False,r_processus_agent,True,
ce projet de se dérouler,projet,se dérouler,de,projet,se dérouler,False,r_processus_agent,True,
le projet du péricliter,projet,péricliter,du,projet,péricliter,True,r_processus_agent,True,
un certain projet de se trouver,projet,se trouver,de,projet,se trouver,False,r_processus_agent,True,
tout proojet de échouer,proojet,échouer,de,proojet,échouer,False,r_processus_agent,True,
un certain projet de réussir,projet,réussir,de,projet,réussir,False,r_processus_agent,True,
ce projet de foirer,projet,foirer,de,projet,foirer,False,r_processus_agent,True,
quel projet de être à bout de souffle,quel projet de être à bout,souffle,de,quel projet de être à bout,souffle,False,r_processus_agent,True,
une projet du être à bout de souffle,une projet du être à bout,souffle,de,une projet du être à bout,souffle,False,r_processus_agent,True,
projêt de être à bout de souffle,projêt de être à bout,souffle,de,projêt de être à bout,souffle,False,r_processus_agent,True,
le projet de se trouver dans,projet,se trouver dans,de,projet,se trouver dan,False,r_processus_agent,True,
quel projet de capoter,projet,capoter,de,projet,capoter,False,r_processus_agent,True,
projet du faillir,projet,faillir,du,projet,faillir,True,r_processus_agent,True,
quel projet de achopper,projet,achopper,de,projet,achopper,False,r_processus_agent,True,
la projèt de achopper,projèt,achopper,de,projèt,achopper,False,r_processus_agent,True,
un projet de battre de l'aile,un projet de battre,l'aile,de,un projet de battre,l'aile,False,r_processus_agent,True,
une projet du battre de ll'aile,une projet du battre,ll'aile,de,une projet du battre,ll'aile,False,r_processus_agent,True,
quel projet de battre de l'aile,quel projet de battre,l'aile,de,quel projet de battre,l'aile,False,r_processus_agent,True,
tout projet de avoir le souffle court,projet,avoir le souffle court,de,projet,avoir le souffle court,False,r_processus_agent,True,
la projet de l'avoir le souffle court,la projet,l'avoir le souffle court,de,la projet,l'avoir le souffle court,False,r_processus_agent,True,
ce projet de rester en plan,projet,rester en plan,de,projet,rester en plan,False,r_processus_agent,True,
ce projet de rester lettre morte,projet,rester lettre morte,de,projet,rester lettre morte,False,r_processus_agent,True,
tout projet de suivre son cours,projet,suivre son cours,de,projet,suivre son cour,False,r_processus_agent,True,
un certain projet de se prendre un vent,projet,se prendre un vent,de,projet,se prendre un vent,False,r_processus_agent,True,
quel projet de être au point mort,projet,être au point mort,de,projet,être au point mort,False,r_processus_agent,True,
un certain projet de être essoufflé,projet,être essoufflé,de,projet,être essoufflé,False,r_processus_agent,True,
ce projet de perdre haleine,projet,perdre haleine,de,projet,perdre haleine,False,r_processus_agent,True,
une projet du être hors d'haleine,une projet,être hors d'haleine,du,une projet,être hors d'haleine,True,r_processus_agent,True,
ce projet de être hors d'haleine,ce projet,être hors d'haleine,de,ce projet,être hors d'haleine,False,r_processus_agent,True,
chaque projet e être hors d'haleine,hors,haleine,d',hor,haleine,False,r_processus_agent,True,
chaque projet de manquer de souffle,chaque projet de manquer,souffle,de,chaque projet de manquer,souffle,False,r_processus_agent,True,
quel projet de manquer de souffle,quel projet de manquer,souffle,de,quel projet de manquer,souffle,False,r_processus_agent,True,
tout projèt de manquer de souffle,tout projèt de manquer,souffle,de,tout projèt de manquer,souffle,False,r_processus_agent,True,
tout projet de accoucher d'une souris,tout projet,accoucher d'une souris,de,tout projet,accoucher d'une souri,False,r_processus_agent,True,
un certain projet de accoucher d'une souris,un certain projet,accoucher d'une souris,de,un certain projet,accoucher d'une souri,False,r_processus_agent,True,
ce projet de accoucher d'une souris,ce projet,accoucher d'une souris,de,ce projet,accoucher d'une souri,False,r_processus_agent,True,
un film du distraire,film,distraire,du,film,distraire,True,r_processus_agent,True,
ce film de ennuyer,film,ennuyer,de,film,ennuyer,False,r_processus_agent,True,
le film de l'ennuyer,le film,l'ennuyer,de,le film,l'ennuyer,False,r_processus_agent,True,
la film du surprendre,film,surprendre,du,film,surprendre,True,r_processus_agent,True,
chaque film de sortir,film,sortir,de,film,sortir,False,r_processus_agent,True,
un film de commencer,film,commencer,de,film,commencer,False,r_processus_agent,True,
tout film de commener,film,commener,de,film,commener,False,r_processus_agent,True,
ce film de provoquer,film,provoquer,de,film,provoquer,False,r_processus_agent,True,
la film du se dérouler,film,se dérouler,du,film,se dérouler,True,r_processus_agent,True,
un film de déplaire,film,déplaire,de,film,déplaire,False,r_processus_agent,True,
ce film de choquer,film,choquer,de,film,choquer,False,r_processus_agent,True,
un certain film de raconter,film,raconter,de,film,raconter,False,r_processus_agent,True,
le film de l'inspirer,le film,l'inspirer,de,le film,l'inspirer,False,r_processus_agent,True,
un film du produire,film,produire,du,film,produire,True,r_processus_agent,True,
ce film de effrayer,film,effrayer,de,film,effrayer,False,r_processus_agent,True,
ce film de terroriser,film,terroriser,de,film,terroriser,False,r_processus_agent,True,
un certain film de envoûter,film,envoûter,de,film,envoûter,False,r_processus_agent,True,
ce film de émouvoir,film,émouvoir,de,film,émouvoir,False,r_processus_agent,True,
tout film de avoir du succès,tout film de avoir,succès,du,tout film de avoir,succè,True,r_processus_agent,True,
chaque film de avoir du succès,chaque film de avoir,succès,du,chaque film de avoir,succè,True,r_processus_agent,True,
quel film de marquer,film,marquer,de,film,marquer,False,r_processus_agent,True,
un cértain film de récupérer,film,récupérer,de,film,récupérer,False,r_processus_agent,True,
film de l'heurter,film,l'heurter,de,film,l'heurter,False,r_processus_agent,True,
tout film de horrifier,film,horrifier,de,film,horrifier,False,r_processus_agent,True,
une film de pleurer,film,pleurer,de,film,pleurer,False,r_processus_agent,True,
quel fiilm de faire peur,fiilm,faire peur,de,fiilm,faire peur,False,r_processus_agent,True,
chaque film de faire peur,film,faire peur,de,film,faire peur,False,r_processus_agent,True,
la film du toucher,film,toucher,du,film,toucher,True,r_processus_agent,True,
le  film de divertir,film,divertir,de,film,divertir,False,r_processus_agent,True,
quel film de empoigner,film,empoigner,de,film,empoigner,False,r_processus_agent,True,
un certain film de se décoller,film,se décoller,de,film,se décoller,False,r_processus_agent,True,
la ilm de se décoller,ilm,se décoller,de,ilm,se décoller,False,r_processus_agent,True,
la film de décrire,film,décrire,de,film,décrire,False,r_processus_agent,True,
ce film de plaire,film,plaire,de,film,plaire,False,r_processus_agent,True,
un certain film de continuer,film,continuer,de,film,continuer,False,r_processus_agent,True,
chaque  film de se gendarmer,film,se gendarmer,de,film,se gendarmer,False,r_processus_agent,True,
le film du faire de la peine,le film du faire,la peine,de,le film du faire,la peine,False,r_processus_agent,True,
ce film de faire de la peine,ce film de faire,la peine,de,ce film de faire,la peine,False,r_processus_agent,True,
tout film de faire de la peine,tout film de faire,la peine,de,tout film de faire,la peine,False,r_processus_agent,True,
chaque film de faire du bruit,chaque film de faire,bruit,du,chaque film de faire,bruit,True,r_processus_agent,True,
quel film de faire du bruit,quel film de faire,bruit,du,quel film de faire,bruit,True,r_processus_agent,True,
un certain fillm de faire du bruit,un certain fillm de faire,bruit,du,un certain fillm de faire,bruit,True,r_processus_agent,True,
ce film de faire un tabac,film,faire un tabac,de,film,faire un tabac,False,r_processus_agent,True,
quel film de faire rire,film,faire rire,de,film,faire rire,False,r_processus_agent,True,
le film de l'envouter,le film,l'envouter,de,le film,l'envouter,False,r_processus_agent,True,
chaque film de faire sensation,film,faire sensation,de,film,faire sensation,False,r_processus_agent,True,
un certain film de remporter un vif succès,film,remporter un vif succès,de,film,remporter un vif succè,False,r_processus_agent,True,
ce film de se tailler un beau succès,film,se tailler un beau succès,de,film,se tailler un beau succè,False,r_processus_agent,True,
le film de faire un crton,film,faire un crton,de,film,faire un crton,False,r_processus_agent,True,
ce film de faire un carton,film,faire un carton,de,film,faire un carton,False,r_processus_agent,True,
tout film de faire du foin,tout film de faire,foin,du,tout film de faire,foin,True,r_processus_agent,True,
chaque film de faire du foin,chaque film de faire,foin,du,chaque film de faire,foin,True,r_processus_agent,True,
une film de faire du foin,une film de faire,foin,du,une film de faire,foin,True,r_processus_agent,True,
tout film de faire pleurer,film,faire pleurer,de,film,faire pleurer,False,r_processus_agent,True,
un film du fairè un bisou,film,fairè un bisou,du,film,fairè un bisou,True,r_processus_agent,True,
quel film de faire un bisou,film,faire un bisou,de,film,faire un bisou,False,r_processus_agent,True,
chaque film de être nul,film,être nul,de,film,être nul,False,r_processus_agent,True,
ce destruction de entreprendre,destruction,entreprendre,de,destruction,entreprendre,False,r_processus_patient,True,
une destruction de l'entreprendre,une destruction,l'entreprendre,de,une destruction,l'entreprendre,False,r_processus_patient,True,
le destruction de l'annoncer,le destruction,l'annoncer,de,le destruction,l'annoncer,False,r_processus_patient,True,
chaque destruction de reconstruire,destruction,reconstruire,de,destruction,reconstruire,False,r_processus_patient,True,
un destruction de survivre à,destruction,survivre à,de,destruction,survivre à,False,r_processus_patient,True,
un certain destruction de vivre plus longtemps que,destruction,vivre plus longtemps que,de,destruction,vivre plus longtemps que,False,r_processus_patient,True,
destruction du durer plus longtemps que,destruction,durer plus longtemps que,de,destruction,durer plus longtemps que,False,r_processus_patient,True,
chaque construction de assurer,construction,assurer,de,construction,assurer,False,r_processus_patient,True,
un  construction de terminer,construction,terminer,de,construction,terminer,False,r_processus_patient,True,
un  construction de solidifier,construction,solidifier,de,construction,solidifier,False,r_processus_patient,True,
tout construction de soliifier,construction,soliifier,de,construction,soliifier,False,r_processus_patient,True,
chaque construction de entreprendre,construction,entreprendre,de,construction,entreprendre,False,r_processus_patient,True,
la construction de l'entreprendre,la construction,l'entreprendre,de,la construction,l'entreprendre,False,r_processus_patient,True,
tout construction de retaper,construction,retaper,de,construction,retaper,False,r_processus_patient,True,
chaque construction de ravaler,construction,ravaler,de,construction,ravaler,False,r_processus_patient,True,
chaquè construction de soutenir,construction,soutenir,de,construction,soutenir,False,r_processus_patient,True,
constuction du démolir,constuction,démolir,du,constuction,démolir,True,r_processus_patient,True,
quel construction de démolir,construction,démolir,de,construction,démolir,False,r_processus_patient,True,
chaque construction de chiffrer,construction,chiffrer,de,construction,chiffrer,False,r_processus_patient,True,
construction de l'empêcher,construction,l'empêcher,de,construction,l'empêcher,False,r_processus_patient,True,
la construction de  détruire,construction,détruire,de,construction,détruire,False,r_processus_patient,True,
tout construction de diriger,construction,diriger,de,construction,diriger,False,r_processus_patient,True,
quel cuisson de commencer,cuisson,commencer,de,cuisson,commencer,False,r_processus_patient,True,
cuisson du prolonger,cuisson,prolonger,du,cuisson,prolonger,True,r_processus_patient,True,
ce cuisson de surveiller,cuisson,surveiller,de,cuisson,surveiller,False,r_processus_patient,True,
un cuisson de finalliser,cuisson,finalliser,de,cuisson,finalliser,False,r_processus_patient,True,
tout  cuisson de finaliser,cuisson,finaliser,de,cuisson,finaliser,False,r_processus_patient,True,
une cuisson de nécessiter,cuisson,nécessiter,de,cuisson,nécessiter,False,r_processus_patient,True,
un certain cuisson de subir,cuisson,subir,de,cuisson,subir,False,r_processus_patient,True,
ce cuisson de minuter,cuisson,minuter,de,cuisson,minuter,False,r_processus_patient,True,
tout cuisson de rater,cuisson,rater,de,cuisson,rater,False,r_processus_patient,True,
tout cuisson de vérifier,cuisson,vérifier,de,cuisson,vérifier,False,r_processus_patient,True,
quel cuisson de accompagner,cuisson,accompagner,de,cuisson,accompagner,False,r_processus_patient,True,
ce cuisson de accmpagner,cuisson,accmpagner,de,cuisson,accmpagner,False,r_processus_patient,True,
quel cuisson de continuer,cuisson,continuer,de,cuisson,continuer,False,r_processus_patient,True,
une  cuisson du démarrer,cuisson,démarrer,du,cuisson,démarrer,True,r_processus_patient,True,
un certain lecture de faciliter,lecture,faciliter,de,lecture,faciliter,False,r_processus_patient,True,
lecture de l'aimer,lecture,l'aimer,de,lecture,l'aimer,False,r_processus_patient,True,
tout lécture de empêcher,lécture,empêcher,de,lécture,empêcher,False,r_processus_patient,True,
quel lecturee de empêcher,lecturee,empêcher,de,lecturee,empêcher,False,r_processus_patient,True,
ce lecture de empêcher,lecture,empêcher,de,lecture,empêcher,False,r_processus_patient,True,
chaque lecture de se plonger dans,lecture,se plonger dans,de,lecture,se plonger dan,False,r_processus_patient,True,
un lectue du reprendre,lectue,reprendre,du,lectue,reprendre,True,r_processus_patient,True,
ce lecture de reprendre,lecture,reprendre,de,lecture,reprendre,False,r_processus_patient,True,
un certain lecture de se faciliter,lecture,se faciliter,de,lecture,se faciliter,False,r_processus_patient,True,
quel analyse de réiger,analyse,réiger,de,analyse,réiger,False,r_processus_patient,True,
un certain analyse de rédiger,analyse,rédiger,de,analyse,rédiger,False,r_processus_patient,True,
ce analyse de faciliter,analyse,faciliter,de,analyse,faciliter,False,r_processus_patient,True,
tout analyse de publier,analyse,publier,de,analyse,publier,False,r_processus_patient,True,
chaque analyse de se faciliter,analyse,se faciliter,de,analyse,se faciliter,False,r_processus_patient,True,
chaque outil de retirer,outil,retirer,de,outil,retirer,False,r_processus>instr-1,True,
un certain outil de façonner,outil,façonner,de,outil,façonner,False,r_processus>instr-1,True,
un certain outil de réaliser,outil,réaliser,de,outil,réaliser,False,r_processus>instr-1,True,
quel outil de modifier,outil,modifier,de,outil,modifier,False,r_processus>instr-1,True,
quèl outil de blesser,outil,blesser,de,outil,blesser,False,r_processus>instr-1,True,
une outil de l'enterrer,une outil,l'enterrer,de,une outil,l'enterrer,False,r_processus>instr-1,True,
quel outil de démonter,outil,démonter,de,outil,démonter,False,r_processus>instr-1,True,
quel outil de peindre,outil,peindre,de,outil,peindre,False,r_processus>instr-1,True,
ce outil de fabriquer,outil,fabriquer,de,outil,fabriquer,False,r_processus>instr-1,True,
la outil du frapper,outil,frapper,du,outil,frapper,True,r_processus>instr-1,True,
un certain otil de frapper,otil,frapper,de,otil,frapper,False,r_processus>instr-1,True,
la outil de sculpter,outil,sculpter,de,outil,sculpter,False,r_processus>instr-1,True,
un certain outil de bloquer,outil,bloquer,de,outil,bloquer,False,r_processus>instr-1,True,
un outil du démanteler,outil,démanteler,du,outil,démanteler,True,r_processus>instr-1,True,
une outil de l'utiliser,une outil,l'utiliser,de,une outil,l'utiliser,False,r_processus>instr-1,True,
une outil de casser,outil,casser,de,outil,casser,False,r_processus>instr-1,True,
tout outil de former,outil,former,de,outil,former,False,r_processus>instr-1,True,
un certain outil de adapter,outil,adapter,de,outil,adapter,False,r_processus>instr-1,True,
outil de l'adapter,outil,l'adapter,de,outil,l'adapter,False,r_processus>instr-1,True,
la outil du travailler,outil,travailler,du,outil,travailler,True,r_processus>instr-1,True,
un certain outil de ramasser,outil,ramasser,de,outil,ramasser,False,r_processus>instr-1,True,
outil du machiner,outil,machiner,du,outil,machiner,True,r_processus>instr-1,True,
tout outil de agir,outil,agir,de,outil,agir,False,r_processus>instr-1,True,
la outil de l'agir,la outil,l'agir,de,la outil,l'agir,False,r_processus>instr-1,True,
tout outil de construire,outil,construire,de,outil,construire,False,r_processus>instr-1,True,
quel outil de rénover,outil,rénover,de,outil,rénover,False,r_processus>instr-1,True,
chaque outil de charcuter,outil,charcuter,de,outil,charcuter,False,r_processus>instr-1,True,
quel outil de réparer,outil,réparer,de,outil,réparer,False,r_processus>instr-1,True,
tout outil de répaer,outil,répaer,de,outil,répaer,False,r_processus>instr-1,True,
outil de forcer,outil,forcer,de,outil,forcer,False,r_processus>instr-1,True,
chaque outil de finir,outil,finir,de,outil,finir,False,r_processus>instr-1,True,
un certain outil de restaurer,outil,restaurer,de,outil,restaurer,False,r_processus>instr-1,True,
tout outil de langer,outil,langer,de,outil,langer,False,r_processus>instr-1,True,
outil de couper,outil,couper,de,outil,couper,False,r_processus>instr-1,True,
un certain outil de creuser,outil,creuser,de,outil,creuser,False,r_processus>instr-1,True,
chaque outil de bricoler,outil,bricoler,de,outil,bricoler,False,r_processus>instr-1,True,
une instrument de  réaliser,instrument,réaliser,de,instrument,réaliser,False,r_processus>instr-1,True,
quel instrument de réalser,instrument,réalser,de,instrument,réalser,False,r_processus>instr-1,True,
un instrument de carillonner,instrument,carillonner,de,instrument,carillonner,False,r_processus>instr-1,True,
tout instrumènt de carillonner,instrumènt,carillonner,de,instrumènt,carillonner,False,r_processus>instr-1,True,
le instrument du fabriquer,instrument,fabriquer,du,instrument,fabriquer,True,r_processus>instr-1,True,
un cerain instrument de refaire,instrument,refaire,de,instrument,refaire,False,r_processus>instr-1,True,
un instrument de l'orchestrer,un instrument,l'orchestrer,de,un instrument,l'orchestrer,False,r_processus>instr-1,True,
instrument de créer,instrument,créer,de,instrument,créer,False,r_processus>instr-1,True,
quel instrument de finir,instrument,finir,de,instrument,finir,False,r_processus>instr-1,True,
le nstrument de jouer,nstrument,jouer,de,nstrument,jouer,False,r_processus>instr-1,True,
tout instrument de jouer,instrument,jouer,de,instrument,jouer,False,r_processus>instr-1,True,
tout instrument de faire de la musique,tout instrument de faire,la musique,de,tout instrument de faire,la musique,False,r_processus>instr-1,True,
ce nstrument de faire de la musique,ce nstrument de faire,la musique,de,ce nstrument de faire,la musique,False,r_processus>instr-1,True,
instrument de faire de la musique,instrument de faire,la musique,de,instrument de faire,la musique,False,r_processus>instr-1,True,
instrument de jouer de la musique,instrument de jouer,la musique,de,instrument de jouer,la musique,False,r_processus>instr-1,True,
une instrument du jouer de la musique,une instrument du jouer,la musique,de,une instrument du jouer,la musique,False,r_processus>instr-1,True,
tout instrument de jouer de la musique,tout instrument de jouer,la musique,de,tout instrument de jouer,la musique,False,r_processus>instr-1,True,
quel instrument de diffuser de la musique,quel instrument de diffuser,la musique,de,quel instrument de diffuser,la musique,False,r_processus>instr-1,True,
ce instrument de diffuser de la musique,ce instrument de diffuser,la musique,de,ce instrument de diffuser,la musique,False,r_processus>instr-1,True,
la instrument du diffuser de la musique,la instrument du diffuser,la musique,de,la instrument du diffuser,la musique,False,r_processus>instr-1,True,
une machine du pétrir,machine,pétrir,du,machine,pétrir,True,r_processus>instr-1,True,
tout machine de démanteler,machine,démanteler,de,machine,démanteler,False,r_processus>instr-1,True,
chaque machine de rapiécer,machine,rapiécer,de,machine,rapiécer,False,r_processus>instr-1,True,
ce machine de linger,machine,linger,de,machine,linger,False,r_processus>instr-1,True,
chaque machine de tisser,machine,tisser,de,machine,tisser,False,r_processus>instr-1,True,
quel machine de rincer,machine,rincer,de,machine,rincer,False,r_processus>instr-1,True,
un certain machine de broyer,machine,broyer,de,machine,broyer,False,r_processus>instr-1,True,
tout appareil de pétrir,appareil,pétrir,de,appareil,pétrir,False,r_processus>instr-1,True,
ce appareil de modifier,appareil,modifier,de,appareil,modifier,False,r_processus>instr-1,True,
quel appareil de zézayer,appareil,zézayer,de,appareil,zézayer,False,r_processus>instr-1,True,
tout appareil de friser,appareil,friser,de,appareil,friser,False,r_processus>instr-1,True,
chaque appareil de mesurer,appareil,mesurer,de,appareil,mesurer,False,r_processus>instr-1,True,
ce appareil de voler,appareil,voler,de,appareil,voler,False,r_processus>instr-1,True,
chaque appareil de tester,appareil,tester,de,appareil,tester,False,r_processus>instr-1,True,
chaque appareil de vibrer,appareil,vibrer,de,appareil,vibrer,False,r_processus>instr-1,True,
ce appareil de prendre,appareil,prendre,de,appareil,prendre,False,r_processus>instr-1,True,
cê appareil de remplir,appareil,remplir,de,appareil,remplir,False,r_processus>instr-1,True,
quel appareil de photographier,appareil,photographier,de,appareil,photographier,False,r_processus>instr-1,True,
une appareil de garnir,appareil,garnir,de,appareil,garnir,False,r_processus>instr-1,True,
le aappareil du garnir,aappareil,garnir,du,aappareil,garnir,True,r_processus>instr-1,True,
ce appareil de jaillir,appareil,jaillir,de,appareil,jaillir,False,r_processus>instr-1,True,
appareil  de l'ouïr,appareil,l'ouïr,de,appareil,l'ouïr,False,r_processus>instr-1,True,
une appaeil de enregistrer,appaeil,enregistrer,de,appaeil,enregistrer,False,r_processus>instr-1,True,
tout appareil de langer,appareil,langer,de,appareil,langer,False,r_processus>instr-1,True,
quel appareil de zozoter,appareil,zozoter,de,appareil,zozoter,False,r_processus>instr-1,True,
une appareil de zézéyer,appareil,zézéyer,de,appareil,zézéyer,False,r_processus>instr-1,True,
quel ustensile de ramasser,ustensile,ramasser,de,ustensile,ramasser,False,r_processus>instr-1,True,
quel ustensile de cuisiner,ustensile,cuisiner,de,ustensile,cuisiner,False,r_processus>instr-1,True,
tout ustensile de cisiner,ustensile,cisiner,de,ustensile,cisiner,False,r_processus>instr-1,True,
quel ustensile de touiller,ustensile,touiller,de,ustensile,touiller,False,r_processus>instr-1,True,
un certain force de vivant,force,vivant,de,force,vivant,False,r_has_property-1,True,
ce  force de musculaire,force,musculaire,de,force,musculaire,False,r_has_property-1,True,
la force de tranquille,force,tranquille,de,force,tranquille,False,r_has_property-1,True,
forcê de vive,forcê,vive,de,forcê,vive,False,r_has_property-1,True,
tout orce de vive,orce,vive,de,orce,vive,False,r_has_property-1,True,
un certain force de donné,force,donné,de,force,donné,False,r_has_property-1,True,
tout forcè de donné,forcè,donné,de,forcè,donné,False,r_has_property-1,True,
force du conjuguée,force,conjuguée,du,force,conjuguée,True,r_has_property-1,True,
un force du physique,force,physique,du,force,physique,True,r_has_property-1,True,
un ertain force de sauvage,force,sauvage,de,force,sauvage,False,r_has_property-1,True,
un certain force de brute,force,brute,de,force,brute,False,r_has_property-1,True,
chaque force de conjugué,force,conjugué,de,force,conjugué,False,r_has_property-1,True,
un certain force de vivipare,force,vivipare,de,force,vivipare,False,r_has_property-1,True,
ce force de donnée,force,donnée,de,force,donnée,False,r_has_property-1,True,
tout force de exercé,force,exercé,de,force,exercé,False,r_has_property-1,True,
un certain force de execé,force,execé,de,force,execé,False,r_has_property-1,True,
quel force de affriolant,force,affriolant,de,force,affriolant,False,r_has_property-1,True,
un cêrtain force de mort,force,mort,de,force,mort,False,r_has_property-1,True,
un force du mentale,force,mentale,du,force,mentale,True,r_has_property-1,True,
quel force de puissant,force,puissant,de,force,puissant,False,r_has_property-1,True,
un certain force de électrique,force,électrique,de,force,électrique,False,r_has_property-1,True,
force de jolie,force,jolie,de,force,jolie,False,r_has_property-1,True,
la force de l'armée,la force,l'armée,de,la force,l'armée,False,r_has_property-1,True,
tout force de musculeuse,force,musculeuse,de,force,musculeuse,False,r_has_property-1,True,
tout force de spéciale,force,spéciale,de,force,spéciale,False,r_has_property-1,True,
la force de grande,force,grande,de,force,grande,False,r_has_property-1,True,
la force de humaine,force,humaine,de,force,humaine,False,r_has_property-1,True,
force de l'humaine,force,l'humaine,de,force,l'humaine,False,r_has_property-1,True,
chaque force de de frappe,force,de frappe,de,force,de frappe,False,r_has_property-1,True,
force du de frappe,force du,frappe,de,force du,frappe,False,r_has_property-1,True,
tout force de puissante,force,puissante,de,force,puissante,False,r_has_property-1,True,
un force du brutale,force,brutale,du,force,brutale,True,r_has_property-1,True,
tout foce de brutale,foce,brutale,de,foce,brutale,False,r_has_property-1,True,
un certain force de de la nature,un certain force de,la nature,de,un certain force de,la nature,False,r_has_property-1,True,
la force du de la nature,la force du,la nature,de,la force du,la nature,False,r_has_property-1,True,
quel force de de la nature,quel force de,la nature,de,quel force de,la nature,False,r_has_property-1,True,
une force du gravitatoire,force,gravitatoire,du,force,gravitatoire,True,r_has_property-1,True,
un force de collective,force,collective,de,force,collective,False,r_has_property-1,True,
force de attractive,force,attractive,de,force,attractive,False,r_has_property-1,True,
un  certain force de bilatéralement symétrique,force,bilatéralement symétrique,de,force,bilatéralement symétrique,False,r_has_property-1,True,
ce force de équivalente,force,équivalente,de,force,équivalente,False,r_has_property-1,True,
quel forcce de exercée,forcce,exercée,de,forcce,exercée,False,r_has_property-1,True,
quél force de human,force,human,de,force,human,False,r_has_property-1,True,
une force de l'human,une force,l'human,de,une force,l'human,False,r_has_property-1,True,
ce force de tentante,force,tentante,de,force,tentante,False,r_has_property-1,True,
force du fonctionné,force,fonctionné,du,force,fonctionné,True,r_has_property-1,True,
ce force de fonctionnée,force,fonctionnée,de,force,fonctionnée,False,r_has_property-1,True,
un certain force de puisé,force,puisé,de,force,puisé,False,r_has_property-1,True,
un force de puisée,force,puisée,de,force,puisée,False,r_has_property-1,True,
tout force de très musclé,force,très musclé,de,force,très musclé,False,r_has_property-1,True,
chaque intelligence de lucide,intelligence,lucide,de,intelligence,lucide,False,r_has_property-1,True,
tout intelligence de variable,intelligence,variable,de,intelligence,variable,False,r_has_property-1,True,
intelligence de tactique,intelligence,tactique,de,intelligence,tactique,False,r_has_property-1,True,
le  intelligence de vive,intelligence,vive,de,intelligence,vive,False,r_has_property-1,True,
quel intelligence de frelaté,intelligence,frelaté,de,intelligence,frelaté,False,r_has_property-1,True,
la intelligence de normale,intelligence,normale,de,intelligence,normale,False,r_has_property-1,True,
un intelligence du faible,intelligence,faible,du,intelligence,faible,True,r_has_property-1,True,
une intelligence de l'artificielle,une intelligence,l'artificielle,de,une intelligence,l'artificielle,False,r_has_property-1,True,
intelligence de artificielle,intelligence,artificielle,de,intelligence,artificielle,False,r_has_property-1,True,
quêl intelligence de en général,intelligence,en général,de,intelligence,en général,False,r_has_property-1,True,
ce intelligence de more,intelligence,more,de,intelligence,more,False,r_has_property-1,True,
chaque intelligence de noble,intelligence,noble,de,intelligence,noble,False,r_has_property-1,True,
ce intelligence de précoce,intelligence,précoce,de,intelligence,précoce,False,r_has_property-1,True,
tout intelligence de supérieure,intelligence,supérieure,de,intelligence,supérieure,False,r_has_property-1,True,
la intelligence de stratégique,intelligence,stratégique,de,intelligence,stratégique,False,r_has_property-1,True,
un certain intelligence de vaste,intelligence,vaste,de,intelligence,vaste,False,r_has_property-1,True,
tout intelligence de remarquable,intelligence,remarquable,de,intelligence,remarquable,False,r_has_property-1,True,
intelligence de belle,intelligence,belle,de,intelligence,belle,False,r_has_property-1,True,
un cértain intelligence de élevé,intelligence,élevé,de,intelligence,élevé,False,r_has_property-1,True,
quel intelligence de pratique,intelligence,pratique,de,intelligence,pratique,False,r_has_property-1,True,
la intelligence de l'humaine,la intelligence,l'humaine,de,la intelligence,l'humaine,False,r_has_property-1,True,
chaque intelligence de mesurée,intelligence,mesurée,de,intelligence,mesurée,False,r_has_property-1,True,
quel intelligence de illuminée,intelligence,illuminée,de,intelligence,illuminée,False,r_has_property-1,True,
le intelligence de l'exceptionnelle,le intelligence,l'exceptionnelle,de,le intelligence,l'exceptionnelle,False,r_has_property-1,True,
chaque intelligence de collective,intelligence,collective,de,intelligence,collective,False,r_has_property-1,True,
chaquè intelligence de surnaturelle,intelligence,surnaturelle,de,intelligence,surnaturelle,False,r_has_property-1,True,
la intelligence du simulée,intelligence,simulée,du,intelligence,simulée,True,r_has_property-1,True,
tout intélligence de simulée,intélligence,simulée,de,intélligence,simulée,False,r_has_property-1,True,
tout intelligence de réchauffée,intelligence,réchauffée,de,intelligence,réchauffée,False,r_has_property-1,True,
ce intelligence de stimulée,intelligence,stimulée,de,intelligence,stimulée,False,r_has_property-1,True,
une intelligence du émotionnelle,intelligence,émotionnelle,du,intelligence,émotionnelle,True,r_has_property-1,True,
ce intelligence de admirée,intelligence,admirée,de,intelligence,admirée,False,r_has_property-1,True,
la intelligence de l'admirée,la intelligence,l'admirée,de,la intelligence,l'admirée,False,r_has_property-1,True,
un certain intelligence de en anglais,intelligence,en anglais,de,intelligence,en anglai,False,r_has_property-1,True,
la intelligence de emotional,intelligence,emotional,de,intelligence,emotional,False,r_has_property-1,True,
courage de extraordinaire,courage,extraordinaire,de,courage,extraordinaire,False,r_has_property-1,True,
un courage de désirable,courage,désirable,de,courage,désirable,False,r_has_property-1,True,
la courage du rassemblé,courage,rassemblé,du,courage,rassemblé,True,r_has_property-1,True,
la courage de l'audacieux,la courage,l'audacieux,de,la courage,l'audacieu,False,r_has_property-1,True,
quel courage de opposant,courage,opposant,de,courage,opposant,False,r_has_property-1,True,
le courage de l'opposant,le courage,l'opposant,de,le courage,l'opposant,False,r_has_property-1,True,
un  certain courage de redoublé,courage,redoublé,de,courage,redoublé,False,r_has_property-1,True,
chaque courage de manifesté,courage,manifesté,de,courage,manifesté,False,r_has_property-1,True,
quêl courage de fonctionné,courage,fonctionné,de,courage,fonctionné,False,r_has_property-1,True,
tout curage de fonctionné,curage,fonctionné,de,curage,fonctionné,False,r_has_property-1,True,
un certain courage de puisé,courage,puisé,de,courage,puisé,False,r_has_property-1,True,
chaque gentillesse de grande,gentillesse,grande,de,gentillesse,grande,False,r_has_property-1,True,
un sagesse du politique,sagesse,politique,du,sagesse,politique,True,r_has_property-1,True,
tout sagesse de popullaire,sagesse,popullaire,de,sagesse,popullaire,False,r_has_property-1,True,
la sagesse de populaire,sagesse,populaire,de,sagesse,populaire,False,r_has_property-1,True,
cé sagesse de désirable,sagesse,désirable,de,sagesse,désirable,False,r_has_property-1,True,
tout sagesse de profonde,sagesse,profonde,de,sagesse,profonde,False,r_has_property-1,True,
quel sagesse de simple,sagesse,simple,de,sagesse,simple,False,r_has_property-1,True,
sagesse de l'expérimenté,sagesse,l'expérimenté,de,sagesse,l'expérimenté,False,r_has_property-1,True,
une sagesse de précieuse,sagesse,précieuse,de,sagesse,précieuse,False,r_has_property-1,True,
une sagesse du grande,sagesse,grande,de,sagesse,grande,False,r_has_property-1,True,
chaque sagesse de mesurée,sagesse,mesurée,de,sagesse,mesurée,False,r_has_property-1,True,
tout sagesse de cultivée,sagesse,cultivée,de,sagesse,cultivée,False,r_has_property-1,True,
une sagesse de l'intemporelle,une sagesse,l'intemporelle,de,une sagesse,l'intemporelle,False,r_has_property-1,True,
ce sagesse de intemporelle,sagesse,intemporelle,de,sagesse,intemporelle,False,r_has_property-1,True,
la sagesse du réfléchie,sagesse,réfléchie,du,sagesse,réfléchie,True,r_has_property-1,True,
quel sagesse de transmise,sagesse,transmise,de,sagesse,transmise,False,r_has_property-1,True,
ce talent de vivant,talent,vivant,de,talent,vivant,False,r_has_property-1,True,
un tallent de indéniable,tallent,indéniable,de,tallent,indéniable,False,r_has_property-1,True,
talent de musical,talent,musical,de,talent,musical,False,r_has_property-1,True,
quel talent de local,talent,local,de,talent,local,False,r_has_property-1,True,
chaque talent de exceptionnel,talent,exceptionnel,de,talent,exceptionnel,False,r_has_property-1,True,
ce talent de confirmé,talent,confirmé,de,talent,confirmé,False,r_has_property-1,True,
chaque talent de naissant,talent,naissant,de,talent,naissant,False,r_has_property-1,True,
un certain talent de offensif,talent,offensif,de,talent,offensif,False,r_has_property-1,True,
quel talent de jeune,talent,jeune,de,talent,jeune,False,r_has_property-1,True,
un certain talent de eucaryote,talent,eucaryote,de,talent,eucaryote,False,r_has_property-1,True,
chaque talent de voulu,talent,voulu,de,talent,voulu,False,r_has_property-1,True,
tout talent de belge,talent,belge,de,talent,belge,False,r_has_property-1,True,
quel talent de particulier,talent,particulier,de,talent,particulier,False,r_has_property-1,True,
un certain talent de mortel,talent,mortel,de,talent,mortel,False,r_has_property-1,True,
chaque talent de hétérotrophe,talent,hétérotrophe,de,talent,hétérotrophe,False,r_has_property-1,True,
quel talent de médiocre,talent,médiocre,de,talent,médiocre,False,r_has_property-1,True,
quél talent de vivipare,talent,vivipare,de,talent,vivipare,False,r_has_property-1,True,
tout talent de stratégique,talent,stratégique,de,talent,stratégique,False,r_has_property-1,True,
talènt de stratégique,talènt,stratégique,de,talènt,stratégique,False,r_has_property-1,True,
ce talent de remarquable,talent,remarquable,de,talent,remarquable,False,r_has_property-1,True,
quel talent de propre,talent,propre,de,talent,propre,False,r_has_property-1,True,
ce talent de mort,talent,mort,de,talent,mort,False,r_has_property-1,True,
quel talent de latent,talent,latent,de,talent,latent,False,r_has_property-1,True,
chaque talent de prouvé,talent,prouvé,de,talent,prouvé,False,r_has_property-1,True,
quel talent de totale,talent,totale,de,talent,totale,False,r_has_property-1,True,
chaque talent de montré,talent,montré,de,talent,montré,False,r_has_property-1,True,
un talênt du bilatéralement symétrique,talênt,bilatéralement symétrique,du,talênt,bilatéralement symétrique,True,r_has_property-1,True,
quel talent de bilatéralement symétrique,talent,bilatéralement symétrique,de,talent,bilatéralement symétrique,False,r_has_property-1,True,
quel  talent de en or massif,talent,en or massif,de,talent,en or massif,False,r_has_property-1,True,
quel livre de droit,livre,droit,de,livre,droit,False,r_topic,True,
chaque livre de édition,livre,édition,de,livre,édition,False,r_topic,True,
le livre du cculture,livre,cculture,du,livre,cculture,True,r_topic,True,
tout livre de culture,livre,culture,de,livre,culture,False,r_topic,True,
quel livre de mathématiques,livre,mathématiques,de,livre,mathématique,False,r_topic,True,
chaque livre de monnaie,livre,monnaie,de,livre,monnaie,False,r_topic,True,
quel  livre de poids et mesures,livre,poids et mesures,de,livre,poids et mesure,False,r_topic,True,
le livre de poids et esures,livre,poids et esures,de,livre,poids et esure,False,r_topic,True,
la livre de littérature,livre,littérature,de,livre,littérature,False,r_topic,True,
chaque livre de commerce,livre,commerce,de,livre,commerce,False,r_topic,True,
quel livre de toxicomanie,livre,toxicomanie,de,livre,toxicomanie,False,r_topic,True,
le livre du musique,livre,musique,du,livre,musique,True,r_topic,True,
quel livre de métrologie,livre,métrologie,de,livre,métrologie,False,r_topic,True,
un certain livre de France,livre,france,de,livre,france,False,r_topic,True,
la livre du lecture,livre,lecture,du,livre,lecture,True,r_topic,True,
cè livre de vie quotidienne,livre,vie quotidienne,de,livre,vie quotidienne,False,r_topic,True,
ce livre de diplomatie,livre,diplomatie,de,livre,diplomatie,False,r_topic,True,
la  livre de drogue,livre,drogue,de,livre,drogue,False,r_topic,True,
le livre du marine,livre,marine,du,livre,marine,True,r_topic,True,
ce livre de unités de mesure,ce livre de unités,mesure,de,ce livre de unité,mesure,False,r_topic,True,
le livre de l'unités de mesure,le livre de l'unités,mesure,de,le livre de l'unité,mesure,False,r_topic,True,
la livre de unités de mesure,la livre de unités,mesure,de,la livre de unité,mesure,False,r_topic,True,
un livre de music,livre,music,de,livre,music,False,r_topic,True,
ce livre de mmusic,livre,mmusic,de,livre,mmusic,False,r_topic,True,
la livrè de Économie,livrè,économie,de,livrè,économie,False,r_topic,True,
tout livre de stupéfiants,livre,stupéfiants,de,livre,stupéfiant,False,r_topic,True,
une film du photographie,film,photographie,du,film,photographie,True,r_topic,True,
quel film de photoggraphie,film,photoggraphie,de,film,photoggraphie,False,r_topic,True,
tout film de conditionnement,film,conditionnement,de,film,conditionnement,False,r_topic,True,
chaque film de technique,film,technique,de,film,technique,False,r_topic,True,
film de septième art,film,septième art,de,film,septième art,False,r_topic,True,
chaque film de septièème art,film,septièème art,de,film,septièème art,False,r_topic,True,
le film de cinéma,film,cinéma,de,film,cinéma,False,r_topic,True,
la film du cinma,film,cinma,du,film,cinma,True,r_topic,True,
chaque film de recréaation,film,recréaation,de,film,recréaation,False,r_topic,True,
tout film de recréation,film,recréation,de,film,recréation,False,r_topic,True,
tout film de films,film,films,de,film,film,False,r_topic,True,
chaque film de physique,film,physique,de,film,physique,False,r_topic,True,
quel film de chimie,film,chimie,de,film,chimie,False,r_topic,True,
le film de loisirs,film,loisirs,de,film,loisir,False,r_topic,True,
film de télévision,film,télévision,de,film,télévision,False,r_topic,True,
un certain film de lettres,film,lettres,de,film,lettre,False,r_topic,True,
un certain film de vidéothèque,film,vidéothèque,de,film,vidéothèque,False,r_topic,True,
un certain film de nutrition,film,nutrition,de,film,nutrition,False,r_topic,True,
chaque film de vidéo,film,vidéo,de,film,vidéo,False,r_topic,True,
un certain film de alimentation,film,alimentation,de,film,alimentation,False,r_topic,True,
un certain film de vie quotidienne,film,vie quotidienne,de,film,vie quotidienne,False,r_topic,True,
tout film de vacances,film,vacances,de,film,vacance,False,r_topic,True,
la film du économie,film,économie,du,film,économie,True,r_topic,True,
un certain film de Video,film,video,de,film,video,False,r_topic,True,
un film de l'artistic,un film,l'artistic,de,un film,l'artistic,False,r_topic,True,
le film de artistic,film,artistic,de,film,artistic,False,r_topic,True,
quel film de chymie,film,chymie,de,film,chymie,False,r_topic,True,
unè film de l'humanities,unè film,l'humanities,de,unè film,l'humanitie,False,r_topic,True,
chaque film de humanities,film,humanities,de,film,humanitie,False,r_topic,True,
tout  film de literature,film,literature,de,film,literature,False,r_topic,True,
chaque cours de droit,cours,droit,de,cour,droit,False,r_topic,True,
quel cours de hydrographie,cours,hydrographie,de,cour,hydrographie,False,r_topic,True,
ce cours de tourisme,cours,tourisme,de,cour,tourisme,False,r_topic,True,
chaque cours de ôtellerie,cours,ôtellerie,de,cour,ôtellerie,False,r_topic,True,
la couurs de l'hôtellerie,la couurs,l'hôtellerie,de,la couur,l'hôtellerie,False,r_topic,True,
un certain coours de formation,coours,formation,de,coour,formation,False,r_topic,True,
une cours du formation,cours,formation,du,cour,formation,True,r_topic,True,
chaque cours de temps,cours,temps,de,cour,temp,False,r_topic,True,
ce cours de matière,cours,matière,de,cour,matière,False,r_topic,True,
un certain cours de biologie,cours,biologie,de,cour,biologie,False,r_topic,True,
une cours du jurisprudence,cours,jurisprudence,de,cour,jurisprudence,False,r_topic,True,
un certain cours de hydrologie,cours,hydrologie,de,cour,hydrologie,False,r_topic,True,
la cours du chimie,cours,chimie,du,cour,chimie,True,r_topic,True,
quel cours de phylogénie,cours,phylogénie,de,cour,phylogénie,False,r_topic,True,
un certain cours de commerce,cours,commerce,de,cour,commerce,False,r_topic,True,
ce cours de finance,cours,finance,de,cour,finance,False,r_topic,True,
cours de l'eau,cours,l'eau,de,cour,l'eau,False,r_topic,True,
la cours de l'enseignement,la cours,l'enseignement,de,la cour,l'enseignement,False,r_topic,True,
tout cours de enseignement,cours,enseignement,de,cour,enseignement,False,r_topic,True,
le cours de éducation,cours,éducation,de,cour,éducation,False,r_topic,True,
une cours de scolaire,cours,scolaire,de,cour,scolaire,False,r_topic,True,
une cours du scolarité,cours,scolarité,du,cour,scolarité,True,r_topic,True,
quel cours de économie,cours,économie,de,cour,économie,False,r_topic,True,
cours de cours d'eau,cours,cours d'eau,de,cour,cours d'eau,False,r_topic,True,
un certain cours de cours d'eau,un certain cours,cours d'eau,de,un certain cour,cours d'eau,False,r_topic,True,
quel cours de cours d'eau,quel cours,cours d'eau,de,quel cour,cours d'eau,False,r_topic,True,
tout cours de marine,cours,marine,de,cour,marine,False,r_topic,True,
un cours du évolution,cours,évolution,du,cour,évolution,True,r_topic,True,
ce cours de fleuves,cours,fleuves,de,cour,fleuve,False,r_topic,True,
cours de l'aménagement urbain,cours,l'aménagement urbain,de,cour,l'aménagement urbain,False,r_topic,True,
un certain cours de biologie évolutive,cours,biologie évolutive,de,cour,biologie évolutive,False,r_topic,True,
le cours de ministère de l'Éducation nationale,le cours de ministère,l'éducation nationale,de,le cours de ministère,l'éducation nationale,False,r_topic,True,
quel cours de ministère de l'Éducation nationale,quel cours de ministère,l'éducation nationale,de,quel cours de ministère,l'éducation nationale,False,r_topic,True,
tout cours de ministère de l'Éducation nationale,tout cours de ministère,l'éducation nationale,de,tout cours de ministère,l'éducation nationale,False,r_topic,True,
le cours de ministère de l'éducation,le cours de ministère,l'éducation,de,le cours de ministère,l'éducation,False,r_topic,True,
un certain cours de ministère de l'éducation,un certain cours de ministère,l'éducation,de,un certain cours de ministère,l'éducation,False,r_topic,True,
tout ccours de ministère de l'éducation,tout ccours de ministère,l'éducation,de,tout ccours de ministère,l'éducation,False,r_topic,True,
chaque cours de ministère de l'Éducation,chaque cours de ministère,l'éducation,de,chaque cours de ministère,l'éducation,False,r_topic,True,
quel cours de ministère de l'Éducation,quel cours de ministère,l'éducation,de,quel cours de ministère,l'éducation,False,r_topic,True,
chaque cours de Cours d'eau,chaque cours,cours d'eau,de,chaque cour,cours d'eau,False,r_topic,True,
une article du botanique,article,botanique,du,article,botanique,True,r_topic,True,
quel article de bottanique,article,bottanique,de,article,bottanique,False,r_topic,True,
un certain article de législation,article,législation,de,article,législation,False,r_topic,True,
chaque article de droit,article,droit,de,article,droit,False,r_topic,True,
un certain article de mass media,article,mass media,de,article,mass media,False,r_topic,True,
un certain article de presse,article,presse,de,article,presse,False,r_topic,True,
chaque article de linguistique,article,linguistique,de,article,linguistique,False,r_topic,True,
articlê du linguistique,articlê,linguistique,du,articlê,linguistique,True,r_topic,True,
chaque  article de presse écrite,article,presse écrite,de,article,presse écrite,False,r_topic,True,
tout articlé de presse écrite,articlé,presse écrite,de,articlé,presse écrite,False,r_topic,True,
un article de journalisme,article,journalisme,de,article,journalisme,False,r_topic,True,
tout article de commerce,article,commerce,de,article,commerce,False,r_topic,True,
quel article de entomologie,article,entomologie,de,article,entomologie,False,r_topic,True,
quel article de grammaire,article,grammaire,de,article,grammaire,False,r_topic,True,
un article du mycologie,article,mycologie,du,article,mycologie,True,r_topic,True,
chaque article de médias,article,médias,de,article,média,False,r_topic,True,
ce artticle de médias,artticle,médias,de,artticle,média,False,r_topic,True,
un certain article de loi,article,loi,de,article,loi,False,r_topic,True,
quel artice de loi,artice,loi,de,artice,loi,False,r_topic,True,
ce article de conférence,article,conférence,de,article,conférence,False,r_topic,True,
ce article de zologie,article,zologie,de,article,zologie,False,r_topic,True,
un certain article de zoologie,article,zoologie,de,article,zoologie,False,r_topic,True,
tout articlè de zoologie,articlè,zoologie,de,articlè,zoologie,False,r_topic,True,
quel article de Grammaiire,article,grammaiire,de,article,grammaiire,False,r_topic,True,
un certain article de Grammare,article,grammare,de,article,grammare,False,r_topic,True,
un certain rticle de droit objectif,rticle,droit objectif,de,rticle,droit objectif,False,r_topic,True,
tout article de droit objectif,article,droit objectif,de,article,droit objectif,False,r_topic,True,
tout article de mass média,article,mass média,de,article,mass média,False,r_topic,True,
article du médias de masse,article du médias,masse,de,article du média,masse,False,r_topic,True,
chaque article de médias de masse,chaque article de médias,masse,de,chaque article de média,masse,False,r_topic,True,
un certain article de médias de masse,un certain article de médias,masse,de,un certain article de média,masse,False,r_topic,True,
tout article de média de masse,tout article de média,masse,de,tout article de média,masse,False,r_topic,True,
un article de Médias  de masse,un article de médias,masse,de,un article de média,masse,False,r_topic,True,
la article de Média de masse,la article de média,masse,de,la article de média,masse,False,r_topic,True,
le article du Média de masse,le article du média,masse,de,le article du média,masse,False,r_topic,True,
ce documentairee de cinéma,documentairee,cinéma,de,documentairee,cinéma,False,r_topic,True,
un certain documentaire de cinéma,documentaire,cinéma,de,documentaire,cinéma,False,r_topic,True,
un certain documentaire de films,documentaire,films,de,documentaire,film,False,r_topic,True,
la these de musique,these,musique,de,these,musique,False,r_topic,True,
quel these de orthodontie,these,orthodontie,de,these,orthodontie,False,r_topic,True,
la etude du biologie,etude,biologie,de,etude,biologie,False,r_topic,True,
tout etude de musique,etude,musique,de,etude,musique,False,r_topic,True,
un certain etude de médecine,etude,médecine,de,etude,médecine,False,r_topic,True,
un certain etude de music,etude,music,de,etude,music,False,r_topic,True,
chaque etude de procédure médicale,etude,procédure médicale,de,etude,procédure médicale,False,r_topic,True,
un ètude de procédure médicale,ètude,procédure médicale,de,ètude,procédure médicale,False,r_topic,True,
quel recherche de Histoire,recherche,histoire,de,recherche,histoire,False,r_topic,True,
chaque recherce de art,recherce,art,de,recherce,art,False,r_topic,True,
un recherche de l'art,un recherche,l'art,de,un recherche,l'art,False,r_topic,True,
chaque recherche de droit,recherche,droit,de,recherche,droit,False,r_topic,True,
cê recherche de psychologie,recherche,psychologie,de,recherche,psychologie,False,r_topic,True,
le recherche de l'astronomie,le recherche,l'astronomie,de,le recherche,l'astronomie,False,r_topic,True,
quel recherche de mathématiques,recherche,mathématiques,de,recherche,mathématique,False,r_topic,True,
la recherche de biologie,recherche,biologie,de,recherche,biologie,False,r_topic,True,
quel recherche de sociologie,recherche,sociologie,de,recherche,sociologie,False,r_topic,True,
tout recherche de littérature,recherche,littérature,de,recherche,littérature,False,r_topic,True,
ce recherche de philosophie,recherche,philosophie,de,recherche,philosophie,False,r_topic,True,
un certain  recherche de physique,recherche,physique,de,recherche,physique,False,r_topic,True,
ce recheche de chimie,recheche,chimie,de,recheche,chimie,False,r_topic,True,
chaque recherche de chimie,recherche,chimie,de,recherche,chimie,False,r_topic,True,
ce recherche de recherche scientifique,recherche,recherche scientifique,de,recherche,recherche scientifique,False,r_topic,True,
la recherche de sciences,recherche,sciences,de,recherche,science,False,r_topic,True,
ce tableau de verlaine,tableau,verlaine,de,tableau,verlaine,False,r_product_of,True,
une tableau de darwin,tableau,darwin,de,tableau,darwin,False,r_product_of,True,
quel ttableau de darwin,ttableau,darwin,de,ttableau,darwin,False,r_product_of,True,
tout tableau de curie,tableau,curie,de,tableau,curie,False,r_product_of,True,
un cèrtain tableau de descartes,tableau,descartes,de,tableau,descarte,False,r_product_of,True,
quel tableau de cezanne,tableau,cezanne,de,tableau,cezanne,False,r_product_of,True,
un certain tableau de picasso,tableau,picasso,de,tableau,picasso,False,r_product_of,True,
ce tableau de warhol,tableau,warhol,de,tableau,warhol,False,r_product_of,True,
un tableau de camus,tableau,camus,de,tableau,camu,False,r_product_of,True,
unê tableau de l'edison,unê tableau,l'edison,de,unê tableau,l'edison,False,r_product_of,True,
chaqué tableau de rembrandt,tableau,rembrandt,de,tableau,rembrandt,False,r_product_of,True,
chaque tableau de munch,tableau,munch,de,tableau,munch,False,r_product_of,True,
tableau du riimbaud,tableau,riimbaud,du,tableau,riimbaud,True,r_product_of,True,
le tableau de rimbaud,tableau,rimbaud,de,tableau,rimbaud,False,r_product_of,True,
une tableau de lapollinaire,tableau,lapollinaire,de,tableau,lapollinaire,False,r_product_of,True,
le tableau de sartre,tableau,sartre,de,tableau,sartre,False,r_product_of,True,
un livre du van gogh,livre,van gogh,du,livre,van gogh,True,r_product_of,True,
un livrê du van gogh,livrê,van gogh,du,livrê,van gogh,True,r_product_of,True,
chaque livre de balzac,livre,balzac,de,livre,balzac,False,r_product_of,True,
livre de mallarme,livre,mallarme,de,livre,mallarme,False,r_product_of,True,
une livre de darwin,livre,darwin,de,livre,darwin,False,r_product_of,True,
un certain livre de vermeer,livre,vermeer,de,livre,vermeer,False,r_product_of,True,
tout livrè de vermeer,livrè,vermeer,de,livrè,vermeer,False,r_product_of,True,
livre de rimbaud,livre,rimbaud,de,livre,rimbaud,False,r_product_of,True,
une livre du monet,livre,monet,du,livre,monet,True,r_product_of,True,
un certain livre de baudelaire,livre,baudelaire,de,livre,baudelaire,False,r_product_of,True,
tout livrè de baudelaire,livrè,baudelaire,de,livrè,baudelaire,False,r_product_of,True,
la livre de munch,livre,munch,de,livre,munch,False,r_product_of,True,
ce livre de muunch,livre,muunch,de,livre,muunch,False,r_product_of,True,
tout livre de newton,livre,newton,de,livre,newton,False,r_product_of,True,
tout livvre de newton,livvre,newton,de,livvre,newton,False,r_product_of,True,
un certain livre de bach,livre,bach,de,livre,bach,False,r_product_of,True,
un livre de l'hugo,un livre,l'hugo,de,un livre,l'hugo,False,r_product_of,True,
un certain livre de tesla,livre,tesla,de,livre,tesla,False,r_product_of,True,
une livree du tesla,livree,tesla,du,livree,tesla,True,r_product_of,True,
une livre du chopin,livre,chopin,du,livre,chopin,True,r_product_of,True,
quel livrre de einstein,livrre,einstein,de,livrre,einstein,False,r_product_of,True,
quel film de camus,film,camus,de,film,camu,False,r_product_of,True,
tout film de mozart,film,mozart,de,film,mozart,False,r_product_of,True,
un film de mallarme,film,mallarme,de,film,mallarme,False,r_product_of,True,
film de l'hitchcock,film,l'hitchcock,de,film,l'hitchcock,False,r_product_of,True,
tout film de vivaldi,film,vivaldi,de,film,vivaldi,False,r_product_of,True,
un certain film de brahms,film,brahms,de,film,brahm,False,r_product_of,True,
film du van gogh,film,van gogh,du,film,van gogh,True,r_product_of,True,
le film de godard,film,godard,de,film,godard,False,r_product_of,True,
tout film de cezanne,film,cezanne,de,film,cezanne,False,r_product_of,True,
quel film de descartes,film,descartes,de,film,descarte,False,r_product_of,True,
film  du chopin,film,chopin,du,film,chopin,True,r_product_of,True,
quel film de rousseau,film,rousseau,de,film,rousseau,False,r_product_of,True,
tout film de roussseau,film,roussseau,de,film,roussseau,False,r_product_of,True,
quel film de vermeer,film,vermeer,de,film,vermeer,False,r_product_of,True,
tout film de renoir,film,renoir,de,film,renoir,False,r_product_of,True,
la film du mnet,film,mnet,du,film,mnet,True,r_product_of,True,
ce film de manet,film,manet,de,film,manet,False,r_product_of,True,
chaque chanson de rimbaud,chanson,rimbaud,de,chanson,rimbaud,False,r_product_of,True,
quèl chanson de balzac,chanson,balzac,de,chanson,balzac,False,r_product_of,True,
un certain chanson de proust,chanson,proust,de,chanson,proust,False,r_product_of,True,
tout chanson de munch,chanson,munch,de,chanson,munch,False,r_product_of,True,
chaque chanson de tesla,chanson,tesla,de,chanson,tesla,False,r_product_of,True,
chaque chanson de klimt,chanson,klimt,de,chanson,klimt,False,r_product_of,True,
tout chanson de pasteur,chanson,pasteur,de,chanson,pasteur,False,r_product_of,True,
ce chanson de mallarme,chanson,mallarme,de,chanson,mallarme,False,r_product_of,True,
un cchanson de mallarme,cchanson,mallarme,de,cchanson,mallarme,False,r_product_of,True,
un chanson du darwin,chanson,darwin,du,chanson,darwin,True,r_product_of,True,
un chanson du gauguin,chanson,gauguin,du,chanson,gauguin,True,r_product_of,True,
un certain chanson de bach,chanson,bach,de,chanson,bach,False,r_product_of,True,
tout cchanson de bach,cchanson,bach,de,cchanson,bach,False,r_product_of,True,
la chanson du zola,chanson,zola,du,chanson,zola,True,r_product_of,True,
quel  chanson de vermeer,chanson,vermeer,de,chanson,vermeer,False,r_product_of,True,
ce chaanson de vermeer,chaanson,vermeer,de,chaanson,vermeer,False,r_product_of,True,
quel chanson de descartes,chanson,descartes,de,chanson,descarte,False,r_product_of,True,
quel poeme de lavoisier,poeme,lavoisier,de,poeme,lavoisier,False,r_product_of,True,
le poeme du dali,poeme,dali,du,poeme,dali,True,r_product_of,True,
quel poeme de  godard,poeme,godard,de,poeme,godard,False,r_product_of,True,
un cèrtain poeme de monet,poeme,monet,de,poeme,monet,False,r_product_of,True,
tout poemme de monet,poemme,monet,de,poemme,monet,False,r_product_of,True,
un certain oeme de hugo,oeme,hugo,de,oeme,hugo,False,r_product_of,True,
quel poeme de tesla,poeme,tesla,de,poeme,tesla,False,r_product_of,True,
tout poeme de manet,poeme,manet,de,poeme,manet,False,r_product_of,True,
un certain poeme de kandinsky,poeme,kandinsky,de,poeme,kandinsky,False,r_product_of,True,
ce poeme  de liszt,poeme,liszt,de,poeme,liszt,False,r_product_of,True,
tout poeme de truffaut,poeme,truffaut,de,poeme,truffaut,False,r_product_of,True,
poeme du truuffaut,poeme,truuffaut,du,poeme,truuffaut,True,r_product_of,True,
une poeme de brahms,poeme,brahms,de,poeme,brahm,False,r_product_of,True,
la poeme de vivaldi,poeme,vivaldi,de,poeme,vivaldi,False,r_product_of,True,
chaque poeme de mozart,poeme,mozart,de,poeme,mozart,False,r_product_of,True,
un certain poeme de zola,poeme,zola,de,poeme,zola,False,r_product_of,True,
la poème de zola,poème,zola,de,poème,zola,False,r_product_of,True,
le miroir du bronze,miroir,bronze,du,miroir,bronze,True,r_objet>matiere,True,
quel miroir de bonze,miroir,bonze,de,miroir,bonze,False,r_objet>matiere,True,
ce miroir de tissu,miroir,tissu,de,miroir,tissu,False,r_objet>matiere,True,
miroir de cuivre,miroir,cuivre,de,miroir,cuivre,False,r_objet>matiere,True,
le miroir de l'aluminium,le miroir,l'aluminium,de,le miroir,l'aluminium,False,r_objet>matiere,True,
chaque miroir de granit,miroir,granit,de,miroir,granit,False,r_objet>matiere,True,
un certain mirroir de granit,mirroir,granit,de,mirroir,granit,False,r_objet>matiere,True,
quél miroir de bois,miroir,bois,de,miroir,boi,False,r_objet>matiere,True,
une miroir du cuir,miroir,cuir,du,miroir,cuir,True,r_objet>matiere,True,
quel miroir de rotin,miroir,rotin,de,miroir,rotin,False,r_objet>matiere,True,
la miroir de l'or de coquille,la miroir de l'or,coquille,de,la miroir de l'or,coquille,False,r_objet>matiere,True,
tout miroir de or de coquille,tout miroir de or,coquille,de,tout miroir de or,coquille,False,r_objet>matiere,True,
un cêrtain miroir de or de coquille,un cêrtain miroir de or,coquille,de,un cêrtain miroir de or,coquille,False,r_objet>matiere,True,
ce miroir de or de coquillle,ce miroir de or,coquillle,de,ce miroir de or,coquillle,False,r_objet>matiere,True,
chaque miroir de or de coquille,chaque miroir de or,coquille,de,chaque miroir de or,coquille,False,r_objet>matiere,True,
une miroir de l'or de coquille,une miroir de l'or,coquille,de,une miroir de l'or,coquille,False,r_objet>matiere,True,
tout  miroir de sequin,miroir,sequin,de,miroir,sequin,False,r_objet>matiere,True,
une miroir du monnaie,miroir,monnaie,du,miroir,monnaie,True,r_objet>matiere,True,
quel miroir de formidable,miroir,formidable,de,miroir,formidable,False,r_objet>matiere,True,
tout miroir de bambou,miroir,bambou,de,miroir,bambou,False,r_objet>matiere,True,
ce miroir de nacre,miroir,nacre,de,miroir,nacre,False,r_objet>matiere,True,
la  miroir du titane,miroir,titane,du,miroir,titane,True,r_objet>matiere,True,
tout escalier de bronze,escalier,bronze,de,escalier,bronze,False,r_objet>matiere,True,
tout escalier de tissu,escalier,tissu,de,escalier,tissu,False,r_objet>matiere,True,
un certain escalier de cuivre,escalier,cuivre,de,escalier,cuivre,False,r_objet>matiere,True,
tout escallier de granit,escallier,granit,de,escallier,granit,False,r_objet>matiere,True,
ce esscalier de granit,esscalier,granit,de,esscalier,granit,False,r_objet>matiere,True,
escalier de granit,escalier,granit,de,escalier,granit,False,r_objet>matiere,True,
quel escalier de bois,escalier,bois,de,escalier,boi,False,r_objet>matiere,True,
un certain escalier de cuir,escalier,cuir,de,escalier,cuir,False,r_objet>matiere,True,
escalier du rotin,escalier,rotin,du,escalier,rotin,True,r_objet>matiere,True,
quel escalier de rtin,escalier,rtin,de,escalier,rtin,False,r_objet>matiere,True,
ce escalier de rrotin,escalier,rrotin,de,escalier,rrotin,False,r_objet>matiere,True,
un certain escalier de or de coquille,un certain escalier de or,coquille,de,un certain escalier de or,coquille,False,r_objet>matiere,True,
tout escalier de or de coquille,tout escalier de or,coquille,de,tout escalier de or,coquille,False,r_objet>matiere,True,
chaque escalier de or de coquille,chaque escalier de or,coquille,de,chaque escalier de or,coquille,False,r_objet>matiere,True,
quel escalier de or de coquille,quel escalier de or,coquille,de,quel escalier de or,coquille,False,r_objet>matiere,True,
ce escalier de or de coquille,ce escalier de or,coquille,de,ce escalier de or,coquille,False,r_objet>matiere,True,
le escalier de l'or de coquille,le escalier de l'or,coquille,de,le escalier de l'or,coquille,False,r_objet>matiere,True,
chaque escalier de sequin,escalier,sequin,de,escalier,sequin,False,r_objet>matiere,True,
tout éscalier de monnaie,éscalier,monnaie,de,éscalier,monnaie,False,r_objet>matiere,True,
un certain escalier de monnaie,escalier,monnaie,de,escalier,monnaie,False,r_objet>matiere,True,
un escalier de formidable,escalier,formidable,de,escalier,formidable,False,r_objet>matiere,True,
quel escalier de bambou,escalier,bambou,de,escalier,bambou,False,r_objet>matiere,True,
chaque escalier de nacre,escalier,nacre,de,escalier,nacre,False,r_objet>matiere,True,
ce esccalier de titane,esccalier,titane,de,esccalier,titane,False,r_objet>matiere,True,
un certain escalier de titane,escalier,titane,de,escalier,titane,False,r_objet>matiere,True,
la poele du bronze,poele,bronze,du,poele,bronze,True,r_objet>matiere,True,
quel poeele de bronze,poeele,bronze,de,poeele,bronze,False,r_objet>matiere,True,
ce poele de tissu,poele,tissu,de,poele,tissu,False,r_objet>matiere,True,
chaque oele de tissu,oele,tissu,de,oele,tissu,False,r_objet>matiere,True,
quel poele de cuivre,poele,cuivre,de,poele,cuivre,False,r_objet>matiere,True,
tout poéle de aluminium,poéle,aluminium,de,poéle,aluminium,False,r_objet>matiere,True,
chaque poele de granit,poele,granit,de,poele,granit,False,r_objet>matiere,True,
tout poele de bois,poele,bois,de,poele,boi,False,r_objet>matiere,True,
ce oele de bois,oele,bois,de,oele,boi,False,r_objet>matiere,True,
tout poele de cuir,poele,cuir,de,poele,cuir,False,r_objet>matiere,True,
tout poele de rotin,poele,rotin,de,poele,rotin,False,r_objet>matiere,True,
chaque oele de rotin,oele,rotin,de,oele,rotin,False,r_objet>matiere,True,
quel poele de or de coquille,quel poele de or,coquille,de,quel poele de or,coquille,False,r_objet>matiere,True,
un poele de l'or de coquille,un poele de l'or,coquille,de,un poele de l'or,coquille,False,r_objet>matiere,True,
ce poele de or de coquille,ce poele de or,coquille,de,ce poele de or,coquille,False,r_objet>matiere,True,
un certain poele de or de coquille,un certain poele de or,coquille,de,un certain poele de or,coquille,False,r_objet>matiere,True,
chaque poele de or de coquille,chaque poele de or,coquille,de,chaque poele de or,coquille,False,r_objet>matiere,True,
un certain poele de sequin,poele,sequin,de,poele,sequin,False,r_objet>matiere,True,
tout  poele de monnaie,poele,monnaie,de,poele,monnaie,False,r_objet>matiere,True,
quel poele de formidable,poele,formidable,de,poele,formidable,False,r_objet>matiere,True,
ce poele de bambou,poele,bambou,de,poele,bambou,False,r_objet>matiere,True,
chaque poele de nacre,poele,nacre,de,poele,nacre,False,r_objet>matiere,True,
un poele de titane,poele,titane,de,poele,titane,False,r_objet>matiere,True,
une theiere de bronze,theiere,bronze,de,theiere,bronze,False,r_objet>matiere,True,
un certain theiere de tissu,theiere,tissu,de,theiere,tissu,False,r_objet>matiere,True,
quel theiere de cuivre,theiere,cuivre,de,theiere,cuivre,False,r_objet>matiere,True,
un theiere de l'aluminium,un theiere,l'aluminium,de,un theiere,l'aluminium,False,r_objet>matiere,True,
un certin theiere de granit,theiere,granit,de,theiere,granit,False,r_objet>matiere,True,
un theiere du bois,theiere,bois,du,theiere,boi,True,r_objet>matiere,True,
un crtain theiere de cuir,theiere,cuir,de,theiere,cuir,False,r_objet>matiere,True,
ce theiere de rotin,theiere,rotin,de,theiere,rotin,False,r_objet>matiere,True,
un certain theiere de rottin,theiere,rottin,de,theiere,rottin,False,r_objet>matiere,True,
une theiere de l'oor de coquille,une theiere de l'oor,coquille,de,une theiere de l'oor,coquille,False,r_objet>matiere,True,
quel theiere de or de coquille,quel theiere de or,coquille,de,quel theiere de or,coquille,False,r_objet>matiere,True,
ce theiere de or de coquille,ce theiere de or,coquille,de,ce theiere de or,coquille,False,r_objet>matiere,True,
le theiere de l'or de coquille,le theiere de l'or,coquille,de,le theiere de l'or,coquille,False,r_objet>matiere,True,
tout théiere de or de coquille,tout théiere de or,coquille,de,tout théiere de or,coquille,False,r_objet>matiere,True,
ce theiere de sequin,theiere,sequin,de,theiere,sequin,False,r_objet>matiere,True,
la thêiere de monnaie,thêiere,monnaie,de,thêiere,monnaie,False,r_objet>matiere,True,
ce theiere de monnaie,theiere,monnaie,de,theiere,monnaie,False,r_objet>matiere,True,
un theiere du monaie,theiere,monaie,du,theiere,monaie,True,r_objet>matiere,True,
lè theiere de formidable,theiere,formidable,de,theiere,formidable,False,r_objet>matiere,True,
un certain theiere de bambou,theiere,bambou,de,theiere,bambou,False,r_objet>matiere,True,
un certain theiere de nacre,theiere,nacre,de,theiere,nacre,False,r_objet>matiere,True,
une theiere de titane,theiere,titane,de,theiere,titane,False,r_objet>matiere,True,
quel drap de bronze,drap,bronze,de,drap,bronze,False,r_objet>matiere,True,
ce drap de tissu,drap,tissu,de,drap,tissu,False,r_objet>matiere,True,
chaque drap de cuivre,drap,cuivre,de,drap,cuivre,False,r_objet>matiere,True,
ce drap de aaluminium,drap,aaluminium,de,drap,aaluminium,False,r_objet>matiere,True,
une drap de l'aluminium,une drap,l'aluminium,de,une drap,l'aluminium,False,r_objet>matiere,True,
un certain drap de granit,drap,granit,de,drap,granit,False,r_objet>matiere,True,
un certain draap de granit,draap,granit,de,draap,granit,False,r_objet>matiere,True,
chaque drap de bois,drap,bois,de,drap,boi,False,r_objet>matiere,True,
tout drap de cuir,drap,cuir,de,drap,cuir,False,r_objet>matiere,True,
chaque drap de rotin,drap,rotin,de,drap,rotin,False,r_objet>matiere,True,
quel drap de or de coquille,quel drap de or,coquille,de,quel drap de or,coquille,False,r_objet>matiere,True,
un certain drap de or de coquille,un certain drap de or,coquille,de,un certain drap de or,coquille,False,r_objet>matiere,True,
chaque drap de or de coquille,chaque drap de or,coquille,de,chaque drap de or,coquille,False,r_objet>matiere,True,
un certain drap de or de oquille,un certain drap de or,oquille,de,un certain drap de or,oquille,False,r_objet>matiere,True,
ce drap de or de coquille,ce drap de or,coquille,de,ce drap de or,coquille,False,r_objet>matiere,True,
tout drap de sequin,drap,sequin,de,drap,sequin,False,r_objet>matiere,True,
quel drap de seuin,drap,seuin,de,drap,seuin,False,r_objet>matiere,True,
un certain drap de monnaie,drap,monnaie,de,drap,monnaie,False,r_objet>matiere,True,
quel drap de formidable,drap,formidable,de,drap,formidable,False,r_objet>matiere,True,
ce drap de bambou,drap,bambou,de,drap,bambou,False,r_objet>matiere,True,
tout drapp de bambou,drapp,bambou,de,drapp,bambou,False,r_objet>matiere,True,
tout drap de nacre,drap,nacre,de,drap,nacre,False,r_objet>matiere,True,
une drap de titane,drap,titane,de,drap,titane,False,r_objet>matiere,True,
tout vin de canada,vin,canada,de,vin,canada,False,r_lieu>origine,True,
un certain vin de caanada,vin,caanada,de,vin,caanada,False,r_lieu>origine,True,
ce vin de florence,vin,florence,de,vin,florence,False,r_lieu>origine,True,
la vin de l'aquitaine bigorre,la vin,l'aquitaine bigorre,de,la vin,l'aquitaine bigorre,False,r_lieu>origine,True,
tout vin de aquitine bigorre,vin,aquitine bigorre,de,vin,aquitine bigorre,False,r_lieu>origine,True,
chaque vin de limousin,vin,limousin,de,vin,limousin,False,r_lieu>origine,True,
la vin de bresil,vin,bresil,de,vin,bresil,False,r_lieu>origine,True,
une vin de bressil,vin,bressil,de,vin,bressil,False,r_lieu>origine,True,
un certain vin de languedoc,vin,languedoc,de,vin,languedoc,False,r_lieu>origine,True,
quel vvin de languedoc,vvin,languedoc,de,vvin,languedoc,False,r_lieu>origine,True,
quel vin de gascogne,vin,gascogne,de,vin,gascogne,False,r_lieu>origine,True,
un certain vin de russie,vin,russie,de,vin,russie,False,r_lieu>origine,True,
un vin du russié,vin,russié,du,vin,russié,True,r_lieu>origine,True,
un certain vin de bruxelles,vin,bruxelles,de,vin,bruxelle,False,r_lieu>origine,True,
un vin de l'europe,un vin,l'europe,de,un vin,l'europe,False,r_lieu>origine,True,
un certain vin de strasbourg,vin,strasbourg,de,vin,strasbourg,False,r_lieu>origine,True,
un vin de strasboourg,vin,strasboourg,de,vin,strasboourg,False,r_lieu>origine,True,
chaque vin de strasbbourg,vin,strasbbourg,de,vin,strasbbourg,False,r_lieu>origine,True,
ce vin de suisse,vin,suisse,de,vin,suisse,False,r_lieu>origine,True,
un certain vin de sisse,vin,sisse,de,vin,sisse,False,r_lieu>origine,True,
ce vin de lille,vin,lille,de,vin,lille,False,r_lieu>origine,True,
chaque vin de toulouse art,vin,toulouse art,de,vin,toulouse art,False,r_lieu>origine,True,
un certain vin de vietnam,vin,vietnam,de,vin,vietnam,False,r_lieu>origine,True,
quel fromage de canada,fromage,canada,de,fromage,canada,False,r_lieu>origine,True,
quel fromage de florence,fromage,florence,de,fromage,florence,False,r_lieu>origine,True,
fromaage de florence,fromaage,florence,de,fromaage,florence,False,r_lieu>origine,True,
tout fromagé de aquitaine bigorre,fromagé,aquitaine bigorre,de,fromagé,aquitaine bigorre,False,r_lieu>origine,True,
fromage de l'aquitaine bigoorre,fromage,l'aquitaine bigoorre,de,fromage,l'aquitaine bigoorre,False,r_lieu>origine,True,
chaque fromage de limousin,fromage,limousin,de,fromage,limousin,False,r_lieu>origine,True,
une fromag du bresil,fromag,bresil,du,fromag,bresil,True,r_lieu>origine,True,
chaque fromage de bresil,fromage,bresil,de,fromage,bresil,False,r_lieu>origine,True,
un certain fromage de languedoc,fromage,languedoc,de,fromage,languedoc,False,r_lieu>origine,True,
quel fromage de gascogne,fromage,gascogne,de,fromage,gascogne,False,r_lieu>origine,True,
un certain fromage de rrussie,fromage,rrussie,de,fromage,rrussie,False,r_lieu>origine,True,
ce fromage de russie,fromage,russie,de,fromage,russie,False,r_lieu>origine,True,
un fromage de bruxelles,fromage,bruxelles,de,fromage,bruxelle,False,r_lieu>origine,True,
un certain fromage de strasbourg,fromage,strasbourg,de,fromage,strasbourg,False,r_lieu>origine,True,
une frommage du lille,frommage,lille,du,frommage,lille,True,r_lieu>origine,True,
fromage de lille,fromage,lille,de,fromage,lille,False,r_lieu>origine,True,
tout fromage de lillle,fromage,lillle,de,fromage,lillle,False,r_lieu>origine,True,
fromage de toulouse art,fromage,toulouse art,de,fromage,toulouse art,False,r_lieu>origine,True,
fromage de vietnam,fromage,vietnam,de,fromage,vietnam,False,r_lieu>origine,True,
chocolat de canada,chocolat,canada,de,chocolat,canada,False,r_lieu>origine,True,
chaque chocolat de cannada,chocolat,cannada,de,chocolat,cannada,False,r_lieu>origine,True,
quel chocolat de florence,chocolat,florence,de,chocolat,florence,False,r_lieu>origine,True,
tout chocolt de florence,chocolt,florence,de,chocolt,florence,False,r_lieu>origine,True,
une chocolat de l'aquitaine bigorre,une chocolat,l'aquitaine bigorre,de,une chocolat,l'aquitaine bigorre,False,r_lieu>origine,True,
quel  chocolat de limousin,chocolat,limousin,de,chocolat,limousin,False,r_lieu>origine,True,
ce chocolat de bresil,chocolat,bresil,de,chocolat,bresil,False,r_lieu>origine,True,
une chocolat de languedoc,chocolat,languedoc,de,chocolat,languedoc,False,r_lieu>origine,True,
lè chocolat du gascogne,chocolat,gascogne,du,chocolat,gascogne,True,r_lieu>origine,True,
un chocolat de russie,chocolat,russie,de,chocolat,russie,False,r_lieu>origine,True,
la choolat de russie,choolat,russie,de,choolat,russie,False,r_lieu>origine,True,
tout chocolat de bruxelles,chocolat,bruxelles,de,chocolat,bruxelle,False,r_lieu>origine,True,
un certain cocolat de bruxelles,cocolat,bruxelles,de,cocolat,bruxelle,False,r_lieu>origine,True,
un certain chhocolat de europe,chhocolat,europe,de,chhocolat,europe,False,r_lieu>origine,True,
quel chocolat de europe,chocolat,europe,de,chocolat,europe,False,r_lieu>origine,True,
une chocolat de l'europe,une chocolat,l'europe,de,une chocolat,l'europe,False,r_lieu>origine,True,
tout chocolat de strasbourg,chocolat,strasbourg,de,chocolat,strasbourg,False,r_lieu>origine,True,
un cértain chocolat de suisse,chocolat,suisse,de,chocolat,suisse,False,r_lieu>origine,True,
un chocolat de lille,chocolat,lille,de,chocolat,lille,False,r_lieu>origine,True,
tout chcolat de lille,chcolat,lille,de,chcolat,lille,False,r_lieu>origine,True,
tout chocolat de toulouse art,chocolat,toulouse art,de,chocolat,toulouse art,False,r_lieu>origine,True,
quel chocolat de vietnam,chocolat,vietnam,de,chocolat,vietnam,False,r_lieu>origine,True,
parfum du caanada,parfum,caanada,du,parfum,caanada,True,r_lieu>origine,True,
un certain parfum de canada,parfum,canada,de,parfum,canada,False,r_lieu>origine,True,
tout parfum de florence,parfum,florence,de,parfum,florence,False,r_lieu>origine,True,
ce parfum de aquitaine bigorre,parfum,aquitaine bigorre,de,parfum,aquitaine bigorre,False,r_lieu>origine,True,
quel parfum de limousin,parfum,limousin,de,parfum,limousin,False,r_lieu>origine,True,
chaque parfum de bresil,parfum,bresil,de,parfum,bresil,False,r_lieu>origine,True,
ce parfum de languedoc,parfum,languedoc,de,parfum,languedoc,False,r_lieu>origine,True,
la parfum du gascogne,parfum,gascogne,du,parfum,gascogne,True,r_lieu>origine,True,
tout parfum de russie,parfum,russie,de,parfum,russie,False,r_lieu>origine,True,
chaque parfum de bruxelles,parfum,bruxelles,de,parfum,bruxelle,False,r_lieu>origine,True,
le parfum de l'europe,le parfum,l'europe,de,le parfum,l'europe,False,r_lieu>origine,True,
chaque parfum de eeurope,parfum,eeurope,de,parfum,eeurope,False,r_lieu>origine,True,
ce parfum de strasbourg,parfum,strasbourg,de,parfum,strasbourg,False,r_lieu>origine,True,
la parfum du suisse,parfum,suisse,du,parfum,suisse,True,r_lieu>origine,True,
tout paarfum de suisse,paarfum,suisse,de,paarfum,suisse,False,r_lieu>origine,True,
un certain parfum de lille,parfum,lille,de,parfum,lille,False,r_lieu>origine,True,
chaque parfum de toulouse art,parfum,toulouse art,de,parfum,toulouse art,False,r_lieu>origine,True,
quél parfum de vietnam,parfum,vietnam,de,parfum,vietnam,False,r_lieu>origine,True,
tout voiture de canada,voiture,canada,de,voiture,canada,False,r_lieu>origine,True,
ce voiture de anada,voiture,anada,de,voiture,anada,False,r_lieu>origine,True,
tout voiture de florence,voiture,florence,de,voiture,florence,False,r_lieu>origine,True,
une  voiture de l'aquitaine bigorre,une voiture,l'aquitaine bigorre,de,une voiture,l'aquitaine bigorre,False,r_lieu>origine,True,
un voiture de aquitaine igorre,voiture,aquitaine igorre,de,voiture,aquitaine igorre,False,r_lieu>origine,True,
chaque voiture de limousin,voiture,limousin,de,voiture,limousin,False,r_lieu>origine,True,
quel voiture de bresil,voiture,bresil,de,voiture,bresil,False,r_lieu>origine,True,
un voiture de languedoc,voiture,languedoc,de,voiture,languedoc,False,r_lieu>origine,True,
voitue du languedoc,voitue,languedoc,du,voitue,languedoc,True,r_lieu>origine,True,
ce voiture de gascogne,voiture,gascogne,de,voiture,gascogne,False,r_lieu>origine,True,
ce voiture de russie,voiture,russie,de,voiture,russie,False,r_lieu>origine,True,
quel voiture de bruxelles,voiture,bruxelles,de,voiture,bruxelle,False,r_lieu>origine,True,
un voiture de l'europe,un voiture,l'europe,de,un voiture,l'europe,False,r_lieu>origine,True,
tout voiture de straasbourg,voiture,straasbourg,de,voiture,straasbourg,False,r_lieu>origine,True,
le voiture du strasbourg,voiture,strasbourg,du,voiture,strasbourg,True,r_lieu>origine,True,
quel voiture de suisse,voiture,suisse,de,voiture,suisse,False,r_lieu>origine,True,
voiture de lille,voiture,lille,de,voiture,lille,False,r_lieu>origine,True,
tout voituré de lille,voituré,lille,de,voituré,lille,False,r_lieu>origine,True,
quel voiture de toulouse art,voiture,toulouse art,de,voiture,toulouse art,False,r_lieu>origine,True,
un certain voiture de toulouuse art,voiture,toulouuse art,de,voiture,toulouuse art,False,r_lieu>origine,True,
ce voiture de vietam,voiture,vietam,de,voiture,vietam,False,r_lieu>origine,True,
quel voiture de vietnam,voiture,vietnam,de,voiture,vietnam,False,r_lieu>origine,True,
quel livr de enhydre,livr,enhydre,de,livr,enhydre,False,r_own-1,True,
livre de l'enhydre,livre,l'enhydre,de,livre,l'enhydre,False,r_own-1,True,
tout  livre de catherine,livre,catherine,de,livre,catherine,False,r_own-1,True,
chaque livre de martine,livre,martine,de,livre,martine,False,r_own-1,True,
livrè de martine,livrè,martine,de,livrè,martine,False,r_own-1,True,
quel  livre de silex,livre,silex,de,livre,sile,False,r_own-1,True,
la livre de l'atmosphère,la livre,l'atmosphère,de,la livre,l'atmosphère,False,r_own-1,True,
quel livre de claire,livre,claire,de,livre,claire,False,r_own-1,True,
un certain livre de laire,livre,laire,de,livre,laire,False,r_own-1,True,
quel livre de monique,livre,monique,de,livre,monique,False,r_own-1,True,
lé livre du david,livre,david,du,livre,david,True,r_own-1,True,
tout livre de artste,livre,artste,de,livre,artste,False,r_own-1,True,
un livre de theo,livre,theo,de,livre,theo,False,r_own-1,True,
quel livre de charles,livre,charles,de,livre,charle,False,r_own-1,True,
chaque livre de claude,livre,claude,de,livre,claude,False,r_own-1,True,
voiturè de enhydre,voiturè,enhydre,de,voiturè,enhydre,False,r_own-1,True,
tout voiture de catherine,voiture,catherine,de,voiture,catherine,False,r_own-1,True,
un certain voiture de martine,voiture,martine,de,voiture,martine,False,r_own-1,True,
le voiture de silex,voiture,silex,de,voiture,sile,False,r_own-1,True,
tout voiture de claire,voiture,claire,de,voiture,claire,False,r_own-1,True,
un certain voiture de monique,voiture,monique,de,voiture,monique,False,r_own-1,True,
tout voituré de monique,voituré,monique,de,voituré,monique,False,r_own-1,True,
un certain voiture de david,voiture,david,de,voiture,david,False,r_own-1,True,
un voiture du theo,voiture,theo,du,voiture,theo,True,r_own-1,True,
un certain voituure de charles,voituure,charles,de,voituure,charle,False,r_own-1,True,
tout voiture de charles,voiture,charles,de,voiture,charle,False,r_own-1,True,
voiture du chharles,voiture,chharles,du,voiture,chharle,True,r_own-1,True,
tout voiture de claude,voiture,claude,de,voiture,claude,False,r_own-1,True,
un voiture de cllaude,voiture,cllaude,de,voiture,cllaude,False,r_own-1,True,
la maison de l'enhydre,la maison,l'enhydre,de,la maison,l'enhydre,False,r_own-1,True,
tout maison de catherine,maison,catherine,de,maison,catherine,False,r_own-1,True,
une maison du martine,maison,martine,du,maison,martine,True,r_own-1,True,
un certain maisson de martine,maisson,martine,de,maisson,martine,False,r_own-1,True,
un certain maiison de martine,maiison,martine,de,maiison,martine,False,r_own-1,True,
quel maison de silex,maison,silex,de,maison,sile,False,r_own-1,True,
le maison du claire,maison,claire,du,maison,claire,True,r_own-1,True,
quel maiison de monique,maiison,monique,de,maiison,monique,False,r_own-1,True,
tout maison de monique,maison,monique,de,maison,monique,False,r_own-1,True,
la maaison du monique,maaison,monique,du,maaison,monique,True,r_own-1,True,
un certain maison de david,maison,david,de,maison,david,False,r_own-1,True,
une maison de l'artiste,une maison,l'artiste,de,une maison,l'artiste,False,r_own-1,True,
un certain maison de theo,maison,theo,de,maison,theo,False,r_own-1,True,
un maison de charles,maison,charles,de,maison,charle,False,r_own-1,True,
tout maison de claaude,maison,claaude,de,maison,claaude,False,r_own-1,True,
ce maison de claude,maison,claude,de,maison,claude,False,r_own-1,True,
chien de enhydre,chien,enhydre,de,chien,enhydre,False,r_own-1,True,
la chien de l'enhydre,la chien,l'enhydre,de,la chien,l'enhydre,False,r_own-1,True,
un certain chien de catherine,chien,catherine,de,chien,catherine,False,r_own-1,True,
quel chien de martine,chien,martine,de,chien,martine,False,r_own-1,True,
un certain chien de maartine,chien,maartine,de,chien,maartine,False,r_own-1,True,
tout chièn de silex,chièn,silex,de,chièn,sile,False,r_own-1,True,
chien de silex,chien,silex,de,chien,sile,False,r_own-1,True,
la chien de l'atmosphère,la chien,l'atmosphère,de,la chien,l'atmosphère,False,r_own-1,True,
tout chien de claire,chien,claire,de,chien,claire,False,r_own-1,True,
la chien de monique,chien,monique,de,chien,monique,False,r_own-1,True,
ce chien de david,chien,david,de,chien,david,False,r_own-1,True,
ce chien de artiste,chien,artiste,de,chien,artiste,False,r_own-1,True,
un chien de l'artiste,un chien,l'artiste,de,un chien,l'artiste,False,r_own-1,True,
chien de l'artiste,chien,l'artiste,de,chien,l'artiste,False,r_own-1,True,
chaque chien de theo,chien,theo,de,chien,theo,False,r_own-1,True,
un chien du charles,chien,charles,du,chien,charle,True,r_own-1,True,
ce chien de claude,chien,claude,de,chien,claude,False,r_own-1,True,
chaque chat de  catherine,chat,catherine,de,chat,catherine,False,r_own-1,True,
le chat du martine,chat,martine,du,chat,martine,True,r_own-1,True,
quel chat de silex,chat,silex,de,chat,sile,False,r_own-1,True,
ce chat de claire,chat,claire,de,chat,claire,False,r_own-1,True,
chaque cha de claire,cha,claire,de,cha,claire,False,r_own-1,True,
un certain chat de monique,chat,monique,de,chat,monique,False,r_own-1,True,
un certain chat de david,chat,david,de,chat,david,False,r_own-1,True,
la chat de l'artiste,la chat,l'artiste,de,la chat,l'artiste,False,r_own-1,True,
un certain chat de artiste,chat,artiste,de,chat,artiste,False,r_own-1,True,
chaque chat de atiste,chat,atiste,de,chat,atiste,False,r_own-1,True,
le chat  du theo,chat,theo,du,chat,theo,True,r_own-1,True,
un chat du charlès,chat,charlès,du,chat,charlè,True,r_own-1,True,
tout chat de charles,chat,charles,de,chat,charle,False,r_own-1,True,
tout chat de claude,chat,claude,de,chat,claude,False,r_own-1,True,
un certain cchat de claude,cchat,claude,de,cchat,claude,False,r_own-1,True,
un certain cat de claude,cat,claude,de,cat,claude,False,r_own-1,True,
un velo de l'enhydre,un velo,l'enhydre,de,un velo,l'enhydre,False,r_own-1,True,
chaque velo de catherine,velo,catherine,de,velo,catherine,False,r_own-1,True,
velo du martine,velo,martine,du,velo,martine,True,r_own-1,True,
tout velo de silex,velo,silex,de,velo,sile,False,r_own-1,True,
ce velo de ilex,velo,ilex,de,velo,ile,False,r_own-1,True,
quel velo de claire,velo,claire,de,velo,claire,False,r_own-1,True,
chaque velo de monique,velo,monique,de,velo,monique,False,r_own-1,True,
un velo de david,velo,david,de,velo,david,False,r_own-1,True,
quel velo de theo,velo,theo,de,velo,theo,False,r_own-1,True,
tout vèlo de theo,vèlo,theo,de,vèlo,theo,False,r_own-1,True,
le velo de charles,velo,charles,de,velo,charle,False,r_own-1,True,
un veelo du charles,veelo,charles,du,veelo,charle,True,r_own-1,True,
quel veloo de claude,veloo,claude,de,veloo,claude,False,r_own-1,True,
chaque velo de claude,velo,claude,de,velo,claude,False,r_own-1,True,
un telephone de l'enhydre,un telephone,l'enhydre,de,un telephone,l'enhydre,False,r_own-1,True,
une telephone  du catherine,telephone,catherine,du,telephone,catherine,True,r_own-1,True,
tout telephone de martine,telephone,martine,de,telephone,martine,False,r_own-1,True,
tout parents d'élèves de ecrivain,tout parents d'élèves,ecrivain,de,tout parents d'élève,ecrivain,False,r_social_tie,True,
chaque parents d'élèves de ecrivain,chaque parents d'élèves,ecrivain,de,chaque parents d'élève,ecrivain,False,r_social_tie,True,
le parents d'élèves de ecrivain,le parents d'élèves,ecrivain,de,le parents d'élève,ecrivain,False,r_social_tie,True,
parents d'éélèves de ecrivain,parents d'éélèves,ecrivain,de,parents d'éélève,ecrivain,False,r_social_tie,True,
une parents d'élèves de l'ecrivain,une parents d'élèves,l'ecrivain,de,une parents d'élève,l'ecrivain,False,r_social_tie,True,
un certain parents d'élèves de ecrivain,un certain parents d'élèves,ecrivain,de,un certain parents d'élève,ecrivain,False,r_social_tie,True,
une parents d'élèves de claire,une parents d'élèves,claire,de,une parents d'élève,claire,False,r_social_tie,True,
quel parents d'élèves de claire,quel parents d'élèves,claire,de,quel parents d'élève,claire,False,r_social_tie,True,
chaqué parents d'élèves de claire,chaqué parents d'élèves,claire,de,chaqué parents d'élève,claire,False,r_social_tie,True,
la parents d'élèves u claire,parents,élèves u claire,d',parent,élèves u claire,False,r_social_tie,True,
un parents d'élèvesde claire,parents,élèvesde claire,d',parent,élèvesde claire,False,r_social_tie,True,
tout parents d'élèves de claire,tout parents d'élèves,claire,de,tout parents d'élève,claire,False,r_social_tie,True,
un certain parents d'élèves de veronique,un certain parents d'élèves,veronique,de,un certain parents d'élève,veronique,False,r_social_tie,True,
parents d'élèves de veronique,parents d'élèves,veronique,de,parents d'élève,veronique,False,r_social_tie,True,
la parents d'élèvess du veronique,la parents d'élèvess,veronique,du,la parents d'élèves,veronique,True,r_social_tie,True,
le parents d'élèves de veronique,le parents d'élèves,veronique,de,le parents d'élève,veronique,False,r_social_tie,True,
quel parents d'élèves de veronique,quel parents d'élèves,veronique,de,quel parents d'élève,veronique,False,r_social_tie,True,
ce  parents d'élèves de veronique,ce parents d'élèves,veronique,de,ce parents d'élève,veronique,False,r_social_tie,True,
parents d'élèves de lucas,parents d'élèves,lucas,de,parents d'élève,luca,False,r_social_tie,True,
chaque parents d'élèves de lucas,chaque parents d'élèves,lucas,de,chaque parents d'élève,luca,False,r_social_tie,True,
un certain parents d'élèves de lucas,un certain parents d'élèves,lucas,de,un certain parents d'élève,luca,False,r_social_tie,True,
cê parents d'élèves de lucas,cê parents d'élèves,lucas,de,cê parents d'élève,luca,False,r_social_tie,True,
chaque arents d'élèves de lucas,chaque arents d'élèves,lucas,de,chaque arents d'élève,luca,False,r_social_tie,True,
tout parents d'élèves de pierre de touche,tout parents d'élèves de pierre,touche,de,tout parents d'élèves de pierre,touche,False,r_social_tie,True,
le parents d'élèves du pierre de touche,le parents d'élèves du pierre,touche,de,le parents d'élèves du pierre,touche,False,r_social_tie,True,
ce parents d'élèves de pierre de touche,ce parents d'élèves de pierre,touche,de,ce parents d'élèves de pierre,touche,False,r_social_tie,True,
chaque parents d'élèves de pierre de touche,chaque parents d'élèves de pierre,touche,de,chaque parents d'élèves de pierre,touche,False,r_social_tie,True,
ce parents d'élèves de paul,ce parents d'élèves,paul,de,ce parents d'élève,paul,False,r_social_tie,True,
quel parents d'élèves de paul,quel parents d'élèves,paul,de,quel parents d'élève,paul,False,r_social_tie,True,
un parents d'élèves du paul,un parents d'élèves,paul,du,un parents d'élève,paul,True,r_social_tie,True,
chaque parents d'élèves de paul,chaque parents d'élèves,paul,de,chaque parents d'élève,paul,False,r_social_tie,True,
une parents d'élèves de paul,une parents d'élèves,paul,de,une parents d'élève,paul,False,r_social_tie,True,
quel parents d'élèves de guillaume,quel parents d'élèves,guillaume,de,quel parents d'élève,guillaume,False,r_social_tie,True,
une parents d'élèves du guillaume,une parents d'élèves,guillaume,du,une parents d'élève,guillaume,True,r_social_tie,True,
parents d'élèves de guillaume,parents d'élèves,guillaume,de,parents d'élève,guillaume,False,r_social_tie,True,
tout parents d'élèves de guillaume,tout parents d'élèves,guillaume,de,tout parents d'élève,guillaume,False,r_social_tie,True,
unè parents d'élèves de guillaume,unè parents d'élèves,guillaume,de,unè parents d'élève,guillaume,False,r_social_tie,True,
un certain parents d'élèves de guillaume,un certain parents d'élèves,guillaume,de,un certain parents d'élève,guillaume,False,r_social_tie,True,
la parents d'élèves ddu julien,parents,élèves ddu julien,d',parent,élèves ddu julien,False,r_social_tie,True,
parents d'élèves de julien,parents d'élèves,julien,de,parents d'élève,julien,False,r_social_tie,True,
tout pparents d'élèves de julien,tout pparents d'élèves,julien,de,tout pparents d'élève,julien,False,r_social_tie,True,
chaque parents d'élèves de julien,chaque parents d'élèves,julien,de,chaque parents d'élève,julien,False,r_social_tie,True,
quel parents d'élèves de julien,quel parents d'élèves,julien,de,quel parents d'élève,julien,False,r_social_tie,True,
ce parents d'élèves de julien,ce parents d'élèves,julien,de,ce parents d'élève,julien,False,r_social_tie,True,
un parènts d'élèves de brigitte,un parènts d'élèves,brigitte,de,un parènts d'élève,brigitte,False,r_social_tie,True,
chaque parents d'élèves de brigitte,chaque parents d'élèves,brigitte,de,chaque parents d'élève,brigitte,False,r_social_tie,True,
tout parents d'élèves de brigitte,tout parents d'élèves,brigitte,de,tout parents d'élève,brigitte,False,r_social_tie,True,
chaquê parents d'élèves de brigitte,chaquê parents d'élèves,brigitte,de,chaquê parents d'élève,brigitte,False,r_social_tie,True,
quel parents d'élèves de brigitte,quel parents d'élèves,brigitte,de,quel parents d'élève,brigitte,False,r_social_tie,True,
un certain parents d'élèves de brigitte,un certain parents d'élèves,brigitte,de,un certain parents d'élève,brigitte,False,r_social_tie,True,
quel parents d'élèves de isabelle,quel parents d'élèves,isabelle,de,quel parents d'élève,isabelle,False,r_social_tie,True,
tout parents d'élèves de isabelle,tout parents d'élèves,isabelle,de,tout parents d'élève,isabelle,False,r_social_tie,True,
un parents d'élèves de l'isabelle,un parents d'élèves,l'isabelle,de,un parents d'élève,l'isabelle,False,r_social_tie,True,
un certain parents d'élèves de isabelle,un certain parents d'élèves,isabelle,de,un certain parents d'élève,isabelle,False,r_social_tie,True,
ce parent d'élèves de isabelle,ce parent d'élèves,isabelle,de,ce parent d'élève,isabelle,False,r_social_tie,True,
une neveu de l'ecrivain,une neveu,l'ecrivain,de,une neveu,l'ecrivain,False,r_social_tie,True,
un certain neveu de claire,neveu,claire,de,neveu,claire,False,r_social_tie,True,
quel neveu de veronique,neveu,veronique,de,neveu,veronique,False,r_social_tie,True,
quel nneveu de veronique,nneveu,veronique,de,nneveu,veronique,False,r_social_tie,True,
quel neveu de lucas,neveu,lucas,de,neveu,luca,False,r_social_tie,True,
le neveu de pierre de touche,le neveu de pierre,touche,de,le neveu de pierre,touche,False,r_social_tie,True,
tout neveu de pierre de touche,tout neveu de pierre,touche,de,tout neveu de pierre,touche,False,r_social_tie,True,
neveu du pierre de touche,neveu du pierre,touche,de,neveu du pierre,touche,False,r_social_tie,True,
neveu de pierre de touche,neveu de pierre,touche,de,neveu de pierre,touche,False,r_social_tie,True,
un certain neveu de pierre de touche,un certain neveu de pierre,touche,de,un certain neveu de pierre,touche,False,r_social_tie,True,
ce neveu de paul,neveu,paul,de,neveu,paul,False,r_social_tie,True,
quel neveu de guillaume,neveu,guillaume,de,neveu,guillaume,False,r_social_tie,True,
tout nevu de guillaume,nevu,guillaume,de,nevu,guillaume,False,r_social_tie,True,
un neveu de julien,neveu,julien,de,neveu,julien,False,r_social_tie,True,
tout neveu de brigitte,neveu,brigitte,de,neveu,brigitte,False,r_social_tie,True,
quel neeu de isabelle,neeu,isabelle,de,neeu,isabelle,False,r_social_tie,True,
chaque aavocat de ecrivain,aavocat,ecrivain,de,aavocat,ecrivain,False,r_social_tie,True,
quel avocat de ecrivain,avocat,ecrivain,de,avocat,ecrivain,False,r_social_tie,True,
un certain avocat de claire,avocat,claire,de,avocat,claire,False,r_social_tie,True,
la avocat du veronique,avocat,veronique,du,avocat,veronique,True,r_social_tie,True,
un avoocat de veronique,avoocat,veronique,de,avoocat,veronique,False,r_social_tie,True,
ce avocat de lucas,avocat,lucas,de,avocat,luca,False,r_social_tie,True,
quel avocat de pierre de touche,quel avocat de pierre,touche,de,quel avocat de pierre,touche,False,r_social_tie,True,
chaque avocat de pierre de touche,chaque avocat de pierre,touche,de,chaque avocat de pierre,touche,False,r_social_tie,True,
ce avocat de pierre de touche,ce avocat de pierre,touche,de,ce avocat de pierre,touche,False,r_social_tie,True,
tout avocat de pierre de touche,tout avocat de pierre,touche,de,tout avocat de pierre,touche,False,r_social_tie,True,
avocat de pierre de touche,avocat de pierre,touche,de,avocat de pierre,touche,False,r_social_tie,True,
tout avocat de paul,avocat,paul,de,avocat,paul,False,r_social_tie,True,
une aavocat du paul,aavocat,paul,du,aavocat,paul,True,r_social_tie,True,
un certain avocat de guillaume,avocat,guillaume,de,avocat,guillaume,False,r_social_tie,True,
une avoca du guillaume,avoca,guillaume,du,avoca,guillaume,True,r_social_tie,True,
chaque avocat de julien,avocat,julien,de,avocat,julien,False,r_social_tie,True,
quel avocat de brigitte,avocat,brigitte,de,avocat,brigitte,False,r_social_tie,True,
avocat de l'isabelle,avocat,l'isabelle,de,avocat,l'isabelle,False,r_social_tie,True,
quel vocat de isabelle,vocat,isabelle,de,vocat,isabelle,False,r_social_tie,True,
un pere à cotisations définies de l'ecrivain,un pere à cotisations définies,l'ecrivain,de,un pere à cotisations définie,l'ecrivain,False,r_social_tie,True,
un cértain pere à cotisations définies de claire,définies,claire,de,définie,claire,False,r_social_tie,True,
quel pere à cotisations définies de veronique,définies,veronique,de,définie,veronique,False,r_social_tie,True,
une pere à cotisations définies de lucas,définies,lucas,de,définie,luca,False,r_social_tie,True,
quel pere à cotisations définies de pierre de touche,quel pere à cotisations définies de pierre,touche,de,quel pere à cotisations définies de pierre,touche,False,r_social_tie,True,
tout pere à cotisations définies de pierre de touche,tout pere à cotisations définies de pierre,touche,de,tout pere à cotisations définies de pierre,touche,False,r_social_tie,True,
un certain pere à cotisations définies de pierre de touche,un certain pere à cotisations définies de pierre,touche,de,un certain pere à cotisations définies de pierre,touche,False,r_social_tie,True,
chaque pere à cotisations définies de pierre de touche,chaque pere à cotisations définies de pierre,touche,de,chaque pere à cotisations définies de pierre,touche,False,r_social_tie,True,
quel pere à coisations définies de pierre de touche,quel pere à coisations définies de pierre,touche,de,quel pere à coisations définies de pierre,touche,False,r_social_tie,True,
ce pere à cotisations définies de pierre de touche,ce pere à cotisations définies de pierre,touche,de,ce pere à cotisations définies de pierre,touche,False,r_social_tie,True,
tout pere à cotisations définies de paul,définies,paul,de,définie,paul,False,r_social_tie,True,
quel pere à cotisations définies de guillaume,définies,guillaume,de,définie,guillaume,False,r_social_tie,True,
pere à cotisations définis du guillaume,définis,guillaume,du,défini,guillaume,True,r_social_tie,True,
chaque pere à cotisations définies de julien,définies,julien,de,définie,julien,False,r_social_tie,True,
une  pere à cotisations définies du brigitte,définies,brigitte,du,définie,brigitte,True,r_social_tie,True,
un pere à cotisations définies de l'isabelle,un pere à cotisations définies,l'isabelle,de,un pere à cotisations définie,l'isabelle,False,r_social_tie,True,
un tante de l'ecrivain,un tante,l'ecrivain,de,un tante,l'ecrivain,False,r_social_tie,True,
un cèrtain tante de claire,tante,claire,de,tante,claire,False,r_social_tie,True,
chaquetante de claire,chaquetante,claire,de,chaquetante,claire,False,r_social_tie,True,
quel tante de veronique,tante,veronique,de,tante,veronique,False,r_social_tie,True,
ce  tante de lucas,tante,lucas,de,tante,luca,False,r_social_tie,True,
quel tannte de lucas,tannte,lucas,de,tannte,luca,False,r_social_tie,True,
tante de pierre de touche,tante de pierre,touche,de,tante de pierre,touche,False,r_social_tie,True,
une tante du pierre de touche,une tante du pierre,touche,de,une tante du pierre,touche,False,r_social_tie,True,
ce tante de pierre de touche,ce tante de pierre,touche,de,ce tante de pierre,touche,False,r_social_tie,True,
quel tante de pierre de touche,quel tante de pierre,touche,de,quel tante de pierre,touche,False,r_social_tie,True,
chaque tante de pierre de touche,chaque tante de pierre,touche,de,chaque tante de pierre,touche,False,r_social_tie,True,
ce tante de paul,tante,paul,de,tante,paul,False,r_social_tie,True,
ce tante de guillaume,tante,guillaume,de,tante,guillaume,False,r_social_tie,True,
un certain tante de julien,tante,julien,de,tante,julien,False,r_social_tie,True,
la ttante de julien,ttante,julien,de,ttante,julien,False,r_social_tie,True,
le tante de brigitte,tante,brigitte,de,tante,brigitte,False,r_social_tie,True,
tout tante de briggitte,tante,briggitte,de,tante,briggitte,False,r_social_tie,True,
la tante de l'isabelle,la tante,l'isabelle,de,la tante,l'isabelle,False,r_social_tie,True,
quel  eleve de claire,eleve,claire,de,eleve,claire,False,r_social_tie,True,
la eleve du veronique,eleve,veronique,du,eleve,veronique,True,r_social_tie,True,
un certain elevve de veronique,elevve,veronique,de,elevve,veronique,False,r_social_tie,True,
une eleve du lucas,eleve,lucas,du,eleve,luca,True,r_social_tie,True,
tout eleve de pierre de touche,tout eleve de pierre,touche,de,tout eleve de pierre,touche,False,r_social_tie,True,
ce eleve de pierre de touche,ce eleve de pierre,touche,de,ce eleve de pierre,touche,False,r_social_tie,True,
eleve du pierre de touche,eleve du pierre,touche,de,eleve du pierre,touche,False,r_social_tie,True,
un certain eleve de pierre de touche,un certain eleve de pierre,touche,de,un certain eleve de pierre,touche,False,r_social_tie,True,
tout eleve de paul,eleve,paul,de,eleve,paul,False,r_social_tie,True,
ce  eleve de guillaume,eleve,guillaume,de,eleve,guillaume,False,r_social_tie,True,
tout eleve de julien,eleve,julien,de,eleve,julien,False,r_social_tie,True,
tout eleve de brigitte,eleve,brigitte,de,eleve,brigitte,False,r_social_tie,True,
une  eleve de l'isabelle,une eleve,l'isabelle,de,une eleve,l'isabelle,False,r_social_tie,True,
la fournisseur du claire,fournisseur,claire,du,fournisseur,claire,True,r_social_tie,True,
quel fournisseur de veronique,fournisseur,veronique,de,fournisseur,veronique,False,r_social_tie,True,
chaque fournisseur de lucas,fournisseur,lucas,de,fournisseur,luca,False,r_social_tie,True,
tout fournisseur de pierre de touche,tout fournisseur de pierre,touche,de,tout fournisseur de pierre,touche,False,r_social_tie,True,
chaque fournisseur de pierre de touche,chaque fournisseur de pierre,touche,de,chaque fournisseur de pierre,touche,False,r_social_tie,True,
un certain fournisseur de pierre de touche,un certain fournisseur de pierre,touche,de,un certain fournisseur de pierre,touche,False,r_social_tie,True,
quel fournisseur de pierre de ouche,quel fournisseur de pierre,ouche,de,quel fournisseur de pierre,ouche,False,r_social_tie,True,
ce fournisseur de paul,fournisseur,paul,de,fournisseur,paul,False,r_social_tie,True,
ce fournisseur de guillame,fournisseur,guillame,de,fournisseur,guillame,False,r_social_tie,True,
un fournisseur du guillaume,fournisseur,guillaume,du,fournisseur,guillaume,True,r_social_tie,True,
chaque fournisseur de guillume,fournisseur,guillume,de,fournisseur,guillume,False,r_social_tie,True,
un certain fournisseur de julien,fournisseur,julien,de,fournisseur,julien,False,r_social_tie,True,
tout fournissèur de julien,fournissèur,julien,de,fournissèur,julien,False,r_social_tie,True,
tout fournisseur de brigitte,fournisseur,brigitte,de,fournisseur,brigitte,False,r_social_tie,True,
le fournisseur de l'isabelle,le fournisseur,l'isabelle,de,le fournisseur,l'isabelle,False,r_social_tie,True,
quelfournisseur de isabelle,quelfournisseur,isabelle,de,quelfournisseur,isabelle,False,r_social_tie,True,
une fournisseur de l'isabelle,une fournisseur,l'isabelle,de,une fournisseur,l'isabelle,False,r_social_tie,True,
notaire de erivain,notaire,erivain,de,notaire,erivain,False,r_social_tie,True,
le notaire de claire,notaire,claire,de,notaire,claire,False,r_social_tie,True,
quel notaire de veronique,notaire,veronique,de,notaire,veronique,False,r_social_tie,True,
chaque notaire de lucas,notaire,lucas,de,notaire,luca,False,r_social_tie,True,
le  notaire de pierre de touche,le notaire de pierre,touche,de,le notaire de pierre,touche,False,r_social_tie,True,
ce notaaire de pierre de touche,ce notaaire de pierre,touche,de,ce notaaire de pierre,touche,False,r_social_tie,True,
un certain notaire de pierre de touche,un certain notaire de pierre,touche,de,un certain notaire de pierre,touche,False,r_social_tie,True,
ce notaire de pierre de touche,ce notaire de pierre,touche,de,ce notaire de pierre,touche,False,r_social_tie,True,
chaque notaire de pierre de touche,chaque notaire de pierre,touche,de,chaque notaire de pierre,touche,False,r_social_tie,True,
chaque douuzaine de riz,douuzaine,riz,de,douuzaine,riz,False,r_quantificateur,True,
un certin douzaine de riz,douzaine,riz,de,douzaine,riz,False,r_quantificateur,True,
quel douzaine de fruits,douzaine,fruits,de,douzaine,fruit,False,r_quantificateur,True,
une douzaine du lait,douzaine,lait,du,douzaine,lait,True,r_quantificateur,True,
chaque douaine de lait,douaine,lait,de,douaine,lait,False,r_quantificateur,True,
ce douzaine de tomates,douzaine,tomates,de,douzaine,tomate,False,r_quantificateur,True,
ce douzaine de gateau,douzaine,gateau,de,douzaine,gateau,False,r_quantificateur,True,
tout douzaine de livres,douzaine,livres,de,douzaine,livre,False,r_quantificateur,True,
tout douzaine de biere,douzaine,biere,de,douzaine,biere,False,r_quantificateur,True,
quel douzaine de iere,douzaine,iere,de,douzaine,iere,False,r_quantificateur,True,
un certain douzaine de brioche,douzaine,brioche,de,douzaine,brioche,False,r_quantificateur,True,
la douzainé de jetons,douzainé,jetons,de,douzainé,jeton,False,r_quantificateur,True,
quel douzaine de jetons,douzaine,jetons,de,douzaine,jeton,False,r_quantificateur,True,
un cêrtain paquet de brioche,paquet,brioche,de,paquet,brioche,False,r_quantificateur,True,
un cértain paquet de salade,paquet,salade,de,paquet,salade,False,r_quantificateur,True,
quel paquett de salade,paquett,salade,de,paquett,salade,False,r_quantificateur,True,
ce paquet de salaade,paquet,salaade,de,paquet,salaade,False,r_quantificateur,True,
tout paquet de boeuf,paquet,boeuf,de,paquet,boeuf,False,r_quantificateur,True,
ce paquet de billes,paquet,billes,de,paquet,bille,False,r_quantificateur,True,
un certain pauet de billes,pauet,billes,de,pauet,bille,False,r_quantificateur,True,
quel paquet de sel,paquet,sel,de,paquet,sel,False,r_quantificateur,True,
chaque paquet de monnaie,paquet,monnaie,de,paquet,monnaie,False,r_quantificateur,True,
un certainpaquet de the,certainpaquet,the,de,certainpaquet,the,False,r_quantificateur,True,
tout paquet de the,paquet,the,de,paquet,the,False,r_quantificateur,True,
quel  paquet de noix,paquet,noix,de,paquet,noi,False,r_quantificateur,True,
ce paquet de fruits,paquet,fruits,de,paquet,fruit,False,r_quantificateur,True,
quel paquet de pieces,paquet,pieces,de,paquet,piece,False,r_quantificateur,True,
quel vitrail de lettres,vitrail,lettres,de,vitrail,lettre,False,r_quantificateur,True,
le vitrrail de lettres,vitrrail,lettres,de,vitrrail,lettre,False,r_quantificateur,True,
ce vitrail de cerises,vitrail,cerises,de,vitrail,cerise,False,r_quantificateur,True,
chaque vitrail de vin,vitrail,vin,de,vitrail,vin,False,r_quantificateur,True,
ce vitrail de cereales,vitrail,cereales,de,vitrail,cereale,False,r_quantificateur,True,
quel vitrail de bonbons,vitrail,bonbons,de,vitrail,bonbon,False,r_quantificateur,True,
le vitrail de l'amandes,le vitrail,l'amandes,de,le vitrail,l'amande,False,r_quantificateur,True,
un vitrail du photos,vitrail,photos,du,vitrail,photo,True,r_quantificateur,True,
un certain itrail de photos,itrail,photos,de,itrail,photo,False,r_quantificateur,True,
tout vitrail de farine,vitrail,farine,de,vitrail,farine,False,r_quantificateur,True,
chaque vitrail de poulet,vitrail,poulet,de,vitrail,poulet,False,r_quantificateur,True,
la tas de lettres,tas,lettres,de,ta,lettre,False,r_quantificateur,True,
ce tas de leettres,tas,leettres,de,ta,leettre,False,r_quantificateur,True,
tout tas de lait,tas,lait,de,ta,lait,False,r_quantificateur,True,
chaque tas de tomates,tas,tomates,de,ta,tomate,False,r_quantificateur,True,
un certain tas de pain,tas,pain,de,ta,pain,False,r_quantificateur,True,
une tas du the,tas,the,du,ta,the,True,r_quantificateur,True,
la tas de photos,tas,photos,de,ta,photo,False,r_quantificateur,True,
quel tas de sel,tas,sel,de,ta,sel,False,r_quantificateur,True,
ce tas de ssel,tas,ssel,de,ta,ssel,False,r_quantificateur,True,
quel tas de gateau,tas,gateau,de,ta,gateau,False,r_quantificateur,True,
chaque as de gateau,as,gateau,de,as,gateau,False,r_quantificateur,True,
tout tas de billets,tas,billets,de,ta,billet,False,r_quantificateur,True,
ce pincee de vin,pincee,vin,de,pincee,vin,False,r_quantificateur,True,
tout pincee de monnaie,pincee,monnaie,de,pincee,monnaie,False,r_quantificateur,True,
pincee de cerises,pincee,cerises,de,pincee,cerise,False,r_quantificateur,True,
une pinee de cerises,pinee,cerises,de,pinee,cerise,False,r_quantificateur,True,
le  pincee de jus,pincee,jus,de,pincee,ju,False,r_quantificateur,True,
tout pincee de poulet,pincee,poulet,de,pincee,poulet,False,r_quantificateur,True,
le pincee de l'eau,le pincee,l'eau,de,le pincee,l'eau,False,r_quantificateur,True,
un pincee de l'oranges,un pincee,l'oranges,de,un pincee,l'orange,False,r_quantificateur,True,
la pincee de biere,pincee,biere,de,pincee,biere,False,r_quantificateur,True,
chaque pincee de farine,pincee,farine,de,pincee,farine,False,r_quantificateur,True,
le pincee de livres,pincee,livres,de,pincee,livre,False,r_quantificateur,True,
tout pincèe de livres,pincèe,livres,de,pincèe,livre,False,r_quantificateur,True,
quel corbeille de jetons,corbeille,jetons,de,corbeille,jeton,False,r_quantificateur,True,
une corbeille du pieces,corbeille,pieces,du,corbeille,piece,True,r_quantificateur,True,
tout corbeille de sable,corbeille,sable,de,corbeille,sable,False,r_quantificateur,True,
chaque corbeille de riz,corbeille,riz,de,corbeille,riz,False,r_quantificateur,True,
tout corbeille de pommes,corbeille,pommes,de,corbeille,pomme,False,r_quantificateur,True,
tout corbeille de fraises,corbeille,fraises,de,corbeille,fraise,False,r_quantificateur,True,
ce corbeillle de fraises,corbeillle,fraises,de,corbeillle,fraise,False,r_quantificateur,True,
tout corbeille de biscuit,corbeille,biscuit,de,corbeille,biscuit,False,r_quantificateur,True,
une corbeille de fruits,corbeille,fruits,de,corbeille,fruit,False,r_quantificateur,True,
un corbeille du tomates,corbeille,tomates,du,corbeille,tomate,True,r_quantificateur,True,
la corbêille de tomates,corbêille,tomates,de,corbêille,tomate,False,r_quantificateur,True,
un certain centimetre de porc,centimetre,porc,de,centimetre,porc,False,r_quantificateur,True,
la cèntimetre de porc,cèntimetre,porc,de,cèntimetre,porc,False,r_quantificateur,True,
chaque centimetre de biere,centimetre,biere,de,centimetre,biere,False,r_quantificateur,True,
une centimetre de sel,centimetre,sel,de,centimetre,sel,False,r_quantificateur,True,
le centimetre du chocolat,centimetre,chocolat,du,centimetre,chocolat,True,r_quantificateur,True,
chaquê centimetre de soupe,centimetre,soupe,de,centimetre,soupe,False,r_quantificateur,True,
un certain centimetre de fraises,centimetre,fraises,de,centimetre,fraise,False,r_quantificateur,True,
ce centimetre de cereales,centimetre,cereales,de,centimetre,cereale,False,r_quantificateur,True,
ce centimetre de viande,centimetre,viande,de,centimetre,viande,False,r_quantificateur,True,
tout centimetre de farine,centimetre,farine,de,centimetre,farine,False,r_quantificateur,True,
un centimetre du boeuf,centimetre,boeuf,du,centimetre,boeuf,True,r_quantificateur,True,
un certain silicate de biere,silicate,biere,de,silicate,biere,False,r_quantificateur,True,
chaque silicate de sucre,silicate,sucre,de,silicate,sucre,False,r_quantificateur,True,
le silicate du jus,silicate,jus,du,silicate,ju,True,r_quantificateur,True,
quel siicate de jus,siicate,jus,de,siicate,ju,False,r_quantificateur,True,
chaque silicate de poisson,silicate,poisson,de,silicate,poisson,False,r_quantificateur,True,
la silicate de vin,silicate,vin,de,silicate,vin,False,r_quantificateur,True,
le canevas de l'homme,le canevas,l'homme,de,le caneva,l'homme,False,r_depic,True,
tout canevs de homme,canevs,homme,de,canev,homme,False,r_depic,True,
chaque canevas de napoleon,canevas,napoleon,de,caneva,napoleon,False,r_depic,True,
canevas de ange,canevas,ange,de,caneva,ange,False,r_depic,True,
le canevas de l'ange,le canevas,l'ange,de,le caneva,l'ange,False,r_depic,True,
ce canevas de age,canevas,age,de,caneva,age,False,r_depic,True,
quel canevas de mer,canevas,mer,de,caneva,mer,False,r_depic,True,
chaque canevas de fete,canevas,fete,de,caneva,fete,False,r_depic,True,
tout caneas de fete,caneas,fete,de,canea,fete,False,r_depic,True,
ce canevas de foret,canevas,foret,de,caneva,foret,False,r_depic,True,
quel canevas de peche,canevas,peche,de,caneva,peche,False,r_depic,True,
le canevas de tempete,canevas,tempete,de,caneva,tempete,False,r_depic,True,
quel canevas de bataille,canevas,bataille,de,caneva,bataille,False,r_depic,True,
une canevas du bataillle,canevas,bataillle,du,caneva,bataillle,True,r_depic,True,
le canevas de lever de soleil,le canevas de lever,soleil,de,le canevas de lever,soleil,False,r_depic,True,
ce canevas de lever de soleil,ce canevas de lever,soleil,de,ce canevas de lever,soleil,False,r_depic,True,
tout canevas de lever de soleil,tout canevas de lever,soleil,de,tout canevas de lever,soleil,False,r_depic,True,
un certain canevas de lever de soleil,un certain canevas de lever,soleil,de,un certain canevas de lever,soleil,False,r_depic,True,
chaque canevas de lever de soleil,chaque canevas de lever,soleil,de,chaque canevas de lever,soleil,False,r_depic,True,
quel canevas de lever de soleil,quel canevas de lever,soleil,de,quel canevas de lever,soleil,False,r_depic,True,
chaque phootographie de tempete,phootographie,tempete,de,phootographie,tempete,False,r_depic,True,
un certain photographie de tempete,photographie,tempete,de,photographie,tempete,False,r_depic,True,
tout photographie de napoleon,photographie,napoleon,de,photographie,napoleon,False,r_depic,True,
tout photographie de nuit,photographie,nuit,de,photographie,nuit,False,r_depic,True,
ce photographie de montagne,photographie,montagne,de,photographie,montagne,False,r_depic,True,
un cèrtain photographie de jour,photographie,jour,de,photographie,jour,False,r_depic,True,
le photographie de l'ete,le photographie,l'ete,de,le photographie,l'ete,False,r_depic,True,
ce photographie de noble,photographie,noble,de,photographie,noble,False,r_depic,True,
chaque photographie de bataille,photographie,bataille,de,photographie,bataille,False,r_depic,True,
un cêrtain photographie de fete,photographie,fete,de,photographie,fete,False,r_depic,True,
le hotographie du fete,hotographie,fete,du,hotographie,fete,True,r_depic,True,
un certain photographie de paysage,photographie,paysage,de,photographie,paysage,False,r_depic,True,
un certain avant-goût de tempete,goût,tempete,de,goût,tempete,False,r_depic,True,
avant-goût du montagne,goût,montagne,du,goût,montagne,True,r_depic,True,
un certain avant-goût de chasse,goût,chasse,de,goût,chasse,False,r_depic,True,
ce avant-goût de deesse,goût,deesse,de,goût,deesse,False,r_depic,True,
une avant-goût de l'orage,une avant-goût,l'orage,de,une avant-goût,l'orage,False,r_depic,True,
un avant-goût de l'orage,un avant-goût,l'orage,de,un avant-goût,l'orage,False,r_depic,True,
tout avant-goût de nuit,goût,nuit,de,goût,nuit,False,r_depic,True,
le vant-goût du femme,goût,femme,du,goût,femme,True,r_depic,True,
chaque avant-goût de paysan,goût,paysan,de,goût,paysan,False,r_depic,True,
tout avant-goût de vierge,goût,vierge,de,goût,vierge,False,r_depic,True,
tout avant-goût de scene,goût,scene,de,goût,scene,False,r_depic,True,
quel avant-goût de coucher de soleil,quel avant-goût de coucher,soleil,de,quel avant-goût de coucher,soleil,False,r_depic,True,
un certain avant-goût de coucher de soleil,un certain avant-goût de coucher,soleil,de,un certain avant-goût de coucher,soleil,False,r_depic,True,
avant-goût de coucher de soleil,avant-goût de coucher,soleil,de,avant-goût de coucher,soleil,False,r_depic,True,
ce avant-goût de coucher de soleil,ce avant-goût de coucher,soleil,de,ce avant-goût de coucher,soleil,False,r_depic,True,
tout avant-goût de coucher de soleil,tout avant-goût de coucher,soleil,de,tout avant-goût de coucher,soleil,False,r_depic,True,
un certain avant-goût de printemps,goût,printemps,de,goût,printemp,False,r_depic,True,
la tablèau de alexandre,tablèau,alexandre,de,tablèau,alexandre,False,r_depic,True,
tout  tableau de funerailles,tableau,funerailles,de,tableau,funeraille,False,r_depic,True,
tout tableau de fete,tableau,fete,de,tableau,fete,False,r_depic,True,
le tableau du marchand,tableau,marchand,du,tableau,marchand,True,r_depic,True,
une tableau du ddeesse,tableau,ddeesse,de,tableau,ddeesse,False,r_depic,True,
chaque tableau de deesse,tableau,deesse,de,tableau,deesse,False,r_depic,True,
tout tableau de paysan,tableau,paysan,de,tableau,paysan,False,r_depic,True,
chaque tableau de cesar,tableau,cesar,de,tableau,cesar,False,r_depic,True,
tout tableau de nature,tableau,nature,de,tableau,nature,False,r_depic,True,
la tabbleau du nature,tabbleau,nature,du,tabbleau,nature,True,r_depic,True,
le tableau de mer,tableau,mer,de,tableau,mer,False,r_depic,True,
la tablêau du mer,tablêau,mer,du,tablêau,mer,True,r_depic,True,
chaque tableau de roi,tableau,roi,de,tableau,roi,False,r_depic,True,
tout tableau de femme,tableau,femme,de,tableau,femme,False,r_depic,True,
chaque tableau de chevalier,tableau,chevalier,de,tableau,chevalier,False,r_depic,True,
tout  papotage de cesar,papotage,cesar,de,papotage,cesar,False,r_depic,True,
quel papotagge de cesar,papotagge,cesar,de,papotagge,cesar,False,r_depic,True,
unê papotage de l'animal,unê papotage,l'animal,de,unê papotage,l'animal,False,r_depic,True,
quel papotage de montagne,papotage,montagne,de,papotage,montagne,False,r_depic,True,
ce papotage de jour,papotage,jour,de,papotage,jour,False,r_depic,True,
tout papotage de lever de soleil,tout papotage de lever,soleil,de,tout papotage de lever,soleil,False,r_depic,True,
quel papotage de lever de soleil,quel papotage de lever,soleil,de,quel papotage de lever,soleil,False,r_depic,True,
ce papotage de lever de soleil,ce papotage de lever,soleil,de,ce papotage de lever,soleil,False,r_depic,True,
un papotage du lever de soleil,un papotage du lever,soleil,de,un papotage du lever,soleil,False,r_depic,True,
chaque papotage de lever de soleil,chaque papotage de lever,soleil,de,chaque papotage de lever,soleil,False,r_depic,True,
un papotage de l'heros,un papotage,l'heros,de,un papotage,l'hero,False,r_depic,True,
tout papotagé de marchand,papotagé,marchand,de,papotagé,marchand,False,r_depic,True,
chaque papotage de marchand,papotage,marchand,de,papotage,marchand,False,r_depic,True,
la papotage de mmarchand,papotage,mmarchand,de,papotage,mmarchand,False,r_depic,True,
un certain papotage de paysan,papotage,paysan,de,papotage,paysan,False,r_depic,True,
le papotage de ppaysan,papotage,ppaysan,de,papotage,ppaysan,False,r_depic,True,
le ppapotage du vierge,ppapotage,vierge,du,ppapotage,vierge,True,r_depic,True,
un papotagé de vierge,papotagé,vierge,de,papotagé,vierge,False,r_depic,True,
un certain papotag de vierge,papotag,vierge,de,papotag,vierge,False,r_depic,True,
ce papotage de vierge,papotage,vierge,de,papotage,vierge,False,r_depic,True,
quel papotage de nuit,papotage,nuit,de,papotage,nuit,False,r_depic,True,
chaque papotage de femme,papotage,femme,de,papotage,femme,False,r_depic,True,
papotage de tempete,papotage,tempete,de,papotage,tempete,False,r_depic,True,
la papotagê de tempete,papotagê,tempete,de,papotagê,tempete,False,r_depic,True,
chaque pan de funerailles,pan,funerailles,de,pan,funeraille,False,r_depic,True,
la pan de l'homme,la pan,l'homme,de,la pan,l'homme,False,r_depic,True,
un certain pan de tempete,pan,tempete,de,pan,tempete,False,r_depic,True,
un certain pan de soldat,pan,soldat,de,pan,soldat,False,r_depic,True,
le pan de foret,pan,foret,de,pan,foret,False,r_depic,True,
chaque pan de mriage,pan,mriage,de,pan,mriage,False,r_depic,True,
un certain pan de mariage,pan,mariage,de,pan,mariage,False,r_depic,True,
une pan de mer,pan,mer,de,pan,mer,False,r_depic,True,
un certain pan de noble,pan,noble,de,pan,noble,False,r_depic,True,
une pan du christ,pan,christ,du,pan,christ,True,r_depic,True,
un pan du deesse,pan,deesse,de,pan,deesse,False,r_depic,True,
chaquepan de deesse,chaquepan,deesse,de,chaquepan,deesse,False,r_depic,True,
un an de deesse,an,deesse,de,an,deesse,False,r_depic,True,
tout pan de reine,pan,reine,de,pan,reine,False,r_depic,True,
un pan du rêine,pan,rêine,du,pan,rêine,True,r_depic,True,
lê figurine du personnage,figurine,personnage,du,figurine,personnage,True,r_depic,True,
tout figurine de peersonnage,figurine,peersonnage,de,figurine,peersonnage,False,r_depic,True,
figurine du personnnage,figurine,personnnage,du,figurine,personnnage,True,r_depic,True,
chaque figurine de ange,figurine,ange,de,figurine,ange,False,r_depic,True,
un figurine de l'ange,un figurine,l'ange,de,un figurine,l'ange,False,r_depic,True,
tout  figurine de nuit,figurine,nuit,de,figurine,nuit,False,r_depic,True,
tout dommage par une particule isolée de recession,isolée,recession,de,isolée,recession,False,r_has_causatif,True,
chaque dommage par une particule isolée de fatigue,isolée,fatigue,de,isolée,fatigue,False,r_has_causatif,True,
quel dommage par une particule isolée de brouillard,isolée,brouillard,de,isolée,brouillard,False,r_has_causatif,True,
quel dommage par une particule isolée de vent,isolée,vent,de,isolée,vent,False,r_has_causatif,True,
tout dommage par une particule isolée de seisme,isolée,seisme,de,isolée,seisme,False,r_has_causatif,True,
quel dommage par une particule isolée de verglas,isolée,verglas,de,isolée,vergla,False,r_has_causatif,True,
tout  dommage par une particule isolée de maladie,isolée,maladie,de,isolée,maladie,False,r_has_causatif,True,
dommage par une particule isolée de l'inondation,dommage par une particule isolée,l'inondation,de,dommage par une particule isolée,l'inondation,False,r_has_causatif,True,
le dommage par une particule isolée du cyclone,isolée,cyclone,du,isolée,cyclone,True,r_has_causatif,True,
tout dommage par une particule isolée de greve,isolée,greve,de,isolée,greve,False,r_has_causatif,True,
tout dommage collatéral de gel,collatéral,gel,de,collatéral,gel,False,r_has_causatif,True,
un certain dommage collatéral de famine,collatéral,famine,de,collatéral,famine,False,r_has_causatif,True,
dommage collatéal de explosion,collatéal,explosion,de,collatéal,explosion,False,r_has_causatif,True,
la dommage collatéral du chomage,collatéral,chomage,du,collatéral,chomage,True,r_has_causatif,True,
quel dommage collatéral de froid,collatéral,froid,de,collatéral,froid,False,r_has_causatif,True,
chaque dommage collatéral de cyclone,collatéral,cyclone,de,collatéral,cyclone,False,r_has_causatif,True,
une dommage collatééral de cyclone,collatééral,cyclone,de,collatééral,cyclone,False,r_has_causatif,True,
tout dommage collatéral de sabotage,collatéral,sabotage,de,collatéral,sabotage,False,r_has_causatif,True,
chaque dommage collatéral de faillite,collatéral,faillite,de,collatéral,faillite,False,r_has_causatif,True,
une dommage collatéral du scandale,collatéral,scandale,du,collatéral,scandale,True,r_has_causatif,True,
un dommage collatéral du fatigue,collatéral,fatigue,du,collatéral,fatigue,True,r_has_causatif,True,
ce destruction de stress,destruction,stress,de,destruction,stres,False,r_has_causatif,True,
la dêstruction de stress,dêstruction,stress,de,dêstruction,stres,False,r_has_causatif,True,
ce destructionn de naufrage,destructionn,naufrage,de,destructionn,naufrage,False,r_has_causatif,True,
quel destructiion de naufrage,destructiion,naufrage,de,destructiion,naufrage,False,r_has_causatif,True,
tout dèstruction de naufrage,dèstruction,naufrage,de,dèstruction,naufrage,False,r_has_causatif,True,
tout destruction de naufrage,destruction,naufrage,de,destruction,naufrage,False,r_has_causatif,True,
quel destruction de guerre,destruction,guerre,de,destruction,guerre,False,r_has_causatif,True,
chaque destruction de depression,destruction,depression,de,destruction,depression,False,r_has_causatif,True,
quel destruction de famine,destruction,famine,de,destruction,famine,False,r_has_causatif,True,
le destrution de famine,destrution,famine,de,destrution,famine,False,r_has_causatif,True,
tout déstruction de famine,déstruction,famine,de,déstruction,famine,False,r_has_causatif,True,
un cèrtain destruction de froid,destruction,froid,de,destruction,froid,False,r_has_causatif,True,
un destruction du fatigue,destruction,fatigue,de,destruction,fatigue,False,r_has_causatif,True,
tout dêstruction de fatigue,dêstruction,fatigue,de,dêstruction,fatigue,False,r_has_causatif,True,
un dèstruction de fatigue,dèstruction,fatigue,de,dèstruction,fatigue,False,r_has_causatif,True,
ce destrution de fatigue,destrution,fatigue,de,destrution,fatigue,False,r_has_causatif,True,
chaque destruction de tsunami,destruction,tsunami,de,destruction,tsunami,False,r_has_causatif,True,
quel destruction de verglas,destruction,verglas,de,destruction,vergla,False,r_has_causatif,True,
destruction de l'epidemie,destruction,l'epidemie,de,destruction,l'epidemie,False,r_has_causatif,True,
quel destruction de seisme,destruction,seisme,de,destruction,seisme,False,r_has_causatif,True,
quel  destruction de scandale,destruction,scandale,de,destruction,scandale,False,r_has_causatif,True,
ce ddestruction de scandale,ddestruction,scandale,de,ddestruction,scandale,False,r_has_causatif,True,
ce reponse de scandale,reponse,scandale,de,reponse,scandale,False,r_has_causatif,True,
un rèponse de l'effondrement,un rèponse,l'effondrement,de,un rèponse,l'effondrement,False,r_has_causatif,True,
ce reponse de deforestation,reponse,deforestation,de,reponse,deforestation,False,r_has_causatif,True,
un reponse de collision,reponse,collision,de,reponse,collision,False,r_has_causatif,True,
ce reponse de colision,reponse,colision,de,reponse,colision,False,r_has_causatif,True,
quel  reponse de surmenage,reponse,surmenage,de,reponse,surmenage,False,r_has_causatif,True,
quel reponse de depression,reponse,depression,de,reponse,depression,False,r_has_causatif,True,
tout reponse de pandemie,reponse,pandemie,de,reponse,pandemie,False,r_has_causatif,True,
un reponse de negligence,reponse,negligence,de,reponse,negligence,False,r_has_causatif,True,
quel reponse de negligennce,reponse,negligennce,de,reponse,negligennce,False,r_has_causatif,True,
une reponse de l'explosion,une reponse,l'explosion,de,une reponse,l'explosion,False,r_has_causatif,True,
un certain reponse de naufrage,reponse,naufrage,de,reponse,naufrage,False,r_has_causatif,True,
un certain reponse de pluie,reponse,pluie,de,reponse,pluie,False,r_has_causatif,True,
la reponsse du pluie,reponsse,pluie,du,reponsse,pluie,True,r_has_causatif,True,
quèl benefice de froid,benefice,froid,de,benefice,froid,False,r_has_causatif,True,
un certain bbenefice de anxiete,bbenefice,anxiete,de,bbenefice,anxiete,False,r_has_causatif,True,
quel  benefice de secheresse,benefice,secheresse,de,benefice,secheresse,False,r_has_causatif,True,
un  certain benefice de deforestation,benefice,deforestation,de,benefice,deforestation,False,r_has_causatif,True,
un certain benefice de seisme,benefice,seisme,de,benefice,seisme,False,r_has_causatif,True,
benefice  de pandemie,benefice,pandemie,de,benefice,pandemie,False,r_has_causatif,True,
ce beneficee de inflation,beneficee,inflation,de,beneficee,inflation,False,r_has_causatif,True,
un benefice de l'inflation,un benefice,l'inflation,de,un benefice,l'inflation,False,r_has_causatif,True,
tout bénefice de inflation,bénefice,inflation,de,bénefice,inflation,False,r_has_causatif,True,
quel benefice de guerre,benefice,guerre,de,benefice,guerre,False,r_has_causatif,True,
chaque benefic de guerre,benefic,guerre,de,benefic,guerre,False,r_has_causatif,True,
un certain benefice de depression,benefice,depression,de,benefice,depression,False,r_has_causatif,True,
quel benefice de pluie,benefice,pluie,de,benefice,pluie,False,r_has_causatif,True,
le benefice de iondation,benefice,iondation,de,benefice,iondation,False,r_has_causatif,True,
tout amelioration de colliision,amelioration,colliision,de,amelioration,colliision,False,r_has_causatif,True,
le amelioration du collision,amelioration,collision,du,amelioration,collision,True,r_has_causatif,True,
tout amelioration de gel,amelioration,gel,de,amelioration,gel,False,r_has_causatif,True,
amelioration du el,amelioration,el,du,amelioration,el,True,r_has_causatif,True,
une amelioration de chaleur,amelioration,chaleur,de,amelioration,chaleur,False,r_has_causatif,True,
amelioration de l'inflation,amelioration,l'inflation,de,amelioration,l'inflation,False,r_has_causatif,True,
une amelioration du negligence,amelioration,negligence,du,amelioration,negligence,True,r_has_causatif,True,
tout amelioration de pandemie,amelioration,pandemie,de,amelioration,pandemie,False,r_has_causatif,True,
chaque ameliration de pandemie,ameliration,pandemie,de,ameliration,pandemie,False,r_has_causatif,True,
amelioration de l'explosion,amelioration,l'explosion,de,amelioration,l'explosion,False,r_has_causatif,True,
le amelioration de explsion,amelioration,explsion,de,amelioration,explsion,False,r_has_causatif,True,
quel amelioration de recession,amelioration,recession,de,amelioration,recession,False,r_has_causatif,True,
ce amelioration de brouillard,amelioration,brouillard,de,amelioration,brouillard,False,r_has_causatif,True,
ce amelioration de seisme,amelioration,seisme,de,amelioration,seisme,False,r_has_causatif,True,
un ameelioration du seisme,ameelioration,seisme,du,ameelioration,seisme,True,r_has_causatif,True,
un certain amelioration de travail,amelioration,travail,de,amelioration,travail,False,r_has_causatif,True,
chaque suite de brouillard,suite,brouillard,de,suite,brouillard,False,r_has_causatif,True,
tout suitè de brouillard,suitè,brouillard,de,suitè,brouillard,False,r_has_causatif,True,
un certain suite de faillite,suite,faillite,de,suite,faillite,False,r_has_causatif,True,
un certain suite de chomage,suite,chomage,de,suite,chomage,False,r_has_causatif,True,
l'ecriture d'isabelle,ecriture,isabelle,d',ecriture,isabelle,False,r_has_property-1,True,
une ecriture de laverite,ecriture,laverite,de,ecriture,laverite,False,r_has_property-1,True,
un ecriture d'andre,ecriture,andre,d',ecriture,andre,False,r_has_property-1,True,
la sculpture d'espace,sculpture,espace,d',sculpture,espace,False,r_depic,True,
une sculpture de lacatherine,sculpture,lacatherine,de,sculpture,lacatherine,False,r_depic,True,
une sculpture de lasandrine,sculpture,lasandrine,de,sculpture,lasandrine,False,r_depic,True,
la sculpture d'amour,sculpture,amour,d',sculpture,amour,False,r_depic,True,
un dessin de lanature,dessin,lanature,de,dessin,lanature,False,r_processus_patient,True,
un photo de lasandrine,photo,lasandrine,de,photo,lasandrine,False,r_depic,True,
le photo de l'artiste,le photo,l'artiste,de,le photo,l'artiste,False,r_depic,True,
un portrait d'isabelle,portrait,isabelle,d',portrait,isabelle,False,r_product_of,True,
un portrait de lachristine,portrait,lachristine,de,portrait,lachristine,False,r_product_of,True,
un portrait de lalaurence,portrait,lalaurence,de,portrait,lalaurence,False,r_product_of,True,
un portrait de lasylvie,portrait,lasylvie,de,portrait,lasylvie,False,r_product_of,True,
un portrait de lavalerie,portrait,lavalerie,de,portrait,lavalerie,False,r_product_of,True,
un histoire de lapierre,histoire,lapierre,de,histoire,lapierre,False,r_topic,True,
un tableau de laspatule,tableau,laspatule,de,tableau,laspatule,False,r_objet>matiere,True,
un tableau de l'escalier,un tableau,l'escalier,de,un tableau,l'escalier,False,r_objet>matiere,True,
une carte de labelgique,carte,labelgique,de,carte,labelgique,False,r_lieu,True,
une carte d'auvergne,carte,auvergne,d',carte,auvergne,False,r_lieu,True,
le construction de laspatule,construction,laspatule,de,construction,laspatule,False,r_holo,True,
la peinture de lavie,peinture,lavie,de,peinture,lavie,False,r_depic,True,
une peinture d'amour,peinture,amour,d',peinture,amour,False,r_depic,True,
la peinture de lavalerie,peinture,lavalerie,de,peinture,lavalerie,False,r_depic,True,
