phrase_originale,nom1,nom2,determinant,nom1_lemme,nom2_lemme,definitude,type_jdm,est_valide,notes,nom1_starts_with_vowel,nom2_starts_with_vowel,nom1_ends_with_e,nom2_ends_with_e,nom1_ends_with_s,nom2_ends_with_s,definitude,has_article_le,has_article_un,nom1_is_person,nom2_is_person,nom1_is_location,nom2_is_location,nom1_is_temporal,nom2_is_temporal,nom1_is_abstract,nom2_is_abstract,nom1_is_material,nom2_is_material,nom1_length,nom2_length,phrase_length,nom1_syllables_approx,nom2_syllables_approx,length_ratio,has_determinant,word_count,has_adjective,nom1_exists_jdm,nom2_exists_jdm,both_exist_jdm,nom1_hypernym_count,nom2_hypernym_count,shared_hypernym_count,has_shared_hypernym,hypernym_overlap_ratio,nom1_is_person_jdm,nom2_is_person_jdm,both_are_person_jdm,nom1_is_location_jdm,nom2_is_location_jdm,both_are_location_jdm,nom1_is_temporal_jdm,nom2_is_temporal_jdm,both_are_temporal_jdm,nom1_is_abstract_jdm,nom2_is_abstract_jdm,both_are_abstract_jdm,nom1_is_concrete_jdm,nom2_is_concrete_jdm,both_are_concrete_jdm,nom1_is_action_jdm,nom2_is_action_jdm,both_are_action_jdm,nom1_is_animal_jdm,nom2_is_animal_jdm,both_are_animal_jdm,nom1_is_plant_jdm,nom2_is_plant_jdm,both_are_plant_jdm,nom1_is_substance_jdm,nom2_is_substance_jdm,both_are_substance_jdm,nom1_semantic_type_count,nom2_semantic_type_count,nom1_has_r_isa,nom2_has_r_isa,nom1_r_isa_count,nom2_r_isa_count,nom1_has_r_holo,nom2_has_r_holo,nom1_r_holo_count,nom2_r_holo_count,nom1_has_r_has_part,nom2_has_r_has_part,nom1_r_has_part_count,nom2_r_has_part_count,nom1_has_r_lieu,nom2_has_r_lieu,nom1_r_lieu_count,nom2_r_lieu_count,nom1_has_r_agent,nom2_has_r_agent,nom1_r_agent_count,nom2_r_agent_count,nom1_has_r_patient,nom2_has_r_patient,nom1_r_patient_count,nom2_r_patient_count,nom1_has_r_carac,nom2_has_r_carac,nom1_r_carac_count,nom2_r_carac_count,nom1_has_r_domain,nom2_has_r_domain,nom1_r_domain_count,nom2_r_domain_count,nom1_total_relations,nom2_total_relations,nom2_is_hypernym_of_nom1,nom1_is_hypernym_of_nom2,has_hierarchical_relation
les retards de la pluie,les retards,la pluie,de,les retard,la pluie,False,r_has_causatif,True,,0,0,0,1,0,0,0,1,0,0,0,0,0,0,0,0,0,0,0,10,8,23,3,4,1.25,1,5,0,0,1,0,0,7,0,0,0.0,0,0,0,0,0,0,0,0,0,0,0,0,0,0,0,0,0,0,0,0,0,0,0,0,0,0,0,0,0,0,0,0,0,0,0,0,0,0,0,0,0,0,0,0,0,0,1,0,1,0,0,0,0,0,0,0,0,0,0,0,0,0,48,0,0,0
les retards des travaux,retards,travaux,de,retard,traval,False,r_has_causatif,True,,0,0,0,0,0,0,0,1,0,0,0,0,0,0,0,0,0,0,0,6,6,23,2,2,1.0,1,4,0,1,0,0,5,0,0,0,0.0,0,0,0,0,0,0,0,0,0,0,0,0,0,0,0,1,0,0,0,0,0,0,0,0,0,0,0,0,0,1,0,3,0,0,0,0,0,0,0,0,0,0,0,0,0,1,0,2,0,1,0,2,0,0,0,0,0,0,0,0,0,500,0,0,0,0
les embouteillages des travaux,embouteillages,travaux,de,embouteillage,traval,False,r_has_causatif,True,,1,0,1,0,0,0,0,1,0,0,0,0,0,0,0,0,0,0,0,13,6,30,7,2,2.1666666666666665,1,4,0,1,0,0,10,0,0,0,0.0,0,0,0,0,0,0,0,0,0,0,0,0,1,0,0,1,0,0,0,0,0,0,0,0,0,0,0,0,0,1,0,6,0,0,0,0,0,0,0,0,0,0,0,0,0,0,0,0,0,0,0,0,0,0,0,0,0,0,0,0,0,500,0,0,0,0
les embouteillages d'un accident,embouteillages,un accident,d',embouteillage,un accident,False,r_has_causatif,True,,1,1,1,0,0,0,0,1,1,0,0,0,0,0,0,0,0,0,0,13,11,32,7,4,1.1818181818181819,1,4,0,1,1,1,10,0,0,0,0.0,0,0,0,0,0,0,0,0,0,0,0,0,1,0,0,1,0,0,0,0,0,0,0,0,0,0,0,0,0,1,0,6,0,0,0,0,0,0,0,0,0,0,0,0,0,0,0,0,0,0,0,0,0,0,0,0,0,0,0,0,0,500,5,0,0,0
les pannes de la chaleur,les pannes,la chaleur,de,les panne,la chaleur,False,r_has_causatif,True,,0,0,1,0,0,0,0,1,0,0,0,0,0,0,0,0,0,0,0,9,10,24,3,4,0.9,1,5,0,0,1,0,0,0,0,0,0.0,0,0,0,0,0,0,0,0,0,0,0,0,0,0,0,0,0,0,0,0,0,0,0,0,0,0,0,0,0,0,0,0,0,0,0,0,0,0,0,0,0,0,0,0,0,0,0,0,0,0,0,0,0,0,0,0,0,0,0,0,0,0,13,0,0,0
les pannes de la tempête,les pannes,la tempête,de,les panne,la tempête,False,r_has_causatif,True,,0,0,1,1,0,0,0,1,0,0,0,0,0,0,0,0,0,0,0,9,10,24,3,4,0.9,1,5,0,0,0,0,0,0,0,0,0.0,0,0,0,0,0,0,0,0,0,0,0,0,0,0,0,0,0,0,0,0,0,0,0,0,0,0,0,0,0,0,0,0,0,0,0,0,0,0,0,0,0,0,0,0,0,0,0,0,0,0,0,0,0,0,0,0,0,0,0,0,0,0,0,0,0,0
les annulations de la grève,les annulations,la grève,de,les annulation,la grève,False,r_has_causatif,True,,0,0,0,1,0,0,0,1,0,0,0,0,0,0,0,0,0,0,0,14,8,27,6,3,1.75,1,5,0,0,0,0,0,0,0,0,0.0,0,0,0,0,0,0,0,0,0,0,0,0,0,0,0,0,0,0,0,0,0,0,0,0,0,0,0,0,0,0,0,0,0,0,0,0,0,0,0,0,0,0,0,0,0,0,0,0,0,0,0,0,0,0,0,0,0,0,0,0,0,0,0,0,0,0
les pénuries de la sécheresse,les pénuries,la sécheresse,de,les pénurie,la sécheresse,False,r_has_causatif,True,,0,0,1,1,0,0,0,1,0,0,0,0,0,0,0,0,0,0,0,11,13,29,5,5,0.8461538461538461,1,5,0,0,1,0,0,0,0,0,0.0,0,0,0,0,0,0,0,0,0,0,0,0,0,0,0,0,0,0,0,0,0,0,0,0,0,0,0,0,0,0,0,0,0,0,0,0,0,0,0,0,0,0,0,0,0,0,0,0,0,0,0,0,0,0,0,0,0,0,0,0,0,0,1,0,0,0
la hausse des prix de la demande,la hausse des prix,la demande,de,la hausse des pri,la demande,False,r_has_causatif,True,,0,0,0,1,0,0,0,0,0,0,0,0,0,0,0,0,0,0,0,17,10,32,6,4,1.7,1,7,0,0,1,0,0,1,0,0,0.0,0,0,0,0,0,0,0,0,0,0,0,0,0,0,0,0,0,0,0,0,0,0,0,0,0,0,0,0,0,0,1,0,7,0,0,0,0,0,0,0,0,0,0,0,0,0,0,0,0,0,0,0,0,0,0,0,0,0,0,0,0,0,74,0,0,0
la baisse des ventes de la crise,la baisse des ventes,la crise,de,la baisse des vente,la crise,False,r_has_causatif,True,,0,0,1,1,0,0,0,0,0,0,0,0,0,0,0,0,0,0,0,19,8,32,7,3,2.375,1,7,0,0,1,0,0,2,0,0,0.0,0,0,0,0,0,0,0,0,0,0,0,0,0,0,0,0,0,0,0,0,0,0,0,0,0,0,0,0,0,0,0,0,0,0,0,0,0,0,0,0,0,0,0,0,0,0,0,0,0,0,0,0,0,0,0,0,0,0,0,0,0,0,11,0,0,0
les coupures d'un orage,coupures,un orage,d',coupure,un orage,False,r_has_causatif,True,,0,1,1,1,0,0,0,1,1,0,0,0,0,0,0,0,0,0,1,7,8,23,4,4,0.875,1,4,0,1,1,1,8,0,0,0,0.0,0,0,0,0,0,0,0,0,0,0,0,0,0,0,0,1,0,0,0,0,0,0,0,0,0,0,0,0,0,1,0,37,0,0,0,0,0,0,0,0,0,0,0,0,0,1,0,5,0,1,0,9,0,0,0,0,0,0,0,0,0,500,0,0,0,0
les retards de livraison des embouteillages,les retards de livraison,embouteillages,des,les retards de livraison,embouteillage,True,r_has_causatif,True,,0,1,0,1,0,0,1,1,0,0,0,0,0,0,0,0,0,0,0,24,13,43,8,7,1.8461538461538463,1,6,0,1,1,1,0,10,0,0,0.0,0,0,0,0,0,0,0,0,0,0,0,0,0,1,0,0,1,0,0,0,0,0,0,0,0,0,0,0,0,0,1,0,6,0,0,0,0,0,0,0,0,0,0,0,0,0,0,0,0,0,0,0,0,0,0,0,0,0,0,0,0,0,500,0,0,0
la sagesse du vieillard,sagesse,vieillard,du,sagesse,vieillard,True,r_has_property-1,True,,0,0,1,0,0,0,1,0,0,0,0,0,0,0,0,0,0,0,0,7,9,23,3,4,0.7777777777777778,1,4,0,1,1,1,10,10,1,1,0.05263157894736842,0,1,0,0,0,0,0,0,0,1,0,0,0,0,0,0,0,0,0,0,0,0,0,0,0,0,0,0,0,1,1,5,10,0,1,0,29,0,0,0,0,0,0,0,0,0,1,0,65,0,1,0,10,1,0,1,0,0,0,0,0,500,500,0,0,0
la patience de la professeure,la patience,la professeure,de,la patience,la professeure,False,r_has_property-1,True,,0,0,1,1,0,0,0,0,0,0,1,0,0,0,0,0,0,0,0,11,14,29,5,6,0.7857142857142857,1,5,0,1,0,0,0,0,0,0,0.0,0,0,0,0,0,0,0,0,0,0,0,0,0,0,0,0,0,0,0,0,0,0,0,0,0,0,0,0,0,0,0,0,0,0,0,0,0,0,0,0,0,0,0,0,0,0,0,0,0,0,0,0,0,0,0,0,0,0,0,0,0,12,0,0,0,0
la douceur de l'infirmière,la douceur,l'infirmière,de,la douceur,l'infirmière,False,r_has_property-1,True,,0,0,0,1,0,0,0,0,0,0,0,0,0,0,0,0,0,0,0,10,12,26,5,5,0.8333333333333334,1,4,0,0,1,0,0,0,0,0,0.0,0,0,0,0,0,0,0,0,0,0,0,0,0,0,0,0,0,0,0,0,0,0,0,0,0,0,0,0,0,0,0,0,0,0,0,0,0,0,0,0,0,0,0,0,0,0,0,0,0,0,0,0,0,0,0,0,0,0,0,0,0,0,4,0,0,0
la rigueur de l'ingénieur,la rigueur,l'ingénieur,de,la rigueur,l'ingénieur,False,r_has_property-1,True,,0,0,0,0,0,0,0,0,0,0,0,0,0,0,0,0,0,0,0,10,11,25,5,5,0.9090909090909091,1,4,0,1,0,0,0,0,0,0,0.0,0,0,0,0,0,0,0,0,0,0,0,0,0,0,0,0,0,0,0,0,0,0,0,0,0,0,0,0,0,0,0,0,0,0,0,0,0,0,0,0,0,0,0,0,0,0,0,0,0,0,0,0,0,0,0,0,0,0,0,0,0,23,0,0,0,0
la prudence du conducteur,prudence,conducteur,de,prudence,conducteur,False,r_has_property-1,True,,0,0,1,0,0,0,0,0,0,0,0,0,0,0,0,0,0,0,0,8,10,25,3,4,0.8,1,4,0,1,1,1,4,10,0,0,0.0,0,1,0,0,0,0,0,0,0,1,0,0,0,0,0,0,0,0,0,1,0,0,0,0,0,0,0,0,0,1,1,1,11,0,1,0,22,0,1,0,48,0,0,0,0,0,1,0,63,1,0,1,0,0,1,0,2,0,0,0,0,500,500,0,0,0
la force de l'athlète,la force,l'athlète,de,la force,l'athlète,False,r_has_property-1,True,,0,0,1,1,0,0,0,0,0,0,0,0,0,0,0,0,0,1,0,8,9,21,3,3,0.8888888888888888,1,4,0,1,1,1,0,0,0,0,0.0,0,0,0,0,0,0,0,0,0,0,0,0,0,0,0,0,0,0,0,0,0,0,0,0,0,0,0,0,0,1,0,16,0,0,0,0,0,0,0,0,0,0,0,0,0,0,0,0,0,0,0,0,0,0,0,0,0,0,0,0,0,193,0,0,0,0
la créativité de l'artiste,la créativité,l'artiste,de,la créativité,l'artiste,False,r_has_property-1,True,,0,0,0,1,0,0,0,0,0,0,0,0,0,0,0,0,0,0,0,13,9,26,6,3,1.4444444444444444,1,4,0,1,1,1,0,0,0,0,0.0,0,0,0,0,0,0,0,0,0,0,0,0,0,0,0,0,0,0,0,0,0,0,0,0,0,0,0,0,0,0,0,0,0,0,0,0,0,0,0,0,0,0,0,0,0,0,0,0,0,0,0,0,0,0,0,0,0,0,0,0,0,134,19,0,0,0
le courage du pompier,courage,pompier,du,courage,pompier,True,r_has_property-1,True,,0,0,1,0,0,0,1,1,0,0,0,0,0,0,0,0,0,0,0,7,7,21,4,3,1.0,1,4,0,1,1,1,9,10,0,0,0.0,0,1,0,0,0,0,0,0,0,1,0,0,0,0,0,0,0,0,0,0,0,0,0,0,0,0,0,0,0,0,1,0,10,0,1,0,25,0,1,0,4,0,1,0,1,1,1,1,33,1,1,5,1,0,1,0,2,0,0,0,0,500,500,0,0,0
la générosité de la bénévole,la générosité,la bénévole,de,la générosité,la bénévole,False,r_has_property-1,True,,0,0,0,1,0,0,0,1,0,0,0,0,0,0,0,0,0,0,0,13,11,28,6,5,1.1818181818181819,1,5,0,1,0,0,0,0,0,0,0.0,0,0,0,0,0,0,0,0,0,0,0,0,0,0,0,0,0,0,0,0,0,0,0,0,0,0,0,0,0,0,0,0,0,0,0,0,0,0,0,0,0,0,0,0,0,0,0,0,0,0,0,0,0,0,0,0,0,0,0,0,0,8,0,0,0,0
la chaise de bois,chaise,bois,de,chaise,boi,False,r_objet>matiere,True,,0,0,1,0,0,0,0,0,0,0,0,0,0,0,0,0,0,0,0,6,3,17,3,2,2.0,1,4,0,1,1,1,10,0,0,0,0.0,0,0,0,0,0,0,0,0,0,0,0,0,0,0,0,0,0,0,0,0,0,0,0,0,0,0,0,0,0,1,0,22,0,1,0,25,0,1,0,37,0,1,0,15,0,0,0,0,0,1,0,19,0,0,0,0,0,0,0,0,0,500,6,0,0,0
la table de bois,table,bois,de,table,boi,False,r_objet>matiere,True,,0,0,1,0,0,0,0,1,0,0,0,0,0,0,0,0,0,0,0,5,3,16,2,2,1.6666666666666667,1,4,0,1,1,1,10,0,0,0,0.0,0,0,0,1,0,0,0,0,0,0,0,0,1,0,0,0,0,0,1,0,0,0,0,0,0,0,0,0,0,1,0,14,0,1,0,8,0,1,0,30,0,1,0,149,0,0,0,0,0,1,0,15,0,1,0,1,0,0,0,0,0,500,6,0,0,0
la table de métal,table,métal,de,table,métal,False,r_objet>matiere,True,,0,0,1,0,0,0,0,1,0,0,0,0,0,0,0,0,0,0,1,5,5,17,2,2,1.0,1,4,0,1,1,1,10,10,0,0,0.0,0,0,0,1,0,0,0,0,0,0,0,0,1,0,0,0,0,0,1,0,0,0,0,0,0,1,0,0,0,1,1,14,18,1,1,8,7,1,1,30,116,1,1,149,1,0,1,0,2,1,1,15,6,1,1,1,2,0,0,0,0,500,500,0,0,0
le banc de pierre,banc,pierre,de,banc,pierre,False,r_objet>matiere,True,,0,0,0,1,0,0,0,1,0,0,0,0,0,0,0,0,0,0,1,4,6,17,1,3,0.6666666666666666,1,4,0,1,1,1,10,10,0,0,0.0,0,0,0,1,0,0,0,0,0,0,0,0,0,0,0,0,0,0,0,0,0,0,0,0,0,1,0,0,0,1,1,63,14,1,1,14,2,1,1,25,53,1,0,5,0,0,1,0,4,0,1,0,11,0,1,0,2,0,0,0,0,500,500,0,0,0
la statue de marbre,statue,marbre,de,statue,marbre,False,r_objet>matiere,True,,0,0,1,1,0,0,0,0,0,0,0,0,0,0,0,0,0,0,0,6,6,19,3,2,1.0,1,4,0,1,1,1,10,10,0,0,0.0,1,0,0,0,0,0,0,0,0,0,0,0,1,0,0,0,0,0,1,0,0,0,0,0,0,0,0,0,0,1,1,36,9,1,0,8,0,1,1,8,5,1,0,4,0,0,0,0,0,1,1,12,8,0,0,0,0,0,0,0,0,500,500,0,0,0
le vase de verre,vase,verre,de,vase,verre,False,r_objet>matiere,True,,0,0,1,1,0,0,0,1,0,0,0,0,0,0,0,0,0,0,1,4,5,16,2,2,0.8,1,4,0,1,1,1,10,10,2,1,0.1111111111111111,0,0,0,0,0,0,0,0,0,0,0,0,1,1,1,0,0,0,0,0,0,0,0,0,0,1,0,0,0,1,1,87,12,1,1,10,13,1,1,2,36,1,1,26,34,0,0,0,0,1,1,9,13,0,1,0,3,0,0,0,0,500,500,0,0,0
l'assiette d'argile,assiette,argile,d',assiette,argile,False,r_objet>matiere,True,,1,1,1,1,0,0,0,1,0,0,0,0,0,0,0,0,0,0,0,8,6,19,4,3,1.3333333333333333,1,2,0,1,1,1,10,10,0,0,0.0,0,0,0,1,0,0,0,0,0,0,0,0,1,0,0,0,0,0,0,0,0,0,0,0,0,1,0,0,0,1,1,13,2,1,0,5,0,1,0,2,0,1,0,129,0,0,0,0,0,1,1,19,3,0,0,0,0,0,0,0,0,500,500,0,0,0
le cadre de bois,cadre,bois,de,cadre,boi,False,r_objet>matiere,True,,0,0,1,0,0,0,0,1,0,0,0,0,0,0,0,0,0,0,0,5,3,16,2,2,1.6666666666666667,1,4,0,1,1,1,9,0,0,0,0.0,1,0,0,1,0,0,0,0,0,0,0,0,1,0,0,0,0,0,0,0,0,0,0,0,0,0,0,0,0,1,0,62,0,1,0,1,0,1,0,29,0,1,0,7,0,1,0,16,0,1,0,11,0,0,0,0,0,0,0,0,0,500,6,0,0,0
la bouteille de verre,bouteille,verre,de,bouteille,verre,False,r_objet>matiere,True,,0,0,1,1,0,0,0,1,0,0,0,0,0,0,0,0,0,0,1,9,5,21,5,2,1.8,1,4,0,1,1,1,10,10,3,1,0.17647058823529413,0,0,0,0,0,0,0,0,0,0,0,0,1,1,1,0,0,0,0,0,0,0,0,0,0,1,0,0,0,1,1,14,12,1,1,28,13,1,1,10,36,1,1,98,34,1,0,2,0,1,1,15,13,1,1,3,3,0,0,0,0,500,500,0,0,0
le tabouret de bois,tabouret,bois,de,tabouret,boi,False,r_objet>matiere,True,,0,0,0,0,0,0,0,1,0,0,0,0,0,0,0,0,0,0,0,8,3,19,4,2,2.6666666666666665,1,4,0,1,1,1,10,0,0,0,0.0,0,0,0,0,0,0,0,0,0,0,0,0,1,0,0,0,0,0,0,0,0,1,0,0,0,0,0,0,0,1,0,18,0,1,0,21,0,1,0,5,0,0,0,0,0,1,0,7,0,1,0,3,0,0,0,0,0,0,0,0,0,500,6,0,0,0
la poutre d'acier,poutre,acier,d',poutre,acier,False,r_objet>matiere,True,,0,1,1,0,0,0,0,0,0,0,0,0,0,0,0,0,0,0,0,6,5,17,3,3,1.2,1,3,0,1,1,1,10,10,0,0,0.0,0,0,0,0,0,0,0,0,0,0,0,0,0,0,0,0,0,0,0,0,0,0,0,0,0,1,0,0,0,1,1,25,3,1,1,13,1,1,1,7,33,1,0,1,0,1,0,1,0,1,1,4,2,0,0,0,0,0,0,0,0,500,500,0,0,0
le vin de france,vin,france,de,vin,france,False,r_lieu>origine,True,,0,0,0,1,0,0,0,1,0,0,0,0,0,0,0,0,0,0,0,3,6,16,1,2,0.5,1,4,0,1,1,1,10,4,0,0,0.0,0,0,0,0,1,0,0,0,0,0,0,0,0,0,0,0,0,0,0,0,0,0,0,0,1,0,0,0,0,1,1,58,2,1,1,6,1,1,0,9,0,1,1,1,2,1,0,7,0,1,0,30,0,0,0,0,0,0,0,0,0,500,500,0,0,0
le vin d'italie,vin,italie,d',vin,italie,False,r_lieu>origine,True,,0,1,0,1,0,0,0,1,0,0,0,0,0,0,0,0,0,0,0,3,6,15,1,4,0.5,1,3,0,1,1,1,10,3,0,0,0.0,0,0,0,0,0,0,0,0,0,0,0,0,0,0,0,0,0,0,0,0,0,0,0,0,1,0,0,0,0,1,1,58,2,1,1,6,1,1,1,9,6,1,0,1,0,1,0,7,0,1,0,30,0,0,0,0,0,0,0,0,0,500,500,0,0,0
le café de brésil,café,brésil,de,café,brésil,False,r_lieu>origine,True,,0,0,0,0,0,0,0,1,0,0,0,0,0,0,0,0,0,0,0,4,6,17,2,2,0.6666666666666666,1,4,0,1,1,1,10,4,0,0,0.0,0,0,0,1,0,0,0,0,0,0,0,0,0,0,0,0,0,0,0,0,0,1,0,0,0,1,0,0,0,1,0,23,0,1,0,12,0,1,0,2,0,1,0,89,0,1,0,3,0,1,0,16,0,1,0,1,0,0,0,0,0,500,500,0,0,0
le thé de chine,thé,chine,de,thé,chine,False,r_lieu>origine,True,,0,0,0,1,0,0,0,1,0,0,0,0,0,0,0,0,0,0,0,3,5,15,1,2,0.6,1,4,0,1,1,1,10,6,0,0,0.0,0,0,0,0,1,0,0,0,0,0,0,0,0,0,0,0,0,0,0,0,0,0,0,0,1,0,0,0,0,1,1,20,3,1,0,4,0,0,0,0,0,1,1,3,2,1,0,5,0,1,0,23,0,0,0,0,0,0,0,0,0,500,500,0,0,0
le fromage de suisse,fromage,suisse,de,fromage,suisse,False,r_lieu>origine,True,,0,0,1,1,0,0,0,1,0,0,0,0,0,0,0,0,0,0,0,7,6,20,3,3,1.1666666666666667,1,4,0,1,1,1,10,10,0,0,0.0,0,0,0,0,0,0,0,0,0,0,0,0,0,0,0,0,0,0,0,1,0,0,0,0,0,0,0,0,0,1,0,84,0,1,0,1,0,1,0,5,0,1,0,2,0,1,1,5,1,1,0,11,0,0,1,0,10,0,0,0,0,500,500,0,0,0
l'huile d'olive de grèce,l'huile d'olive,grèce,de,l'huile d'olive,grèce,False,r_lieu>origine,True,,0,0,1,1,0,0,0,1,0,0,0,0,0,0,0,0,0,0,0,15,5,24,6,2,3.0,1,4,0,1,1,1,10,1,0,0,0.0,0,0,0,0,0,0,0,0,0,0,0,0,0,0,0,0,0,0,0,0,0,1,0,0,1,0,0,0,0,0,1,0,5,0,0,0,0,0,0,0,0,0,1,0,1,0,0,0,0,0,0,0,0,0,0,0,0,0,0,0,0,26,352,0,0,0
la bière d'allemagne,bière,allemagne,d',bière,allemagne,False,r_lieu>origine,True,,0,1,1,1,0,0,0,1,0,0,0,0,0,0,0,0,0,0,0,5,9,20,3,4,0.5555555555555556,1,3,0,1,1,1,10,1,0,0,0.0,0,0,0,1,0,0,0,0,0,0,0,0,0,0,0,0,0,0,0,0,0,0,0,0,0,0,0,0,0,1,1,39,11,1,0,3,0,1,0,10,0,1,0,4,0,1,0,1,0,1,0,22,0,0,0,0,0,0,0,0,0,500,371,0,0,0
le chocolat de belgique,chocolat,belgique,de,chocolat,belgique,False,r_lieu>origine,True,,0,0,0,1,0,0,0,1,0,0,0,0,0,0,0,0,0,0,0,8,8,23,3,4,1.0,1,4,0,1,1,1,10,1,0,0,0.0,0,0,0,0,0,0,0,0,0,0,0,0,0,0,0,0,0,0,0,0,0,0,0,0,1,0,0,0,0,1,0,8,0,1,0,1,0,1,0,8,0,1,0,2,0,1,0,2,0,1,0,12,0,1,0,1,0,0,0,0,0,500,500,0,0,0
le riz de thaïlande,riz,thaïlande,de,riz,thaïlande,False,r_lieu>origine,True,,0,0,0,1,0,0,0,1,0,0,0,0,0,0,0,0,0,0,0,3,9,19,1,4,0.3333333333333333,1,4,0,1,1,1,10,2,0,0,0.0,0,0,0,0,0,0,0,0,0,0,0,0,0,0,0,0,0,0,0,0,0,0,0,0,0,0,0,0,0,1,1,21,65,0,0,0,0,1,1,4,10,0,1,0,1,0,0,0,0,1,0,6,0,0,0,0,0,0,0,0,0,500,251,0,0,0
le miel de france,miel,france,de,miel,france,False,r_lieu>origine,True,,0,0,0,1,0,0,0,1,0,0,0,0,0,0,0,0,0,0,0,4,6,17,2,2,0.6666666666666666,1,4,0,1,1,1,10,4,0,0,0.0,0,0,0,0,1,0,0,0,0,0,0,0,0,0,0,0,0,0,0,0,0,0,0,0,1,0,0,0,0,1,1,1,2,1,1,2,1,1,0,1,0,0,1,0,2,0,0,0,0,1,0,5,0,0,0,0,0,0,0,0,0,500,500,0,0,0
le cours de mathématiques,cours,mathématiques,de,cour,mathématique,False,r_topic,True,,0,0,0,1,0,0,0,1,0,0,0,0,0,0,0,0,0,0,0,4,12,25,2,6,0.3333333333333333,1,4,0,1,1,1,10,8,0,0,0.0,0,0,0,1,0,0,0,0,0,0,0,0,0,0,0,0,0,0,0,0,0,0,0,0,0,1,0,0,0,1,1,26,3,1,1,20,6,1,1,17,1,1,1,45,1,0,0,0,0,1,0,6,0,0,1,0,1,0,0,0,0,500,500,0,0,0
le manuel de physique,manuel,physique,de,manuel,physique,False,r_topic,True,,0,0,0,1,0,0,0,1,0,0,0,0,0,0,0,0,0,0,0,6,8,21,3,4,0.75,1,4,0,1,1,1,1,10,0,0,0.0,0,0,0,0,1,0,0,0,0,0,0,0,0,0,0,0,0,0,0,0,0,0,0,0,0,1,0,0,0,1,1,34,2,1,1,2,2,0,0,0,0,1,1,14,2,1,0,2,0,1,1,2,1,1,1,13,4,0,0,0,0,500,500,0,0,0
l'article de biologie,article,biologie,de,article,biologie,False,r_topic,True,,1,0,1,1,0,0,0,1,0,0,0,0,0,0,0,0,0,0,0,7,8,21,3,5,0.875,0,3,0,1,1,1,10,10,0,0,0.0,0,0,0,1,0,0,0,0,0,0,0,0,0,0,0,0,0,0,0,0,0,0,0,0,0,1,0,0,0,1,1,21,1,1,1,8,1,1,0,27,0,1,0,9,0,1,0,1,0,1,0,27,0,1,0,1,0,0,0,0,0,500,500,0,0,0
le livre d'économie,livre,économie,d',livre,économie,False,r_topic,True,,0,1,1,1,0,0,0,1,0,0,0,0,0,0,0,0,0,0,0,5,8,19,2,5,0.625,1,3,0,1,1,1,10,10,0,0,0.0,0,0,0,0,0,0,0,0,0,0,0,0,1,0,0,0,0,0,0,0,0,0,0,0,0,0,0,0,0,1,1,7,1,1,1,23,1,1,0,3,0,1,0,49,0,1,0,3,0,1,1,26,1,0,0,0,0,0,0,0,0,500,500,0,0,0
le tutoriel d'informatique,tutoriel,informatique,d',tutoriel,informatique,False,r_topic,True,,0,1,0,1,0,0,0,1,0,0,0,0,0,0,0,0,0,1,1,8,12,26,4,6,0.6666666666666666,1,3,0,1,1,1,2,10,0,0,0.0,0,0,0,0,0,0,0,0,0,0,0,0,0,0,0,0,0,0,0,0,0,0,0,0,0,1,0,0,0,1,1,54,1,0,1,0,2,0,1,0,1,0,1,0,1,1,0,1,0,1,0,1,0,0,1,0,2,0,0,0,0,500,500,0,0,0
la vidéo de musique,vidéo,musique,de,vidéo,musique,False,r_topic,True,,0,0,0,1,0,0,0,0,0,0,0,0,0,0,0,0,0,0,0,5,7,19,3,4,0.7142857142857143,1,4,0,1,1,1,4,10,0,0,0.0,0,0,0,0,0,0,0,0,0,0,0,0,0,0,0,0,1,0,0,0,0,0,0,0,0,1,0,0,0,1,1,12,8,0,1,0,5,1,1,1,1,0,1,0,2,0,1,0,5,1,1,2,8,1,0,3,0,0,0,0,0,500,500,0,0,0
le podcast d'histoire,podcast,histoire,d',podcast,histoire,False,r_topic,True,,0,0,0,1,0,0,0,1,0,0,0,0,0,0,0,0,0,0,0,7,8,21,2,4,0.875,1,3,0,1,1,1,1,10,0,0,0.0,0,0,0,0,1,0,0,0,0,0,0,0,0,0,0,0,0,0,0,0,0,0,0,0,0,1,0,0,1,1,1,4,5,0,1,0,10,0,1,0,1,0,1,0,7,0,1,0,1,1,1,1,15,0,0,0,0,0,0,0,0,500,500,0,0,0
le projet de linguistique,projet,linguistique,de,projet,linguistique,False,r_topic,True,,0,0,0,1,0,0,0,1,0,0,0,0,0,0,0,0,0,0,0,6,12,25,2,6,0.5,1,4,0,1,1,1,1,10,0,0,0.0,0,1,0,0,0,0,0,0,0,0,0,0,0,0,0,0,0,0,0,0,0,0,0,0,0,0,0,0,0,1,1,5,6,1,1,4,1,1,0,3,0,0,0,0,0,1,0,4,0,1,0,22,0,0,1,0,2,0,0,0,0,500,500,0,0,0
l'exposé de cuisine,exposé,cuisine,de,exposé,cuisine,False,r_topic,True,,1,0,0,1,0,0,0,0,0,0,0,0,0,0,0,0,0,0,0,6,7,19,3,4,0.8571428571428571,0,3,0,1,1,1,2,10,0,0,0.0,0,0,0,0,1,0,0,0,0,0,0,0,0,0,0,0,1,0,0,0,0,0,0,0,0,0,0,0,0,1,1,3,6,1,1,1,26,1,1,1,4,0,1,0,69,1,0,3,0,1,1,7,9,1,0,4,0,0,0,0,0,500,500,0,0,0
la peinture d'un paysage,peinture,un paysage,d',peinture,un paysage,False,r_depic,True,,0,1,1,1,0,0,0,0,1,0,0,0,1,0,0,0,0,0,0,8,10,24,4,5,0.8,1,4,0,1,1,1,10,0,0,0,0.0,0,0,0,0,0,0,0,0,0,0,0,0,0,0,0,0,0,0,0,0,0,0,0,0,0,0,0,0,0,1,0,32,0,1,0,11,0,1,0,20,0,1,0,13,0,0,0,0,0,1,0,12,0,0,0,0,0,0,0,0,0,500,5,0,0,0
le dessin d'un visage,dessin,un visage,d',dessin,un visage,False,r_depic,True,,0,1,0,1,0,0,0,1,1,0,0,0,0,0,0,0,0,0,0,6,9,21,2,4,0.6666666666666666,1,4,0,1,1,1,10,0,0,0,0.0,0,0,0,1,0,0,0,0,0,0,0,0,0,0,0,0,0,0,0,0,0,0,0,0,0,0,0,0,0,1,0,27,0,1,0,8,0,1,0,23,0,1,0,4,0,0,0,0,0,1,0,18,0,0,0,0,0,0,0,0,0,500,6,0,0,0
la photo d'une ille,photo,une ille,d',photo,une ille,False,r_depic,True,,0,1,0,1,0,0,0,1,1,0,0,0,0,0,0,0,0,0,0,5,8,19,2,4,0.625,1,4,0,1,0,0,10,0,0,0,0.0,0,0,0,1,0,0,0,0,0,0,0,0,0,0,0,0,0,0,0,0,0,0,0,0,0,0,0,0,0,1,0,16,0,1,0,4,0,1,0,25,0,1,0,4,0,1,0,1,0,1,0,27,0,0,0,0,0,0,0,0,0,500,0,0,0,0
la gravure d'un animal,gravure,un animal,d',gravure,un animal,False,r_depic,True,,0,1,1,0,0,0,0,0,1,0,0,0,0,0,0,0,0,0,0,7,9,22,3,4,0.7777777777777778,1,4,0,1,1,1,4,1,0,0,0.0,0,0,0,0,0,0,0,0,0,0,0,0,0,0,0,1,0,0,0,0,0,0,0,0,0,0,0,0,0,1,1,28,1,0,0,0,0,0,0,0,0,0,0,0,0,0,1,0,2,1,1,1,6,0,0,0,0,0,0,0,0,500,103,0,0,0
le portrait d'un enfant,portrait,un enfant,d',portrait,un enfant,False,r_depic,True,,0,1,0,0,0,0,0,1,1,0,1,0,0,0,0,0,0,1,0,8,9,23,3,3,0.8888888888888888,1,4,0,1,1,1,10,0,0,0,0.0,0,0,0,0,0,0,0,0,0,0,0,0,0,0,0,0,0,0,0,0,0,0,0,0,0,0,0,0,0,1,0,31,0,1,0,3,0,1,0,3,0,0,0,0,0,1,0,1,0,1,0,25,0,0,0,0,0,0,0,0,0,500,34,0,0,0
la maquette d'un bateau,maquette,un bateau,d',maquette,un bateau,False,r_depic,True,,0,1,1,0,0,0,0,0,1,0,0,0,0,0,0,0,0,0,0,8,9,23,4,5,0.8888888888888888,1,4,0,1,1,1,10,0,0,0,0.0,0,0,0,0,0,0,0,0,0,0,0,0,0,0,0,0,0,0,0,0,0,0,0,0,0,0,0,0,0,1,0,29,0,0,0,0,0,0,0,0,0,0,0,0,0,0,0,0,0,1,0,3,0,0,0,0,0,0,0,0,0,500,28,0,0,0
le schéma d'un circuit,schéma,un circuit,d',schéma,un circuit,False,r_depic,True,,0,1,0,0,0,0,0,1,1,0,0,0,0,0,0,0,0,0,0,6,10,22,2,4,0.6,1,4,0,1,0,0,4,0,0,0,0.0,0,0,0,0,0,0,0,0,0,0,0,0,0,0,0,0,0,0,0,0,0,0,0,0,0,0,0,0,0,1,0,109,0,1,0,2,0,0,0,0,0,0,0,0,0,0,0,0,0,1,0,5,0,0,0,0,0,0,0,0,0,500,0,0,0,0
la carte d'une égion,carte,une égion,d',carte,une égion,False,r_depic,True,,0,1,1,0,0,0,0,0,1,0,0,0,0,0,0,0,0,0,0,5,9,20,2,5,0.5555555555555556,1,4,0,1,0,0,10,0,0,0,0.0,0,0,0,0,0,0,0,0,0,0,0,0,1,0,0,0,0,0,0,0,0,0,0,0,0,0,0,0,0,1,0,18,0,1,0,32,0,1,0,22,0,1,0,48,0,1,0,2,0,1,0,6,0,0,0,0,0,0,0,0,0,500,0,0,0,0
la porte de la maison,la porte,la maison,de,la porte,la maison,False,r_holo,True,,0,0,1,0,0,0,0,0,0,0,0,0,1,0,0,0,0,1,0,8,9,21,3,4,0.8888888888888888,1,5,0,0,0,0,0,0,0,0,0.0,0,0,0,0,0,0,0,0,0,0,0,0,0,0,0,0,0,0,0,0,0,0,0,0,0,0,0,0,0,0,0,0,0,0,0,0,0,0,0,0,0,0,0,0,0,0,0,0,0,0,0,0,0,0,0,0,0,0,0,0,0,0,0,0,0,0
la fenêtre de la maison,la fenêtre,la maison,de,la fenêtre,la maison,False,r_holo,True,,0,0,1,0,0,0,0,0,0,0,0,0,1,0,0,0,0,0,0,10,9,23,4,4,1.1111111111111112,1,5,0,1,0,0,0,0,0,0,0.0,0,0,0,0,0,0,0,0,0,0,0,0,0,0,0,0,0,0,0,0,0,0,0,0,0,0,0,0,0,0,0,0,0,0,0,0,0,0,0,0,0,0,0,0,0,0,0,0,0,0,0,0,0,0,0,0,0,0,0,0,0,1,0,0,0,0
la roue de la voiture,la roue,la voiture,de,la roue,la voiture,False,r_holo,True,,0,0,1,1,0,0,0,0,0,0,0,0,0,0,0,0,0,0,0,7,10,21,4,5,0.7,1,5,0,0,1,0,0,0,0,0,0.0,0,0,0,0,0,0,0,0,0,0,0,0,0,0,0,0,0,0,0,0,0,0,0,0,0,0,0,0,0,0,0,0,0,0,0,0,0,0,0,0,0,0,0,0,0,0,0,0,0,0,0,0,0,0,0,0,0,0,0,0,0,0,8,0,0,0
le châssis de la fenêtre,le châssis,la fenêtre,de,le châssi,la fenêtre,False,r_holo,True,,0,0,0,1,0,0,0,1,0,0,0,0,0,0,0,0,0,0,0,9,10,24,2,4,0.9,1,5,0,0,1,0,0,0,0,0,0.0,0,0,0,0,0,0,0,0,0,0,0,0,0,0,0,0,0,0,0,0,0,0,0,0,0,0,0,0,0,0,0,0,0,0,0,0,0,0,0,0,0,0,0,0,0,0,0,0,0,0,0,0,0,0,0,0,0,0,0,0,0,0,1,0,0,0
le couvercle de la boîte,le couvercle,la boîte,de,le couvercle,la boîte,False,r_holo,True,,0,0,1,1,0,0,0,1,0,0,0,0,0,0,0,0,0,0,0,12,8,24,5,4,1.5,1,5,0,0,0,0,0,0,0,0,0.0,0,0,0,0,0,0,0,0,0,0,0,0,0,0,0,0,0,0,0,0,0,0,0,0,0,0,0,0,0,0,0,0,0,0,0,0,0,0,0,0,0,0,0,0,0,0,0,0,0,0,0,0,0,0,0,0,0,0,0,0,0,0,0,0,0,0
la coque du téléphone,coque,téléphone,du,coque,téléphone,True,r_holo,True,,0,0,1,1,0,0,1,0,0,0,0,0,0,0,0,0,0,0,0,5,9,21,3,4,0.5555555555555556,1,4,0,1,1,1,10,10,0,0,0.0,0,0,0,0,1,0,0,0,0,0,0,0,0,1,0,0,0,0,1,0,0,0,0,0,0,0,0,0,0,1,1,2,13,1,1,7,19,1,1,275,3,1,1,1,8,0,1,0,6,0,1,0,17,0,0,0,0,0,0,0,0,500,500,0,0,0
la selle du vélo,selle,vélo,du,selle,vélo,True,r_holo,True,,0,0,1,0,0,0,1,1,0,0,0,0,0,0,0,0,0,0,0,5,4,16,2,2,1.25,1,4,0,1,1,1,6,10,1,1,0.06666666666666667,0,0,0,0,0,0,0,0,0,0,0,0,1,0,0,0,0,0,0,0,0,0,0,0,0,0,0,0,0,1,1,40,16,1,1,7,57,1,1,34,4,0,1,0,29,0,1,0,13,1,1,2,28,0,0,0,0,0,0,0,0,500,500,0,0,0
l'aile de l'avion,l'aile,l'avion,de,l'aile,l'avion,False,r_holo,True,,0,0,1,0,0,0,0,1,0,0,0,0,0,0,0,0,0,0,0,6,7,17,3,3,0.8571428571428571,0,3,0,1,1,1,0,0,0,0,0.0,0,0,0,0,0,0,0,0,0,0,0,0,0,0,0,0,0,0,0,0,0,0,0,0,0,0,0,0,0,0,0,0,0,0,0,0,0,0,0,0,0,0,0,0,0,0,0,0,0,0,0,0,0,0,0,0,0,0,0,0,0,19,23,0,0,0
la tour de paris,tour,paris,de,tour,pari,False,r_lieu,True,,0,0,0,0,0,0,0,0,0,0,0,0,0,0,0,0,0,0,0,4,4,16,2,2,1.0,1,4,0,1,1,1,10,5,0,0,0.0,0,0,0,1,0,0,0,0,0,0,0,0,0,0,0,0,1,0,0,0,0,0,0,0,0,0,0,0,0,1,1,13,54,1,1,9,1,1,0,20,0,1,0,4,0,1,1,4,1,1,1,3,6,0,0,0,0,0,0,0,0,500,500,0,0,0
le pont d'avignon,pont,avignon,d',pont,avignon,False,r_lieu,True,,0,1,0,0,0,0,0,1,0,0,0,0,0,0,0,0,0,0,0,4,7,17,1,3,0.5714285714285714,1,3,0,1,1,1,10,0,0,0,0.0,0,0,0,0,0,0,0,0,0,0,0,0,0,0,0,0,0,0,0,0,0,0,0,0,0,0,0,0,0,1,0,11,0,1,0,2,0,1,0,150,0,0,0,0,0,1,0,3,0,1,0,3,0,0,0,0,0,0,0,0,0,500,68,0,0,0
le musée de paris,musée,paris,de,musée,pari,False,r_lieu,True,,0,0,1,0,0,0,0,1,0,0,0,0,0,0,0,0,0,0,0,5,4,17,3,2,1.25,1,4,0,1,1,1,10,5,0,0,0.0,0,0,0,1,0,0,0,0,0,0,0,0,0,0,0,0,1,0,0,0,0,0,0,0,0,0,0,0,0,1,1,38,54,1,1,11,1,1,0,5,0,1,0,118,0,0,1,0,1,1,1,2,6,0,0,0,0,0,0,0,0,500,500,0,0,0
l'université de lyon,université,lyon,de,université,lyon,False,r_lieu,True,,1,0,0,0,0,0,0,0,1,0,0,0,0,0,0,0,0,0,0,10,4,20,5,2,2.5,0,3,0,1,1,1,10,0,0,0,0.0,0,0,0,1,0,0,0,0,0,0,0,0,0,0,0,0,0,0,0,0,0,0,0,0,0,0,0,0,0,1,1,4,51,1,0,10,0,0,0,0,0,1,0,107,0,1,0,1,0,0,0,0,0,0,0,0,0,0,0,0,0,500,243,0,0,0
l'hôpital de nantes,hôpital,nantes,de,hôpital,nante,False,r_lieu,True,,0,0,0,1,0,0,0,0,0,0,0,0,0,0,0,0,0,0,0,7,5,19,3,2,1.4,0,3,0,1,0,0,10,0,0,0,0.0,0,0,0,1,0,0,0,0,0,0,0,0,0,0,0,0,0,0,0,0,0,0,0,0,0,0,0,0,0,1,0,1,0,1,0,18,0,0,0,0,0,1,0,147,0,1,0,1,0,0,0,0,0,0,0,0,0,0,0,0,0,500,0,0,0,0
le marché de marrakech,marché,marrakech,de,marché,marrakech,False,r_lieu,True,,0,0,0,0,0,0,0,1,0,0,0,0,0,0,0,0,0,0,0,6,9,22,2,3,0.6666666666666666,1,4,0,1,1,1,10,0,0,0,0.0,0,0,0,1,0,0,0,0,0,0,0,0,0,0,0,0,0,0,0,0,0,0,0,0,0,0,0,0,0,1,0,3,0,1,0,31,0,1,0,3,0,1,0,111,0,0,0,0,0,1,0,4,0,0,0,0,0,0,0,0,0,500,6,0,0,0
la cathédrale de reims,cathédrale,reims,de,cathédrale,reim,False,r_lieu,True,,0,0,1,0,0,0,0,1,0,0,0,0,0,0,0,0,0,0,0,10,4,22,4,2,2.5,1,4,0,1,0,0,10,0,0,0,0.0,0,0,0,1,0,0,0,0,0,0,0,0,0,0,0,0,0,0,0,0,0,0,0,0,0,0,0,0,0,1,0,35,0,1,0,38,0,1,0,5,0,1,0,44,0,0,0,0,0,1,0,1,0,0,0,0,0,0,0,0,0,500,0,0,0,0
le travail de l'ouvrier,le travail,l'ouvrier,de,le travail,l'ouvrier,False,r_processus_agent,True,,0,0,0,0,0,0,0,1,0,0,0,0,0,0,0,0,0,0,0,10,9,23,4,4,1.1111111111111112,1,4,0,1,1,1,0,0,0,0,0.0,0,0,0,0,0,0,0,0,0,0,0,0,0,0,0,0,0,0,0,0,0,0,0,0,0,0,0,0,0,0,0,0,0,0,0,0,0,0,0,0,0,0,0,0,0,0,0,0,0,0,0,0,0,0,0,0,0,0,0,0,0,229,85,0,0,0
la réparation du mécanicien,réparation,mécanicien,du,réparation,mécanicien,True,r_processus_agent,True,,0,0,0,0,0,0,1,0,0,0,0,0,0,0,0,0,0,0,0,10,10,27,5,5,1.0,1,4,0,1,1,1,9,10,0,0,0.0,0,1,0,0,0,0,0,0,0,0,0,0,0,0,0,1,0,0,0,0,0,0,0,0,0,0,0,0,0,1,1,13,44,0,1,0,40,0,0,0,0,0,1,0,1,0,1,0,47,1,0,2,0,0,0,0,0,0,0,0,0,500,500,0,0,0
le nettoyage de l'agent,le nettoyage,l'agent,de,le nettoyage,l'agent,False,r_processus_agent,True,,0,0,1,0,0,0,0,1,0,0,0,0,0,0,0,0,0,0,0,12,7,23,6,2,1.7142857142857142,1,4,0,0,1,0,0,0,0,0,0.0,0,0,0,0,0,0,0,0,0,0,0,0,0,0,0,0,0,0,0,0,0,0,0,0,0,0,0,0,0,0,0,0,0,0,0,0,0,0,0,0,0,0,0,0,0,0,0,0,0,0,0,0,0,0,1,0,6,0,0,0,0,0,15,0,0,0
la peinture du peintre,peinture,peintre,du,peinture,peintre,True,r_processus_agent,True,,0,0,1,1,0,0,1,0,0,0,0,0,0,0,0,0,0,0,0,8,7,22,4,3,1.1428571428571428,1,4,0,1,1,1,10,10,0,0,0.0,0,1,0,0,0,0,0,0,0,0,0,0,0,0,0,0,0,0,0,1,0,0,0,0,0,0,0,0,0,1,1,32,73,1,1,11,1,1,0,20,0,1,0,13,0,0,1,0,38,1,0,12,0,0,0,0,0,0,0,0,0,500,500,0,0,0
la taille du tailleur de pierre,la taille du tailleur,pierre,de,la taille du tailleur,pierre,False,r_processus_agent,True,,0,0,0,1,0,0,0,1,0,0,0,0,0,0,0,0,0,0,1,21,6,31,9,3,3.5,1,6,0,0,1,0,0,10,0,0,0.0,0,0,0,0,0,0,0,0,0,0,0,0,0,0,0,0,0,0,0,0,0,0,0,0,0,1,0,0,0,0,1,0,14,0,1,0,2,0,1,0,53,0,0,0,0,0,1,0,4,0,1,0,11,0,1,0,2,0,0,0,0,0,500,0,0,0
la sculpture de l'artiste,la sculpture,l'artiste,de,la sculpture,l'artiste,False,r_processus_agent,True,,0,0,1,1,0,0,0,0,0,0,0,0,0,0,0,0,0,0,0,12,9,25,4,3,1.3333333333333333,1,4,0,1,1,1,0,0,0,0,0.0,0,0,0,0,0,0,0,0,0,0,0,0,0,0,0,0,0,0,0,0,0,0,0,0,0,0,0,0,0,0,0,0,0,0,0,0,0,0,0,0,0,0,0,0,0,0,0,0,0,0,0,0,0,0,0,0,0,0,0,0,0,9,19,0,0,0
l'assemblage de l'ouvrière,l'assemblage,l'ouvrière,de,l'assemblage,l'ouvrière,False,r_processus_agent,True,,0,0,1,1,0,0,0,0,0,0,0,0,0,0,0,0,0,0,0,12,10,26,4,5,1.2,0,3,0,1,0,0,0,0,0,0,0.0,0,0,0,0,0,0,0,0,0,0,0,0,0,0,0,0,0,0,0,0,0,0,0,0,0,0,0,0,0,0,0,0,0,0,0,0,0,0,0,0,0,0,0,0,0,0,0,0,0,0,0,0,0,0,0,0,0,0,0,0,0,3,0,0,0,0
l'écriture de l'auteur,l'écriture,l'auteur,de,l'écriture,l'auteur,False,r_processus_agent,True,,0,0,1,0,0,0,0,0,0,0,0,0,0,0,0,0,0,0,0,10,8,22,4,4,1.25,0,3,0,1,1,1,0,0,0,0,0.0,0,0,0,0,0,0,0,0,0,0,0,0,0,0,0,0,0,0,0,0,0,0,0,0,0,0,0,0,0,0,0,0,0,0,0,0,0,0,0,0,0,0,0,0,0,0,0,0,0,0,0,0,0,0,0,0,0,0,0,0,0,18,58,0,0,0
la traduction de la traductrice,la traduction,la traductrice,de,la traduction,la traductrice,False,r_processus_agent,True,,0,0,0,1,0,0,0,0,0,0,0,0,0,0,0,0,0,0,0,13,14,31,5,5,0.9285714285714286,1,5,0,1,0,0,0,0,0,0,0.0,0,0,0,0,0,0,0,0,0,0,0,0,0,0,0,0,0,0,0,0,0,0,0,0,0,0,0,0,0,0,0,0,0,0,0,0,0,0,0,0,0,0,0,0,0,0,0,0,0,0,0,0,0,0,0,0,0,0,0,0,0,15,0,0,0,0
la réparation de la voiture,la réparation,la voiture,de,la réparation,la voiture,False,r_processus_patient,True,,0,0,0,1,0,0,0,0,0,0,0,0,0,0,0,0,0,0,0,13,10,27,6,5,1.3,1,5,0,1,1,1,0,0,0,0,0.0,0,0,0,0,0,0,0,0,0,0,0,0,0,0,0,0,0,0,0,0,0,0,0,0,0,0,0,0,0,0,0,0,0,0,0,0,0,0,0,0,0,0,0,0,0,0,0,0,0,0,0,0,0,0,0,0,0,0,0,0,0,2,8,0,0,0
le nettoyage de la maison,le nettoyage,la maison,de,le nettoyage,la maison,False,r_processus_patient,True,,0,0,1,0,0,0,0,1,0,0,0,0,1,0,0,0,0,0,0,12,9,25,6,4,1.3333333333333333,1,5,0,0,0,0,0,0,0,0,0.0,0,0,0,0,0,0,0,0,0,0,0,0,0,0,0,0,0,0,0,0,0,0,0,0,0,0,0,0,0,0,0,0,0,0,0,0,0,0,0,0,0,0,0,0,0,0,0,0,0,0,0,0,0,0,0,0,0,0,0,0,0,0,0,0,0,0
la peinture de la porte,la peinture,la porte,de,la peinture,la porte,False,r_processus_patient,True,,0,0,1,1,0,0,0,0,0,0,0,0,0,0,0,0,0,0,1,11,8,23,5,3,1.375,1,5,0,1,0,0,0,0,0,0,0.0,0,0,0,0,0,0,0,0,0,0,0,0,0,0,0,0,0,0,0,0,0,0,0,0,0,0,0,0,0,0,0,0,0,0,0,0,0,0,0,0,0,0,0,0,0,0,0,0,0,0,0,0,0,0,0,0,0,0,0,0,0,7,0,0,0,0
la taille de la pierre,la taille,la pierre,de,la taille,la pierre,False,r_processus_patient,True,,0,0,1,1,0,0,0,1,0,0,0,0,0,0,0,0,0,0,1,9,9,22,4,4,1.0,1,5,0,1,1,1,0,2,0,0,0.0,0,0,0,0,0,0,0,0,0,0,0,0,0,0,0,0,0,0,0,0,0,0,0,0,0,0,0,0,0,1,0,6,0,0,0,0,0,0,0,0,0,0,0,0,0,1,0,1,0,0,0,0,0,0,0,0,0,0,0,0,0,35,20,0,0,0
la sculpture du bois,sculpture,bois,du,sculpture,boi,True,r_processus_patient,True,,0,0,1,0,0,0,1,0,0,0,0,0,0,0,0,0,0,0,0,9,3,20,3,2,3.0,1,4,0,1,1,1,10,0,0,0,0.0,0,0,0,0,0,0,0,0,0,0,0,0,1,0,0,1,0,0,0,0,0,0,0,0,0,0,0,0,0,1,0,4,0,0,0,0,0,1,0,1,0,0,0,0,0,0,0,0,0,1,0,7,0,0,0,0,0,0,0,0,0,500,6,0,0,0
l'écriture du texte,écriture,texte,du,écriture,texte,True,r_processus_patient,True,,1,0,1,1,0,0,1,0,0,0,0,0,0,0,0,0,0,0,0,8,5,19,4,2,1.6,1,3,0,1,1,1,10,10,0,0,0.0,0,1,0,1,0,0,0,0,0,0,0,0,1,0,0,1,0,0,0,0,0,0,0,0,0,0,0,0,0,1,1,5,18,0,1,0,24,1,1,1,12,0,1,0,21,0,1,0,1,1,1,4,50,0,0,0,0,0,0,0,0,500,500,0,0,0
la traduction du document,traduction,document,du,traduction,document,True,r_processus_patient,True,,0,0,0,0,0,0,1,0,0,0,0,0,0,0,0,0,0,0,0,10,8,25,4,3,1.25,1,4,0,1,1,1,8,10,0,0,0.0,0,0,0,0,0,0,0,0,0,0,0,0,0,0,0,1,0,0,0,0,0,0,0,0,0,0,0,0,0,1,1,9,54,1,1,2,2,1,1,1,1,0,1,0,3,0,0,0,0,1,1,1,15,1,1,1,2,0,0,0,0,500,500,0,0,0
le polissage du métal,polissage,métal,du,polissage,métal,True,r_processus_patient,True,,0,0,1,0,0,0,1,1,0,0,0,0,0,0,0,0,0,0,1,9,5,21,4,2,1.8,1,4,0,1,1,1,2,10,0,0,0.0,0,0,0,0,0,0,0,0,0,0,0,0,0,0,0,1,0,0,0,0,0,0,0,0,0,1,0,0,0,1,1,9,18,0,1,0,7,0,1,0,116,0,1,0,1,0,1,0,2,0,1,0,6,0,1,0,2,0,0,0,0,500,500,0,0,0
la clé d'ouverture,clé,ouverture,d',clé,ouverture,False,r_processus>instr-1,True,,0,1,0,1,0,0,0,0,0,0,0,0,0,0,0,0,0,0,0,3,9,18,1,5,0.3333333333333333,1,3,0,1,1,1,10,10,0,0,0.0,0,0,0,0,0,0,0,0,0,0,0,0,1,0,0,0,1,0,0,0,0,0,0,0,0,0,0,0,0,1,1,20,13,1,1,12,4,1,1,36,10,0,0,0,0,1,1,1,1,1,0,18,0,0,0,0,0,0,0,0,0,500,500,0,0,0
le marteau de perçage,marteau,perçage,de,marteau,perçage,False,r_processus>instr-1,True,,0,0,0,1,0,0,0,1,0,0,0,0,0,0,0,0,0,0,0,7,7,21,4,3,1.0,1,4,0,1,1,1,10,10,3,1,0.17647058823529413,0,0,0,0,0,0,0,0,0,0,0,0,0,0,0,0,1,0,1,1,1,0,0,0,0,0,0,0,0,1,1,11,181,1,0,4,0,1,0,4,0,1,1,1,5,1,0,4,0,1,0,1,0,0,0,0,0,0,0,0,0,500,500,0,0,0
le couteau de coupe,couteau,coupe,de,couteau,coupe,False,r_processus>instr-1,True,,0,0,0,1,0,0,0,1,0,0,0,0,0,0,0,0,0,0,0,7,5,19,5,3,1.4,1,4,0,1,1,1,10,10,1,1,0.05263157894736842,0,0,0,0,0,0,0,0,0,0,0,0,0,0,0,0,1,0,0,0,0,0,0,0,0,0,0,0,0,1,1,16,14,1,1,6,6,1,1,12,1,1,1,1,5,1,0,12,0,1,1,5,13,0,0,0,0,0,0,0,0,500,500,0,0,0
la scie de coupe,scie,coupe,de,scie,coupe,False,r_processus>instr-1,True,,0,0,1,1,0,0,0,0,0,0,0,0,0,0,0,0,0,0,0,4,5,16,2,3,0.8,1,4,0,1,1,1,10,10,0,0,0.0,1,0,0,0,0,0,0,0,0,0,0,0,0,0,0,0,1,0,1,0,0,0,0,0,0,0,0,0,0,1,1,60,14,1,1,50,6,1,1,11,1,0,1,0,5,1,0,13,0,1,1,3,13,0,0,0,0,0,0,0,0,500,500,0,0,0
l'ordinateur d'écriture,ordinateur,écriture,d',ordinateur,écriture,False,r_processus>instr-1,True,,1,1,0,1,0,0,0,0,0,0,0,0,0,0,0,0,0,1,0,10,8,23,5,4,1.25,1,2,0,1,1,1,10,10,1,1,0.05263157894736842,1,0,0,0,1,0,0,0,0,0,0,0,1,1,1,0,1,0,0,0,0,0,0,0,0,0,0,0,0,1,1,18,5,1,0,32,0,1,1,2,1,1,0,36,0,0,0,0,0,1,1,16,4,0,0,0,0,0,0,0,0,500,500,0,0,0
l'imprimante d'impression,imprimante,impression,d',imprimante,impression,False,r_processus>instr-1,True,,1,1,1,0,0,0,0,0,0,0,0,0,0,0,0,0,0,0,0,10,10,25,4,4,1.0,1,2,0,1,1,1,10,4,0,0,0.0,0,1,0,0,0,0,0,0,0,0,0,0,1,0,0,0,1,0,0,0,0,0,0,0,0,0,0,0,0,1,1,12,26,1,0,5,0,1,0,1,0,1,0,2,0,1,0,1,0,1,1,4,4,0,0,0,0,0,0,0,0,500,500,0,0,0
le laser de gravure,laser,gravure,de,laser,gravure,False,r_processus>instr-1,True,,0,0,0,1,0,0,0,1,0,0,0,0,0,0,0,0,0,0,0,5,7,19,2,3,0.7142857142857143,1,4,0,1,1,1,10,4,0,0,0.0,0,0,0,0,0,0,0,0,0,0,0,0,0,0,0,0,1,0,0,0,0,1,0,0,0,0,0,0,0,1,1,23,28,0,0,0,0,1,0,1,0,0,0,0,0,0,0,0,0,0,1,0,1,1,0,1,0,0,0,0,0,500,500,0,0,0
le pinceau de peinture,pinceau,peinture,de,pinceau,peinture,False,r_processus>instr-1,True,,0,0,0,1,0,0,0,1,0,0,0,0,0,0,0,0,0,0,0,7,8,22,4,4,0.875,1,4,0,1,1,1,10,10,1,1,0.05263157894736842,0,0,0,0,0,0,0,0,0,0,0,0,1,0,0,0,0,0,0,0,0,0,0,0,0,0,0,0,0,1,1,29,32,0,1,0,11,1,1,6,20,1,1,3,13,0,0,0,0,0,1,0,12,0,0,0,0,0,0,0,0,500,500,0,0,0
le livre du professeur,livre,professeur,du,livre,professeur,True,r_own-1,True,,0,0,1,0,0,0,1,1,0,0,1,0,0,0,0,0,0,0,0,5,10,22,2,4,0.5,1,4,0,1,1,1,10,10,0,0,0.0,0,1,0,0,0,0,0,0,0,0,0,0,1,0,0,0,0,0,0,0,0,0,0,0,0,0,0,0,0,1,1,7,13,1,0,23,0,1,1,3,10,1,0,49,0,1,1,3,111,1,1,26,11,0,0,0,0,0,0,0,0,500,500,0,0,0
la voiture du médecin,voiture,médecin,de,voiture,médecin,False,r_own-1,True,,0,0,1,0,0,0,0,0,0,0,0,0,0,0,0,0,0,0,0,7,7,21,4,3,1.0,1,4,0,1,1,1,10,10,0,0,0.0,0,1,0,0,0,0,0,0,0,0,0,0,1,0,0,0,0,0,0,0,0,0,0,0,0,0,0,0,0,1,1,8,72,1,1,36,1,1,1,12,5,1,1,43,11,1,1,25,62,1,0,60,0,1,0,1,0,0,0,0,0,500,500,0,0,0
la bague de la mariée,la bague,la mariée,de,la bague,la mariée,False,r_own-1,True,,0,0,1,1,0,0,0,0,0,0,0,0,0,0,0,0,0,0,0,8,9,21,4,5,0.8888888888888888,1,5,0,0,1,0,0,0,0,0,0.0,0,0,0,0,0,0,0,0,0,0,0,0,0,0,0,0,0,0,0,0,0,0,0,0,0,0,0,0,0,0,0,0,0,0,0,0,0,0,0,0,0,0,0,0,0,0,0,0,0,0,0,0,0,0,0,0,0,0,0,0,0,0,0,0,0,0
la montre du sportif,montre,sportif,du,montre,sportif,True,r_own-1,True,,0,0,1,0,0,0,1,0,0,0,0,0,0,0,0,0,0,0,1,6,7,20,2,2,0.8571428571428571,1,4,0,1,1,1,10,10,0,0,0.0,0,1,0,0,0,0,1,0,0,0,0,0,1,0,0,0,0,0,0,1,0,0,0,0,0,0,0,0,0,1,1,30,90,1,1,22,4,1,1,2,11,1,0,16,0,1,1,8,63,1,1,17,4,0,1,0,19,0,0,0,0,500,500,0,0,0
le stylo de l'étudiant,le stylo,l'étudiant,de,le stylo,l'étudiant,False,r_own-1,True,,0,0,0,0,0,0,0,1,0,0,0,0,0,0,0,0,0,0,0,8,10,22,3,4,0.8,1,4,0,0,1,0,0,0,0,0,0.0,0,0,0,0,0,0,0,0,0,0,0,0,0,0,0,0,0,0,0,0,0,0,0,0,0,0,0,0,0,0,0,0,0,0,0,0,0,0,0,0,0,0,0,0,0,0,0,0,0,0,0,0,0,0,0,0,0,0,0,0,0,0,2,0,0,0
les clés du concierge,clés,concierge,du,clé,concierge,True,r_own-1,True,,0,0,0,1,0,0,1,1,0,0,0,0,0,0,0,0,0,0,0,3,9,21,1,4,0.3333333333333333,1,4,0,1,1,1,10,10,0,0,0.0,0,1,0,0,0,0,0,0,0,0,0,0,1,0,0,0,0,0,0,1,0,0,0,0,0,0,0,0,0,1,1,20,6,1,1,12,56,1,0,36,0,0,0,0,0,1,1,1,86,1,1,18,72,0,0,0,0,0,0,0,0,500,500,0,0,0
le passeport du voyageur,passeport,voyageur,du,passeport,voyageur,True,r_own-1,True,,0,0,0,0,0,0,1,1,0,0,0,0,0,0,0,0,0,1,0,9,8,24,3,5,1.125,1,4,0,1,1,1,10,10,0,0,0.0,0,0,0,1,0,0,0,0,0,0,0,0,0,0,0,0,0,0,0,1,0,0,0,0,0,0,0,0,0,1,1,11,9,0,1,0,66,0,1,0,4,1,1,6,4,0,1,0,48,1,1,5,5,0,1,0,3,0,0,0,0,500,500,0,0,0
une goutte d'eau,goutte,eau,d',goutte,eau,False,r_quantificateur,True,,0,1,1,0,0,0,0,0,1,0,0,0,0,0,0,0,0,0,0,6,3,16,3,3,2.0,1,3,0,1,1,1,10,10,0,0,0.0,0,0,0,0,0,0,0,0,0,0,0,0,0,0,0,0,0,0,0,0,0,0,0,0,0,1,0,0,0,1,1,2,10,0,1,0,12,1,1,6,58,0,1,0,18,0,1,0,8,0,1,0,39,0,0,0,0,0,0,0,0,500,500,0,0,0
un brin d'herbe,brin,herbe,d',brin,herbe,False,r_quantificateur,True,,0,0,0,1,0,0,0,0,1,0,0,0,0,0,0,0,0,0,0,4,5,15,1,2,0.8,1,3,0,1,1,1,4,10,0,0,0.0,0,0,0,0,1,0,0,0,0,0,0,0,0,0,0,0,0,0,0,0,0,0,1,0,0,0,0,0,0,1,1,92,5,0,1,0,9,1,1,4,17,0,1,0,27,0,1,0,1,0,1,0,23,0,0,0,0,0,0,0,0,500,500,0,0,0
une tasse de thé,tasse,thé,de,tasse,thé,False,r_quantificateur,True,,0,0,1,0,0,0,0,0,1,0,0,0,0,0,0,0,0,0,0,5,3,16,2,1,1.6666666666666667,1,4,0,1,1,1,10,10,0,0,0.0,0,0,0,1,0,0,0,0,0,0,0,0,1,0,0,0,0,0,0,0,0,0,0,0,0,1,0,0,0,1,1,36,20,1,1,4,4,1,0,12,0,1,1,45,3,0,1,0,5,1,1,12,23,0,0,0,0,0,0,0,0,500,500,0,0,0
un kilo de riz,kilo,riz,de,kilo,riz,False,r_quantificateur,True,,0,0,0,0,0,0,0,0,1,0,0,0,0,0,0,0,0,0,0,4,3,14,2,1,1.3333333333333333,1,4,0,1,1,1,5,10,0,0,0.0,0,0,0,0,0,0,0,0,0,0,0,0,0,0,0,0,0,0,0,0,0,0,0,0,0,0,0,0,0,1,1,7,21,0,0,0,0,0,1,0,4,0,0,0,0,0,0,0,0,0,1,0,6,0,0,0,0,0,0,0,0,500,500,0,0,0
un litre de lait,litre,lait,de,litre,lait,False,r_quantificateur,True,,0,0,1,0,0,0,0,0,1,0,0,0,0,0,0,0,0,0,0,5,4,16,2,2,1.25,1,4,0,1,1,1,10,10,0,0,0.0,0,0,0,0,0,0,0,0,0,0,0,0,0,0,0,0,0,0,0,0,0,0,0,0,0,1,0,0,0,1,1,17,4,0,1,0,2,0,1,0,26,0,1,0,2,1,0,1,0,0,1,0,13,0,0,0,0,0,0,0,0,500,500,0,0,0
une tranche de pain,tranche,pain,de,tranche,pain,False,r_quantificateur,True,,0,0,1,0,0,0,0,0,1,0,0,0,0,0,0,0,0,0,0,7,4,19,2,2,1.75,1,4,0,1,1,1,2,10,0,0,0.0,0,0,0,0,0,0,0,0,0,0,0,0,0,1,0,0,0,0,0,0,0,0,0,0,0,0,0,0,0,1,1,87,18,0,1,0,4,1,1,10,3,0,1,0,9,0,1,0,4,1,1,3,28,1,1,1,1,0,0,0,0,500,500,0,0,0
un morceau de fromage,morceau,fromage,de,morceau,fromage,False,r_quantificateur,True,,0,0,0,1,0,0,0,0,1,0,0,0,0,0,0,0,0,1,0,7,7,21,4,3,1.0,1,4,0,1,1,1,7,10,0,0,0.0,0,0,0,0,0,0,0,0,0,0,0,0,1,0,0,0,0,0,0,0,0,0,0,0,0,0,0,0,0,1,1,59,84,1,1,1,1,1,1,3,5,0,1,0,2,0,1,0,5,1,1,15,11,1,0,1,0,0,0,0,0,500,500,0,0,0
une poignée de sel,poignée,sel,de,poignée,sel,False,r_quantificateur,True,,0,0,1,0,0,0,0,0,1,0,0,0,0,0,0,0,0,0,0,7,3,18,4,1,2.3333333333333335,1,4,0,1,1,1,6,10,0,0,0.0,0,0,0,1,0,0,0,0,0,0,0,0,0,0,0,0,0,0,0,0,0,0,0,0,0,1,0,0,0,1,1,9,2,1,1,2,1,1,1,75,15,1,0,1,0,0,1,0,3,1,1,2,2,0,0,0,0,0,0,0,0,500,500,0,0,0
un sac de farine,sac,farine,de,sac,farine,False,r_quantificateur,True,,0,0,0,1,0,0,0,0,1,0,0,0,0,0,0,0,0,0,0,3,6,16,1,3,0.5,1,4,0,1,1,1,10,10,0,0,0.0,0,0,0,1,0,0,0,0,0,0,0,0,1,0,0,0,0,0,0,0,0,0,0,0,0,1,0,0,0,1,1,20,11,1,1,19,5,1,1,9,14,1,1,121,2,1,0,1,0,1,1,21,9,0,0,0,0,0,0,0,0,500,500,0,0,0
un bouquet de fleurs,bouquet,fleurs,de,bouquet,fleur,False,r_quantificateur,True,,0,0,0,0,0,0,0,1,1,0,0,0,0,0,0,0,0,0,0,7,5,20,4,2,1.4,1,4,0,1,1,1,10,10,4,1,0.25,0,0,0,0,0,0,0,0,0,0,0,0,0,0,0,0,0,0,1,0,0,0,0,0,0,0,0,0,0,1,1,51,66,1,1,24,17,1,1,8,28,1,1,9,17,1,1,10,6,1,1,6,13,1,1,1,1,0,0,0,0,500,500,0,0,0
un grain de poivre,grain,poivre,de,grain,poivre,False,r_quantificateur,True,,0,0,0,1,0,0,0,0,1,0,0,0,0,0,0,0,0,0,0,5,6,18,2,3,0.8333333333333334,1,4,0,1,1,1,10,10,1,1,0.05263157894736842,0,0,0,0,0,0,0,0,0,0,0,0,0,0,0,0,0,0,0,0,0,0,1,0,0,0,0,0,0,1,1,11,10,0,1,0,10,1,1,27,42,0,0,0,0,0,1,0,5,1,1,2,3,0,0,0,0,0,0,0,0,500,500,0,0,0
l'ami de pierre,ami,pierre,de,ami,pierre,False,r_social_tie,True,,1,0,0,1,0,0,0,0,0,1,0,0,0,0,0,0,0,0,1,3,6,15,2,3,0.5,0,3,0,1,1,1,10,10,2,1,0.1111111111111111,1,0,0,0,0,0,0,0,0,0,0,0,0,0,0,0,0,0,1,0,0,0,0,0,0,1,0,0,0,1,1,8,14,1,1,24,2,0,1,0,53,1,0,1,0,1,1,126,4,1,1,67,11,1,1,1,2,0,0,0,0,500,500,0,0,0
le collègue de marie,collègue,marie,de,collègue,marie,False,r_social_tie,True,,0,0,1,1,0,0,0,1,0,0,0,0,0,0,0,0,0,0,0,8,5,20,4,3,1.6,1,4,0,1,1,1,10,0,0,0,0.0,1,0,0,0,0,0,0,0,0,0,0,0,0,0,0,0,0,0,1,0,0,0,0,0,0,0,0,0,0,1,1,11,49,1,0,23,0,0,0,0,0,0,0,0,0,1,1,122,1,1,0,31,0,0,0,0,0,0,0,0,0,500,500,0,0,0
l'avocat d'ahmed,avocat,ahmed,d',avocat,ahmed,False,r_social_tie,True,,1,1,0,0,0,0,0,0,0,0,0,0,0,0,0,0,0,0,0,6,5,16,3,2,1.2,1,2,0,1,1,1,10,0,0,0,0.0,1,0,0,0,0,0,0,0,0,0,0,0,0,0,0,0,0,0,1,0,0,0,0,0,0,0,0,0,0,1,1,14,4,1,0,33,0,1,0,16,0,1,0,3,0,1,0,19,0,1,0,6,0,0,0,0,0,0,0,0,0,500,33,0,0,0
le parent de lucie,parent,lucie,de,parent,lucie,False,r_social_tie,True,,0,0,0,1,0,0,0,1,0,0,0,0,0,0,0,0,0,0,0,6,5,18,2,3,1.2,1,4,0,1,1,1,10,0,0,0,0.0,1,0,0,0,0,0,0,0,0,0,0,0,0,0,0,0,0,0,1,0,0,0,0,0,0,0,0,0,0,1,0,30,0,1,0,25,0,1,0,3,0,0,0,0,0,1,0,137,0,1,0,15,0,0,0,0,0,0,0,0,0,500,35,0,0,0
le camarade d'hugo,camarade,hugo,d',camarade,hugo,False,r_social_tie,True,,0,0,1,0,0,0,0,1,0,0,0,0,0,0,0,0,0,0,0,8,4,18,4,2,2.0,1,3,0,1,1,1,10,0,0,0,0.0,0,0,0,0,0,0,0,0,0,0,0,0,0,0,0,0,0,0,1,0,0,0,0,0,0,0,0,0,0,1,1,31,25,1,0,40,0,0,0,0,0,0,0,0,0,1,0,22,0,1,0,8,0,1,0,1,0,0,0,0,0,500,138,0,0,0
l'associé de sarah,associé,sarah,de,associé,sarah,False,r_social_tie,True,,1,0,0,0,0,0,0,0,0,0,0,0,0,0,0,0,0,0,0,7,5,18,4,2,1.4,0,3,0,1,1,1,10,0,0,0,0.0,1,0,0,0,0,0,0,0,0,0,0,0,0,0,0,0,0,0,1,0,0,0,0,0,0,0,0,0,0,1,1,1,1,1,0,25,0,0,0,0,0,0,0,0,0,1,0,11,0,1,0,2,0,1,0,1,0,0,0,0,0,500,42,0,0,0
le voisin de nora,voisin,nora,de,voisin,nora,False,r_social_tie,True,,0,0,0,0,0,0,0,1,0,1,0,0,0,0,0,0,0,0,1,6,4,17,3,2,1.5,1,4,0,1,1,1,10,0,0,0,0.0,1,0,0,0,0,0,0,0,0,0,0,0,0,0,0,0,0,0,1,0,0,0,0,0,0,0,0,0,0,1,0,2,0,1,0,12,0,0,0,0,0,1,0,1,0,1,0,85,0,1,0,57,0,1,1,1,1,0,0,0,0,500,13,0,0,0
le mentor de jules,mentor,jules,de,mentor,jule,False,r_social_tie,True,,0,0,0,1,0,0,0,1,0,0,0,0,0,0,0,0,0,1,0,6,4,18,2,2,1.5,1,4,0,1,1,1,10,2,0,0,0.0,1,0,0,0,0,0,0,0,0,0,0,0,0,0,0,0,0,0,1,0,0,0,0,0,0,0,0,0,0,1,0,2,0,1,0,39,0,0,0,0,0,0,0,0,0,1,0,9,0,0,0,0,0,0,0,0,0,0,0,0,0,500,35,0,0,0
le roman d'hugo,roman,hugo,d',roman,hugo,False,r_product_of,True,,0,0,0,0,0,0,0,1,0,0,0,0,0,0,0,0,0,0,0,5,4,15,2,2,1.25,1,3,0,1,1,1,10,0,0,0,0.0,0,0,0,1,0,0,0,0,0,0,0,0,0,0,0,0,0,0,0,0,0,0,0,0,0,0,0,0,0,1,1,46,25,1,0,14,0,1,0,2,0,1,0,22,0,0,0,0,0,1,0,11,0,1,0,1,0,0,0,0,0,500,138,0,0,0
le poème de rimbaud,poème,rimbaud,de,poème,rimbaud,False,r_product_of,True,,0,0,1,0,0,0,0,1,0,0,0,0,0,0,0,0,0,0,0,5,7,19,3,3,0.7142857142857143,1,4,0,1,1,1,10,0,0,0,0.0,0,0,0,1,0,0,0,0,0,0,0,0,0,0,0,0,0,0,0,0,0,0,0,0,0,0,0,0,0,1,0,49,0,1,0,29,0,1,0,2,0,1,0,13,0,0,0,0,0,1,0,24,0,0,0,0,0,0,0,0,0,500,6,0,0,0
le tableau de monet,tableau,monet,de,tableau,monet,False,r_product_of,True,,0,0,0,0,0,0,0,1,0,0,0,0,0,0,0,0,0,0,0,7,5,19,4,2,1.4,1,4,0,1,1,1,10,0,0,0,0.0,0,0,0,1,0,0,0,0,0,0,0,0,1,0,0,0,0,0,0,0,0,0,0,0,0,0,0,0,0,1,0,19,0,1,0,28,0,1,0,10,0,1,0,24,0,0,0,0,0,1,0,29,0,0,0,0,0,0,0,0,0,500,20,0,0,0
la sculpture de rodin,sculpture,rodin,de,sculpture,rodin,False,r_product_of,True,,0,0,1,0,0,0,0,0,0,0,0,0,0,0,0,0,0,0,0,9,5,21,3,2,1.8,1,4,0,1,1,1,10,0,0,0,0.0,0,0,0,0,0,0,0,0,0,0,0,0,1,0,0,1,0,0,0,0,0,0,0,0,0,0,0,0,0,1,0,4,0,0,0,0,0,1,0,1,0,0,0,0,0,0,0,0,0,1,0,7,0,0,0,0,0,0,0,0,0,500,32,0,0,0
le portrait de picasso,portrait,picasso,de,portrait,picasso,False,r_product_of,True,,0,0,0,0,0,0,0,1,0,0,0,0,0,0,0,0,0,1,0,8,7,22,3,3,1.1428571428571428,1,4,0,1,1,1,10,0,0,0,0.0,0,0,0,0,0,0,0,0,0,0,0,0,0,0,0,0,0,0,0,0,0,0,0,0,0,0,0,0,0,1,0,31,0,1,0,3,0,1,0,3,0,0,0,0,0,1,0,1,0,1,0,25,0,0,0,0,0,0,0,0,0,500,58,0,0,0
la symphonie de mozart,symphonie,mozart,de,symphonie,mozart,False,r_product_of,True,,0,0,1,0,0,0,0,0,0,0,0,0,0,0,0,0,0,0,0,9,6,22,4,2,1.5,1,4,0,1,1,1,8,0,0,0,0.0,0,0,0,0,0,0,0,0,0,0,0,0,0,0,0,0,0,0,0,0,0,0,0,0,0,0,0,0,0,1,1,63,1,1,0,3,0,1,0,2,0,1,0,1,0,0,0,0,0,1,0,3,0,1,0,1,0,0,0,0,0,500,111,0,0,0
le film de truffaut,film,truffaut,de,film,truffaut,False,r_product_of,True,,0,0,0,0,0,0,0,1,0,0,0,0,0,0,0,0,0,0,0,4,8,19,1,3,0.5,1,4,0,1,0,0,10,0,0,0,0.0,0,0,0,0,0,0,0,0,0,0,0,0,1,0,0,0,0,0,0,0,0,0,0,0,0,0,0,0,0,1,0,56,0,1,0,6,0,1,0,2,0,1,0,21,0,1,0,8,0,1,0,2,0,1,0,1,0,0,0,0,0,500,0,0,0,0
le dessin de cézanne,dessin,cézanne,de,dessin,cézanne,False,r_product_of,True,,0,0,0,1,0,0,0,1,0,0,0,0,0,0,0,0,0,0,0,6,7,20,2,3,0.8571428571428571,1,4,0,1,1,1,10,0,0,0,0.0,0,0,0,1,0,0,0,0,0,0,0,0,0,0,0,0,0,0,0,0,0,0,0,0,0,0,0,0,0,1,0,27,0,1,0,8,0,1,0,23,0,1,0,4,0,0,0,0,0,1,0,18,0,0,0,0,0,0,0,0,0,500,2,0,0,0
maison d'Ouro Preto,maison,ouro preto,d',maison,ouro preto,False,r_holo,True,,0,1,0,0,0,0,0,0,0,0,0,1,0,0,0,0,0,0,0,6,10,19,3,5,0.6,1,3,0,1,0,0,10,0,0,0,0.0,0,0,0,0,0,0,0,0,0,0,0,0,0,0,0,0,0,0,0,0,0,0,0,0,0,0,0,0,0,1,0,6,0,1,0,67,0,1,0,13,0,1,0,139,0,1,0,1,0,1,0,37,0,1,0,3,0,0,0,0,0,500,0,0,0,0
maison de laTrente,maison,latrente,de,maison,latrente,False,r_holo,True,,0,0,0,1,0,0,0,0,0,0,0,1,0,0,0,0,0,0,0,6,8,18,3,3,0.75,0,3,0,1,0,0,10,0,0,0,0.0,0,0,0,0,0,0,0,0,0,0,0,0,0,0,0,0,0,0,0,0,0,0,0,0,0,0,0,0,0,1,0,6,0,1,0,67,0,1,0,13,0,1,0,139,0,1,0,1,0,1,0,37,0,1,0,3,0,0,0,0,0,500,0,0,0,0
maison de l'Hakodate,maison,l'hakodate,de,maison,l'hakodate,False,r_holo,True,,0,0,0,1,0,0,0,0,0,0,0,1,0,0,0,0,0,0,0,6,10,20,3,4,0.6,0,3,0,1,0,0,10,0,0,0,0.0,0,0,0,0,0,0,0,0,0,0,0,0,0,0,0,0,0,0,0,0,0,0,0,0,0,0,0,0,0,1,0,6,0,1,0,67,0,1,0,13,0,1,0,139,0,1,0,1,0,1,0,37,0,1,0,3,0,0,0,0,0,500,0,0,0,0
maison de larue,maison,larue,de,maison,larue,False,r_holo,True,,0,0,0,1,0,0,0,0,0,0,0,1,1,0,0,0,0,0,0,6,5,15,3,3,1.2,0,3,0,1,0,0,10,0,0,0,0.0,0,0,0,0,0,0,0,0,0,0,0,0,0,0,0,0,0,0,0,0,0,0,0,0,0,0,0,0,0,1,0,6,0,1,0,67,0,1,0,13,0,1,0,139,0,1,0,1,0,1,0,37,0,1,0,3,0,0,0,0,0,500,0,0,0,0
maison de l'Albertville,maison,l'albertville,de,maison,l'albertville,False,r_holo,True,,0,0,0,1,0,0,0,1,0,0,0,1,1,0,0,0,0,0,0,6,13,23,3,4,0.46153846153846156,0,3,0,1,0,0,10,0,0,0,0.0,0,0,0,0,0,0,0,0,0,0,0,0,0,0,0,0,0,0,0,0,0,0,0,0,0,0,0,0,0,1,0,6,0,1,0,67,0,1,0,13,0,1,0,139,0,1,0,1,0,1,0,37,0,1,0,3,0,0,0,0,0,500,0,0,0,0
maison d'Esztergom,maison,esztergom,d',maison,esztergom,False,r_holo,True,,0,1,0,0,0,0,0,0,0,0,0,1,0,0,0,0,0,0,0,6,9,18,3,3,0.6666666666666666,1,2,0,1,0,0,10,0,0,0,0.0,0,0,0,0,0,0,0,0,0,0,0,0,0,0,0,0,0,0,0,0,0,0,0,0,0,0,0,0,0,1,0,6,0,1,0,67,0,1,0,13,0,1,0,139,0,1,0,1,0,1,0,37,0,1,0,3,0,0,0,0,0,500,0,0,0,0
maison de l'Avesnes-sur-Helpe,maison,l'avesnes-sur-helpe,de,maison,l'avesnes-sur-helpe,False,r_holo,True,,0,0,0,1,0,0,0,0,0,0,0,1,0,0,0,0,0,0,0,6,19,29,3,6,0.3157894736842105,0,3,0,1,0,0,10,0,0,0,0.0,0,0,0,0,0,0,0,0,0,0,0,0,0,0,0,0,0,0,0,0,0,0,0,0,0,0,0,0,0,1,0,6,0,1,0,67,0,1,0,13,0,1,0,139,0,1,0,1,0,1,0,37,0,1,0,3,0,0,0,0,0,500,0,0,0,0
maison de l'Iakoutsk,maison,l'iakoutsk,de,maison,l'iakoutsk,False,r_holo,True,,0,0,0,0,0,0,0,0,0,0,0,1,0,0,0,0,0,0,0,6,10,20,3,4,0.6,0,3,0,1,0,0,10,0,0,0,0.0,0,0,0,0,0,0,0,0,0,0,0,0,0,0,0,0,0,0,0,0,0,0,0,0,0,0,0,0,0,1,0,6,0,1,0,67,0,1,0,13,0,1,0,139,0,1,0,1,0,1,0,37,0,1,0,3,0,0,0,0,0,500,0,0,0,0
maison de l'Oran,maison,l'oran,de,maison,l'oran,False,r_holo,True,,0,0,0,0,0,0,0,0,0,0,0,1,0,0,0,0,0,0,1,6,6,16,3,2,1.0,0,3,0,1,0,0,10,0,0,0,0.0,0,0,0,0,0,0,0,0,0,0,0,0,0,0,0,0,0,0,0,0,0,0,0,0,0,0,0,0,0,1,0,6,0,1,0,67,0,1,0,13,0,1,0,139,0,1,0,1,0,1,0,37,0,1,0,3,0,0,0,0,0,500,0,0,0,0
maison d'Indianapolis,maison,indianapolis,d',maison,indianapoli,False,r_holo,True,,0,1,0,0,0,0,0,0,0,0,0,1,0,0,0,0,0,0,0,6,11,21,3,6,0.5454545454545454,1,2,0,1,0,0,10,0,0,0,0.0,0,0,0,0,0,0,0,0,0,0,0,0,0,0,0,0,0,0,0,0,0,0,0,0,0,0,0,0,0,1,0,6,0,1,0,67,0,1,0,13,0,1,0,139,0,1,0,1,0,1,0,37,0,1,0,3,0,0,0,0,0,500,0,0,0,0
maison d'Hambourg,maison,hambourg,d',maison,hambourg,False,r_holo,True,,0,0,0,0,0,0,0,0,0,0,0,1,0,0,0,0,0,0,0,6,8,17,3,3,0.75,1,2,0,1,1,1,10,1,0,0,0.0,0,0,0,0,0,0,0,0,0,0,0,0,0,0,0,0,0,0,0,0,0,0,0,0,0,0,0,0,0,1,0,6,0,1,0,67,0,1,0,13,0,1,0,139,0,1,0,1,0,1,0,37,0,1,0,3,0,0,0,0,0,500,49,0,0,0
voiture de l'exposition,voiture,l'exposition,de,voiture,l'exposition,False,r_holo,True,,0,0,1,0,0,0,0,0,0,0,0,0,0,0,0,0,0,0,0,7,12,23,4,5,0.5833333333333334,0,3,0,1,1,1,10,0,0,0,0.0,0,0,0,0,0,0,0,0,0,0,0,0,1,0,0,0,0,0,0,0,0,0,0,0,0,0,0,0,0,1,0,8,0,1,0,36,0,1,0,12,0,1,0,43,0,1,0,25,0,1,0,60,0,1,0,1,0,0,0,0,0,500,33,0,0,0
voiture de larallye,voiture,larallye,de,voiture,larallye,False,r_holo,True,,0,0,1,1,0,0,0,0,0,0,0,0,0,0,0,0,0,0,0,7,8,19,4,4,0.875,0,3,0,1,0,0,10,0,0,0,0.0,0,0,0,0,0,0,0,0,0,0,0,0,1,0,0,0,0,0,0,0,0,0,0,0,0,0,0,0,0,1,0,8,0,1,0,36,0,1,0,12,0,1,0,43,0,1,0,25,0,1,0,60,0,1,0,1,0,0,0,0,0,500,0,0,0,0
voiture de latrain à grande vitesse,voiture,latrain à grande vitesse,de,voiture,latrain à grande vitesse,False,r_holo,True,,0,0,1,1,0,0,0,0,0,0,0,0,0,0,0,0,0,0,0,7,24,35,4,9,0.2916666666666667,0,6,0,1,0,0,10,0,0,0,0.0,0,0,0,0,0,0,0,0,0,0,0,0,1,0,0,0,0,0,0,0,0,0,0,0,0,0,0,0,0,1,0,8,0,1,0,36,0,1,0,12,0,1,0,43,0,1,0,25,0,1,0,60,0,1,0,1,0,0,0,0,0,500,0,0,0,0
voiture de latrain grande vitesse,voiture,latrain grande vitesse,de,voiture,latrain grande vitesse,False,r_holo,True,,0,0,1,1,0,0,0,0,0,0,0,0,0,0,0,0,0,0,0,7,22,33,4,8,0.3181818181818182,0,5,0,1,0,0,10,0,0,0,0.0,0,0,0,0,0,0,0,0,0,0,0,0,1,0,0,0,0,0,0,0,0,0,0,0,0,0,0,0,0,1,0,8,0,1,0,36,0,1,0,12,0,1,0,43,0,1,0,25,0,1,0,60,0,1,0,1,0,0,0,0,0,500,0,0,0,0
voiture de lanoix de muscade,voiture de lanoix,muscade,de,voiture de lanoi,muscade,False,r_holo,True,,0,0,0,1,0,0,0,0,0,0,0,0,0,0,0,0,0,0,0,16,7,28,8,3,2.2857142857142856,0,5,0,0,1,0,0,10,0,0,0.0,0,0,0,0,0,0,0,0,0,0,0,0,0,0,0,0,0,0,0,0,0,0,1,0,0,0,0,0,0,0,1,0,3,0,1,0,11,0,1,0,8,0,0,0,0,0,1,0,7,0,1,0,4,0,0,0,0,0,0,0,0,0,500,0,0,0
voiture deNoix de muscade,denoix,muscade,de,denoi,muscade,False,r_holo,True,,0,0,0,1,0,0,0,0,0,0,0,0,0,0,0,0,0,0,0,5,7,25,3,3,0.7142857142857143,0,4,0,0,1,0,0,10,0,0,0.0,0,0,0,0,0,0,0,0,0,0,0,0,0,0,0,0,0,0,0,0,0,0,1,0,0,0,0,0,0,0,1,0,3,0,1,0,11,0,1,0,8,0,0,0,0,0,1,0,7,0,1,0,4,0,0,0,0,0,0,0,0,0,500,0,0,0
arbre d'incendie,arbre,incendie,d',arbre,incendie,False,r_holo,True,,1,1,1,1,0,0,0,0,0,0,0,0,0,0,0,0,0,0,0,5,8,16,2,4,0.625,1,2,0,1,1,1,10,10,0,0,0.0,0,0,0,0,1,0,0,0,0,0,0,0,0,0,0,0,1,0,0,0,0,0,0,0,0,0,0,0,0,1,1,255,8,1,1,17,15,1,1,10,1,1,1,22,11,1,1,5,7,1,1,14,12,0,0,0,0,0,0,0,0,500,500,0,0,0
arbre de laterre,arbre,laterre,de,arbre,laterre,False,r_holo,True,,1,0,1,1,0,0,0,0,0,0,0,0,0,0,0,0,0,0,0,5,7,16,2,3,0.7142857142857143,0,3,0,1,0,0,10,0,0,0,0.0,0,0,0,0,0,0,0,0,0,0,0,0,0,0,0,0,0,0,0,0,0,0,0,0,0,0,0,0,0,1,0,255,0,1,0,17,0,1,0,10,0,1,0,22,0,1,0,5,0,1,0,14,0,0,0,0,0,0,0,0,0,500,0,0,0,0
arbre de laVie,arbre,lavie,de,arbre,lavie,False,r_holo,True,,1,0,1,1,0,0,0,0,0,0,0,0,0,0,0,0,0,0,0,5,5,14,2,3,1.0,0,3,0,1,0,0,10,0,0,0,0.0,0,0,0,0,0,0,0,0,0,0,0,0,0,0,0,0,0,0,0,0,0,0,0,0,0,0,0,0,0,1,0,255,0,1,0,17,0,1,0,10,0,1,0,22,0,1,0,5,0,1,0,14,0,0,0,0,0,0,0,0,0,500,0,0,0,0
arbre de lacampagne,arbre,lacampagne,de,arbre,lacampagne,False,r_holo,True,,1,0,1,1,0,0,0,0,0,0,0,0,0,0,0,0,0,0,0,5,10,19,2,4,0.5,0,3,0,1,0,0,10,0,0,0,0.0,0,0,0,0,0,0,0,0,0,0,0,0,0,0,0,0,0,0,0,0,0,0,0,0,0,0,0,0,0,1,0,255,0,1,0,17,0,1,0,10,0,1,0,22,0,1,0,5,0,1,0,14,0,0,0,0,0,0,0,0,0,500,0,0,0,0
arbre de lafrégate,arbre,lafrégate,de,arbre,lafrégate,False,r_holo,True,,1,0,1,1,0,0,0,0,0,0,0,0,0,0,0,0,0,0,0,5,9,18,2,4,0.5555555555555556,0,3,0,1,0,0,10,0,0,0,0.0,0,0,0,0,0,0,0,0,0,0,0,0,0,0,0,0,0,0,0,0,0,0,0,0,0,0,0,0,0,1,0,255,0,1,0,17,0,1,0,10,0,1,0,22,0,1,0,5,0,1,0,14,0,0,0,0,0,0,0,0,0,500,0,0,0,0
arbre d'automobile,arbre,automobile,d',arbre,automobile,False,r_holo,True,,1,1,1,1,0,0,0,1,0,0,0,0,0,0,0,0,0,0,0,5,10,18,2,6,0.5,1,2,0,1,1,1,10,10,1,1,0.05263157894736842,0,0,0,0,0,0,0,0,0,0,0,0,0,0,0,0,1,0,0,0,0,0,0,0,0,0,0,0,0,1,1,255,5,1,1,17,16,1,1,10,1,1,1,22,1,1,0,5,0,1,1,14,3,0,1,0,3,0,0,0,0,500,500,0,0,0
arbre de lapinède,arbre,lapinède,de,arbre,lapinède,False,r_holo,True,,1,0,1,1,0,0,0,0,0,0,0,0,0,0,0,0,0,0,0,5,8,17,2,4,0.625,0,3,0,1,0,0,10,0,0,0,0.0,0,0,0,0,0,0,0,0,0,0,0,0,0,0,0,0,0,0,0,0,0,0,0,0,0,0,0,0,0,1,0,255,0,1,0,17,0,1,0,10,0,1,0,22,0,1,0,5,0,1,0,14,0,0,0,0,0,0,0,0,0,500,0,0,0,0
arbre d'arachidier,arbre,arachidier,d',arbre,arachidier,False,r_holo,True,,1,1,1,0,0,0,0,0,0,0,0,0,0,0,0,0,0,0,0,5,10,18,2,5,0.5,1,2,0,1,1,1,10,0,0,0,0.0,0,0,0,0,0,0,0,0,0,0,0,0,0,0,0,0,0,0,0,0,0,0,0,0,0,0,0,0,0,1,0,255,0,1,1,17,1,1,0,10,0,1,0,22,0,1,0,5,0,1,0,14,0,0,0,0,0,0,0,0,0,500,15,0,0,0
arbre de lagarrigue,arbre,lagarrigue,de,arbre,lagarrigue,False,r_holo,True,,1,0,1,1,0,0,0,0,0,0,0,0,0,0,0,0,0,0,0,5,10,19,2,5,0.5,0,3,0,1,0,0,10,0,0,0,0.0,0,0,0,0,0,0,0,0,0,0,0,0,0,0,0,0,0,0,0,0,0,0,0,0,0,0,0,0,0,1,0,255,0,1,0,17,0,1,0,10,0,1,0,22,0,1,0,5,0,1,0,14,0,0,0,0,0,0,0,0,0,500,0,0,0,0
arbre de lanature,arbre,lanature,de,arbre,lanature,False,r_holo,True,,1,0,1,1,0,0,0,0,0,0,0,0,0,0,0,0,0,0,0,5,8,17,2,4,0.625,0,3,0,1,0,0,10,0,0,0,0.0,0,0,0,0,0,0,0,0,0,0,0,0,0,0,0,0,0,0,0,0,0,0,0,0,0,0,0,0,0,1,0,255,0,1,0,17,0,1,0,10,0,1,0,22,0,1,0,5,0,1,0,14,0,0,0,0,0,0,0,0,0,500,0,0,0,0
arbre duturbine à gaz de combustion,gaz,combustion,de,gaz,combustion,False,r_holo,True,,0,0,0,0,0,0,0,0,0,0,0,0,0,0,0,0,0,0,0,3,10,35,1,4,0.3,0,6,0,1,1,1,10,10,0,0,0.0,0,0,0,0,0,0,0,0,0,0,0,0,0,0,0,0,1,0,0,0,0,0,0,0,1,0,0,0,0,1,1,30,1,1,1,8,1,1,1,48,1,0,0,0,0,1,0,2,0,1,0,7,0,0,0,0,0,0,0,0,0,500,500,0,0,0
arbre de l'acer,arbre,l'acer,de,arbre,l'acer,False,r_holo,True,,1,0,1,0,0,0,0,0,0,0,0,0,0,0,0,0,0,0,0,5,6,15,2,2,0.8333333333333334,0,3,0,1,0,0,10,0,0,0,0.0,0,0,0,0,0,0,0,0,0,0,0,0,0,0,0,0,0,0,0,0,0,0,0,0,0,0,0,0,0,1,0,255,0,1,0,17,0,1,0,10,0,1,0,22,0,1,0,5,0,1,0,14,0,0,0,0,0,0,0,0,0,500,0,0,0,0
arbre deforêt des Hauts de l'Ouest,arbre deforêt des hauts,l'ouest,de,arbre deforêt des haut,l'ouest,False,r_holo,True,,1,0,0,0,0,0,0,0,0,0,0,0,0,0,0,0,0,1,0,22,7,34,8,3,3.142857142857143,1,6,0,0,1,0,0,1,0,0,0.0,0,0,0,0,0,0,0,0,0,0,0,0,0,0,0,0,0,0,0,0,0,0,0,0,0,0,0,0,0,0,0,0,0,0,0,0,0,0,0,0,0,0,0,0,0,0,0,0,0,0,0,0,0,0,0,0,0,0,0,0,0,0,40,0,0,0
corps de l'oiseau-à-berceau,corps,l'oiseau-à-berceau,de,corp,l'oiseau-à-berceau,False,r_holo,True,,0,0,0,0,0,0,0,0,0,0,0,0,0,0,0,0,0,1,0,4,18,27,1,10,0.2222222222222222,0,3,0,1,0,0,0,0,0,0,0.0,0,0,0,0,0,0,0,0,0,0,0,0,0,0,0,0,0,0,0,0,0,0,0,0,0,0,0,0,0,0,0,0,0,0,0,0,0,1,0,1,0,0,0,0,0,0,0,0,0,0,0,0,0,1,0,3,0,0,0,0,0,68,0,0,0,0
corps d'Alexander Roslin,corps,alexander roslin,d',corp,alexander roslin,False,r_holo,True,,0,1,0,0,0,0,0,1,0,0,0,0,0,0,0,0,0,1,0,4,16,24,1,6,0.25,1,3,0,1,0,0,0,0,0,0,0.0,0,0,0,0,0,0,0,0,0,0,0,0,0,0,0,0,0,0,0,0,0,0,0,0,0,0,0,0,0,0,0,0,0,0,0,0,0,1,0,1,0,0,0,0,0,0,0,0,0,0,0,0,0,1,0,3,0,0,0,0,0,68,0,0,0,0
corps de l'exaspérant,corps,l'exaspérant,de,corp,l'exaspérant,False,r_holo,True,,0,0,0,0,0,0,0,0,0,0,0,0,0,0,0,0,0,1,0,4,12,21,1,4,0.3333333333333333,0,3,0,1,0,0,0,0,0,0,0.0,0,0,0,0,0,0,0,0,0,0,0,0,0,0,0,0,0,0,0,0,0,0,0,0,0,0,0,0,0,0,0,0,0,0,0,0,0,1,0,1,0,0,0,0,0,0,0,0,0,0,0,0,0,1,0,3,0,0,0,0,0,68,0,0,0,0
corps d'émeraude,corps,émeraude,d',corp,émeraude,False,r_holo,True,,0,1,0,1,0,0,0,0,0,0,0,0,0,0,0,0,0,1,0,4,8,16,1,5,0.5,1,2,0,1,1,1,0,10,0,0,0.0,0,0,0,0,0,0,0,0,0,0,0,0,0,0,0,0,0,0,0,1,0,0,0,0,0,0,0,0,0,0,0,0,0,0,1,0,29,1,1,1,4,0,0,0,0,0,1,0,12,0,0,0,0,1,1,3,3,0,0,0,0,68,500,0,0,0
corps d'écrivassier,corps,écrivassier,d',corp,écrivassier,False,r_holo,True,,0,1,0,0,0,0,0,0,0,0,0,0,0,0,0,0,0,1,0,4,11,19,1,5,0.36363636363636365,1,2,0,1,1,1,0,10,0,0,0.0,0,1,0,0,0,0,0,0,0,0,0,0,0,0,0,0,0,0,0,1,0,0,0,0,0,0,0,0,0,0,0,0,0,0,1,0,58,1,0,1,0,0,0,0,0,0,1,0,12,0,0,0,0,1,0,3,0,0,0,0,0,68,243,0,0,0
corps de laSophie Rostopchine,corps,lasophie rostopchine,de,corp,lasophie rostopchine,False,r_holo,True,,0,0,0,1,0,0,0,0,0,0,0,0,0,0,0,0,0,1,0,4,20,29,1,8,0.2,0,4,0,1,0,0,0,0,0,0,0.0,0,0,0,0,0,0,0,0,0,0,0,0,0,0,0,0,0,0,0,0,0,0,0,0,0,0,0,0,0,0,0,0,0,0,0,0,0,1,0,1,0,0,0,0,0,0,0,0,0,0,0,0,0,1,0,3,0,0,0,0,0,68,0,0,0,0
corps de l'ure,corps,l'ure,de,corp,l'ure,False,r_holo,True,,0,0,0,1,0,0,0,0,0,0,0,0,0,0,0,0,0,1,0,4,5,14,1,2,0.8,0,3,0,1,0,0,0,0,0,0,0.0,0,0,0,0,0,0,0,0,0,0,0,0,0,0,0,0,0,0,0,0,0,0,0,0,0,0,0,0,0,0,0,0,0,0,0,0,0,1,0,1,0,0,0,0,0,0,0,0,0,0,0,0,0,1,0,3,0,0,0,0,0,68,0,0,0,0
corps de lachlamydère,corps,lachlamydère,de,corp,lachlamydère,False,r_holo,True,,0,0,0,1,0,0,0,0,0,0,0,0,0,0,0,0,0,1,0,4,12,21,1,5,0.3333333333333333,0,3,0,1,0,0,0,0,0,0,0.0,0,0,0,0,0,0,0,0,0,0,0,0,0,0,0,0,0,0,0,0,0,0,0,0,0,0,0,0,0,0,0,0,0,0,0,0,0,1,0,1,0,0,0,0,0,0,0,0,0,0,0,0,0,1,0,3,0,0,0,0,0,68,0,0,0,0
corps de l'uniforme,corps,l'uniforme,de,corp,l'uniforme,False,r_holo,True,,0,0,0,1,0,0,0,0,1,0,0,0,0,0,0,0,0,1,1,4,10,19,1,4,0.4,0,3,0,1,0,0,0,0,0,0,0.0,0,0,0,0,0,0,0,0,0,0,0,0,0,0,0,0,0,0,0,0,0,0,0,0,0,0,0,0,0,0,0,0,0,0,0,0,0,1,0,1,0,0,0,0,0,0,0,0,0,0,0,0,0,1,0,3,0,0,0,0,0,68,0,0,0,0
corps d'admoniteur,corps,admoniteur,d',corp,admoniteur,False,r_holo,True,,0,1,0,0,0,0,0,0,0,0,0,0,0,0,0,0,0,1,0,4,10,18,1,5,0.4,1,2,0,1,1,1,0,10,0,0,0.0,0,1,0,0,0,0,0,0,0,0,0,0,0,0,0,0,0,0,0,1,0,0,0,0,0,0,0,0,0,0,0,0,0,0,1,0,61,1,0,1,0,0,0,0,0,0,1,0,11,0,0,0,0,1,0,3,0,0,0,0,0,68,199,0,0,0
corps de l'olive,corps,l'olive,de,corp,l'olive,False,r_holo,True,,0,0,0,1,0,0,0,0,0,0,0,0,0,0,0,0,0,1,0,4,7,16,1,3,0.5714285714285714,0,3,0,1,0,0,0,0,0,0,0.0,0,0,0,0,0,0,0,0,0,0,0,0,0,0,0,0,0,0,0,0,0,0,0,0,0,0,0,0,0,0,0,0,0,0,0,0,0,1,0,1,0,0,0,0,0,0,0,0,0,0,0,0,0,1,0,3,0,0,0,0,0,68,0,0,0,0
corps de l'Histoire,corps,l'histoire,de,corp,l'histoire,False,r_holo,True,,0,0,0,1,0,0,0,0,0,0,0,0,0,0,0,0,0,1,0,4,10,19,1,4,0.4,0,3,0,1,1,1,0,1,0,0,0.0,0,0,0,0,0,0,0,0,0,0,0,0,0,0,0,0,0,0,0,0,0,0,0,0,0,0,0,0,0,0,1,0,276,0,0,0,0,1,0,1,0,0,0,0,0,0,0,0,0,0,0,0,0,1,0,3,0,0,0,0,0,68,500,0,0,0
corps d'essentialiser,corps,essentialiser,d',corp,essentialiser,False,r_holo,True,,0,1,0,0,0,0,0,0,0,0,0,0,0,0,0,0,0,1,0,4,13,21,1,6,0.3076923076923077,1,2,0,1,1,1,0,10,0,0,0.0,0,1,0,0,0,0,0,0,0,0,0,0,0,0,0,0,0,0,0,1,0,0,0,0,0,0,0,0,0,0,0,0,0,0,1,0,28,1,0,1,0,0,0,0,0,0,1,0,10,0,0,0,0,1,0,3,0,0,0,0,0,68,167,0,0,0
corps d'abaisseur,corps,abaisseur,d',corp,abaisseur,False,r_holo,True,,0,1,0,0,0,0,0,0,0,0,0,0,0,0,0,0,0,1,0,4,9,17,1,5,0.4444444444444444,1,2,0,1,1,1,0,10,0,0,0.0,0,1,0,0,0,0,0,0,0,0,0,0,0,0,0,0,0,0,0,0,0,0,0,0,0,0,0,0,0,0,1,0,4,0,1,0,26,1,1,1,1,0,0,0,0,0,1,0,6,0,0,0,0,1,0,3,0,0,0,0,0,68,205,0,0,0
livre de lalittérature,livre,lalittérature,de,livre,lalittérature,False,r_holo,True,,0,0,1,1,0,0,0,0,0,0,0,0,0,0,0,0,0,0,0,5,13,22,2,6,0.38461538461538464,0,3,0,1,0,0,10,0,0,0,0.0,0,0,0,0,0,0,0,0,0,0,0,0,1,0,0,0,0,0,0,0,0,0,0,0,0,0,0,0,0,1,0,7,0,1,0,23,0,1,0,3,0,1,0,49,0,1,0,3,0,1,0,26,0,0,0,0,0,0,0,0,0,500,0,0,0,0
livre de laLa Pléïade,livre,lala pléïade,de,livre,lala pléïade,False,r_holo,True,,0,0,1,1,0,0,0,0,0,0,0,0,0,0,0,0,0,0,0,5,12,21,2,6,0.4166666666666667,0,4,0,1,0,0,10,0,0,0,0.0,0,0,0,0,0,0,0,0,0,0,0,0,1,0,0,0,0,0,0,0,0,0,0,0,0,0,0,0,0,1,0,7,0,1,0,23,0,1,0,3,0,1,0,49,0,1,0,3,0,1,0,26,0,0,0,0,0,0,0,0,0,500,0,0,0,0
table de l'auberge,table,l'auberge,de,table,l'auberge,False,r_holo,True,,0,0,1,1,0,0,0,1,0,0,0,0,0,0,0,0,0,0,0,5,9,18,2,4,0.5555555555555556,0,3,0,1,0,0,10,0,0,0,0.0,0,0,0,1,0,0,0,0,0,0,0,0,1,0,0,0,0,0,1,0,0,0,0,0,0,0,0,0,0,1,0,14,0,1,0,8,0,1,0,30,0,1,0,149,0,0,0,0,0,1,0,15,0,1,0,1,0,0,0,0,0,500,0,0,0,0
table de l'école,table,l'école,de,table,l'école,False,r_holo,True,,0,0,1,1,0,0,0,1,0,0,0,0,0,0,0,0,0,0,0,5,7,16,2,3,0.7142857142857143,0,3,0,1,1,1,10,0,0,0,0.0,0,0,0,1,0,0,0,0,0,0,0,0,1,0,0,0,0,0,1,0,0,0,0,0,0,0,0,0,0,1,0,14,0,1,0,8,0,1,0,30,0,1,0,149,0,0,0,0,0,1,0,15,0,1,0,1,0,0,0,0,0,500,39,0,0,0
table de l'hôtel,table,l'hôtel,de,table,l'hôtel,False,r_holo,True,,0,0,1,0,0,0,0,1,0,0,0,0,0,0,0,0,0,0,0,5,7,16,2,2,0.7142857142857143,0,3,0,1,0,0,10,0,0,0,0.0,0,0,0,1,0,0,0,0,0,0,0,0,1,0,0,0,0,0,1,0,0,0,0,0,0,0,0,0,0,1,0,14,0,1,0,8,0,1,0,30,0,1,0,149,0,0,0,0,0,1,0,15,0,1,0,1,0,0,0,0,0,500,0,0,0,0
table de lasuite,table,lasuite,de,table,lasuite,False,r_holo,True,,0,0,1,1,0,0,0,1,0,0,0,0,0,0,0,0,0,0,0,5,7,16,2,4,0.7142857142857143,0,3,0,1,0,0,10,0,0,0,0.0,0,0,0,1,0,0,0,0,0,0,0,0,1,0,0,0,0,0,1,0,0,0,0,0,0,0,0,0,0,1,0,14,0,1,0,8,0,1,0,30,0,1,0,149,0,0,0,0,0,1,0,15,0,1,0,1,0,0,0,0,0,500,0,0,0,0
table de laclasse,table,laclasse,de,table,laclasse,False,r_holo,True,,0,0,1,1,0,0,0,1,0,0,0,0,0,0,0,0,0,0,0,5,8,17,2,3,0.625,0,3,0,1,0,0,10,0,0,0,0.0,0,0,0,1,0,0,0,0,0,0,0,0,1,0,0,0,0,0,1,0,0,0,0,0,0,0,0,0,0,1,0,14,0,1,0,8,0,1,0,30,0,1,0,149,0,0,0,0,0,1,0,15,0,1,0,1,0,0,0,0,0,500,0,0,0,0
table de l'oud,table,l'oud,de,table,l'oud,False,r_holo,True,,0,0,1,0,0,0,0,1,0,0,0,0,0,0,0,0,0,0,0,5,5,14,2,2,1.0,0,3,0,1,0,0,10,0,0,0,0.0,0,0,0,1,0,0,0,0,0,0,0,0,1,0,0,0,0,0,1,0,0,0,0,0,0,0,0,0,0,1,0,14,0,1,0,8,0,1,0,30,0,1,0,149,0,0,0,0,0,1,0,15,0,1,0,1,0,0,0,0,0,500,0,0,0,0
table de lafête,table,lafête,de,table,lafête,False,r_holo,True,,0,0,1,1,0,0,0,1,0,0,0,0,0,0,0,0,0,0,0,5,6,15,2,3,0.8333333333333334,0,3,0,1,0,0,10,0,0,0,0.0,0,0,0,1,0,0,0,0,0,0,0,0,1,0,0,0,0,0,1,0,0,0,0,0,0,0,0,0,0,1,0,14,0,1,0,8,0,1,0,30,0,1,0,149,0,0,0,0,0,1,0,15,0,1,0,1,0,0,0,0,0,500,0,0,0,0
table debase de données relationnelle,debase,données relationnelle,de,debase,données relationnelle,False,r_holo,True,,0,0,1,1,0,0,0,1,0,0,0,0,0,0,0,0,0,0,0,6,21,37,3,9,0.2857142857142857,0,5,0,0,0,0,0,0,0,0,0.0,0,0,0,0,0,0,0,0,0,0,0,0,0,0,0,0,0,0,0,0,0,0,0,0,0,0,0,0,0,0,0,0,0,0,0,0,0,0,0,0,0,0,0,0,0,0,0,0,0,0,0,0,0,0,0,0,0,0,0,0,0,0,0,0,0,0
ordinateur d'écrivain,ordinateur,écrivain,d',ordinateur,écrivain,False,r_holo,True,,1,1,0,0,0,0,0,0,0,0,0,0,0,0,0,0,0,1,0,10,8,21,5,4,1.25,1,2,0,1,1,1,10,10,3,1,0.17647058823529413,1,1,1,0,0,0,0,0,0,0,0,0,1,0,0,0,0,0,0,1,0,0,0,0,0,0,0,0,0,1,1,18,177,1,0,32,0,1,0,2,0,1,0,36,0,0,1,0,10,1,0,16,0,0,0,0,0,0,0,0,0,500,500,0,0,0
ordinateur de l'entreprise,ordinateur,l'entreprise,de,ordinateur,l'entreprise,False,r_holo,True,,1,0,0,1,0,0,0,0,0,0,0,0,0,0,0,0,0,1,0,10,12,26,5,4,0.8333333333333334,0,3,0,1,1,1,10,0,0,0,0.0,1,0,0,0,0,0,0,0,0,0,0,0,1,0,0,0,0,0,0,0,0,0,0,0,0,0,0,0,0,1,0,18,0,1,0,32,0,1,0,2,0,1,0,36,0,0,0,0,0,1,0,16,0,0,1,0,2,0,0,0,0,500,42,0,0,0
ordinateur d'Internet,ordinateur,internet,d',ordinateur,internet,False,r_holo,True,,1,1,0,0,0,0,0,0,0,0,0,0,0,0,0,0,0,1,0,10,8,21,5,3,1.25,1,2,0,1,1,1,10,10,0,0,0.0,1,0,0,0,1,0,0,0,0,0,0,0,1,0,0,0,0,0,0,0,0,0,0,0,0,0,0,0,0,1,0,18,0,1,1,32,7,1,0,2,0,1,1,36,28,0,1,0,1,1,0,16,0,0,1,0,1,0,0,0,0,500,500,0,0,0
ordinateur d'école,ordinateur,école,d',ordinateur,école,False,r_holo,True,,1,1,0,1,0,0,0,1,0,0,0,0,0,0,0,0,0,1,0,10,5,18,5,3,2.0,1,2,0,1,1,1,10,10,0,0,0.0,1,0,0,0,1,0,0,0,0,0,0,0,1,0,0,0,0,0,0,0,0,0,0,0,0,0,0,0,0,1,1,18,8,1,1,32,15,1,1,2,3,1,1,36,124,0,1,0,1,1,1,16,3,0,0,0,0,0,0,0,0,500,500,0,0,0
ordinateur de lareceptionniste,ordinateur,lareceptionniste,de,ordinateur,lareceptionniste,False,r_holo,True,,1,0,0,1,0,0,0,0,0,0,0,0,0,0,0,0,0,1,0,10,16,30,5,7,0.625,0,3,0,1,0,0,10,0,0,0,0.0,1,0,0,0,0,0,0,0,0,0,0,0,1,0,0,0,0,0,0,0,0,0,0,0,0,0,0,0,0,1,0,18,0,1,0,32,0,1,0,2,0,1,0,36,0,0,0,0,0,1,0,16,0,0,0,0,0,0,0,0,0,500,0,0,0,0
ville d'Amérique,ville,amérique,d',ville,amérique,False,r_holo,True,,0,1,1,1,0,0,0,1,0,0,0,1,0,0,0,0,0,0,0,5,8,16,2,5,0.625,1,2,0,1,1,1,10,0,0,0,0.0,0,0,0,0,0,0,0,0,0,0,0,0,0,0,0,0,0,0,0,0,0,0,0,0,0,0,0,0,0,1,1,1,7,1,0,58,0,1,0,4,0,1,1,122,3,0,0,0,0,1,0,9,0,0,0,0,0,0,0,0,0,500,500,0,0,0
ville de laplanète,ville,laplanète,de,ville,laplanète,False,r_holo,True,,0,0,1,1,0,0,0,1,0,0,0,1,0,0,0,0,0,0,0,5,9,18,2,4,0.5555555555555556,0,3,0,1,0,0,10,0,0,0,0.0,0,0,0,0,0,0,0,0,0,0,0,0,0,0,0,0,0,0,0,0,0,0,0,0,0,0,0,0,0,1,0,1,0,1,0,58,0,1,0,4,0,1,0,122,0,0,0,0,0,1,0,9,0,0,0,0,0,0,0,0,0,500,0,0,0,0
ville de laterre,ville,laterre,de,ville,laterre,False,r_holo,True,,0,0,1,1,0,0,0,1,0,0,0,1,0,0,0,0,0,0,0,5,7,16,2,3,0.7142857142857143,0,3,0,1,0,0,10,0,0,0,0.0,0,0,0,0,0,0,0,0,0,0,0,0,0,0,0,0,0,0,0,0,0,0,0,0,0,0,0,0,0,1,0,1,0,1,0,58,0,1,0,4,0,1,0,122,0,0,0,0,0,1,0,9,0,0,0,0,0,0,0,0,0,500,0,0,0,0
homme de lavoiture,homme,lavoiture,de,homme,lavoiture,False,r_lieu,True,,0,0,1,1,0,0,0,0,0,1,0,0,0,0,0,0,0,0,0,5,9,18,2,5,0.5555555555555556,0,3,0,1,0,0,10,0,0,0,0.0,0,0,0,0,0,0,0,0,0,0,0,0,1,0,0,0,0,0,0,0,0,0,0,0,0,0,0,0,0,1,0,39,0,1,0,50,0,1,0,4,0,1,0,8,0,1,0,270,0,1,0,55,0,0,0,0,0,0,0,0,0,500,0,0,0,0
homme de lachorale,homme,lachorale,de,homme,lachorale,False,r_lieu,True,,0,0,1,1,0,0,0,1,0,1,0,0,0,0,0,0,0,0,1,5,9,18,2,4,0.5555555555555556,0,3,0,1,0,0,10,0,0,0,0.0,0,0,0,0,0,0,0,0,0,0,0,0,1,0,0,0,0,0,0,0,0,0,0,0,0,0,0,0,0,1,0,39,0,1,0,50,0,1,0,4,0,1,0,8,0,1,0,270,0,1,0,55,0,0,0,0,0,0,0,0,0,500,0,0,0,0
homme de lapelouse,homme,lapelouse,de,homme,lapelouse,False,r_lieu,True,,0,0,1,1,0,0,0,0,0,1,0,0,0,0,0,0,0,0,0,5,9,18,2,5,0.5555555555555556,0,3,0,1,0,0,10,0,0,0,0.0,0,0,0,0,0,0,0,0,0,0,0,0,1,0,0,0,0,0,0,0,0,0,0,0,0,0,0,0,0,1,0,39,0,1,0,50,0,1,0,4,0,1,0,8,0,1,0,270,0,1,0,55,0,0,0,0,0,0,0,0,0,500,0,0,0,0
homme d'océan,homme,océan,d',homme,océan,False,r_lieu,True,,0,1,1,0,0,0,0,0,0,1,0,0,0,0,0,0,0,0,0,5,5,13,2,3,1.0,1,2,0,1,1,1,10,10,0,0,0.0,0,0,0,0,1,0,0,0,0,0,0,0,1,0,0,0,0,0,0,0,0,0,0,0,0,0,0,0,0,1,1,39,10,1,1,50,41,1,1,4,12,1,1,8,167,1,1,270,2,1,1,55,1,0,0,0,0,0,0,0,0,500,500,0,0,0
homme de l'Irak,homme,l'irak,de,homme,l'irak,False,r_lieu,True,,0,0,1,0,0,0,0,0,0,1,0,0,0,0,0,0,0,0,0,5,6,15,2,2,0.8333333333333334,0,3,0,1,0,0,10,0,0,0,0.0,0,0,0,0,0,0,0,0,0,0,0,0,1,0,0,0,0,0,0,0,0,0,0,0,0,0,0,0,0,1,0,39,0,1,0,50,0,1,0,4,0,1,0,8,0,1,0,270,0,1,0,55,0,0,0,0,0,0,0,0,0,500,0,0,0,0
homme de lasynagogue,homme,lasynagogue,de,homme,lasynagogue,False,r_lieu,True,,0,0,1,1,0,0,0,0,0,1,0,0,0,0,0,0,0,0,0,5,11,20,2,6,0.45454545454545453,0,3,0,1,0,0,10,0,0,0,0.0,0,0,0,0,0,0,0,0,0,0,0,0,1,0,0,0,0,0,0,0,0,0,0,0,0,0,0,0,0,1,0,39,0,1,0,50,0,1,0,4,0,1,0,8,0,1,0,270,0,1,0,55,0,0,0,0,0,0,0,0,0,500,0,0,0,0
homme demaison de retraite,demaison,retraite,de,demaison,retraite,False,r_lieu,True,,0,0,0,1,0,0,0,0,0,0,0,1,0,0,0,0,0,0,0,8,8,26,4,4,1.0,0,4,0,0,1,0,0,10,0,0,0.0,0,0,0,0,0,0,0,0,0,0,0,0,0,0,0,0,1,0,0,0,0,0,0,0,0,0,0,0,0,0,1,0,6,0,0,0,0,0,0,0,0,0,1,0,2,0,1,0,3,0,1,0,8,0,0,0,0,0,0,0,0,0,500,0,0,0
homme de laplanète,homme,laplanète,de,homme,laplanète,False,r_lieu,True,,0,0,1,1,0,0,0,0,0,1,0,0,0,0,0,0,0,0,0,5,9,18,2,4,0.5555555555555556,0,3,0,1,0,0,10,0,0,0,0.0,0,0,0,0,0,0,0,0,0,0,0,0,1,0,0,0,0,0,0,0,0,0,0,0,0,0,0,0,0,1,0,39,0,1,0,50,0,1,0,4,0,1,0,8,0,1,0,270,0,1,0,55,0,0,0,0,0,0,0,0,0,500,0,0,0,0
homme de lagendarmerie,homme,lagendarmerie,de,homme,lagendarmerie,False,r_lieu,True,,0,0,1,1,0,0,0,0,0,1,0,0,0,0,0,0,0,0,0,5,13,22,2,6,0.38461538461538464,0,3,0,1,0,0,10,0,0,0,0.0,0,0,0,0,0,0,0,0,0,0,0,0,1,0,0,0,0,0,0,0,0,0,0,0,0,0,0,0,0,1,0,39,0,1,0,50,0,1,0,4,0,1,0,8,0,1,0,270,0,1,0,55,0,0,0,0,0,0,0,0,0,500,0,0,0,0
homme de laferme,homme,laferme,de,homme,laferme,False,r_lieu,True,,0,0,1,1,0,0,0,0,0,1,0,0,0,0,0,0,0,0,1,5,7,16,2,3,0.7142857142857143,0,3,0,1,0,0,10,0,0,0,0.0,0,0,0,0,0,0,0,0,0,0,0,0,1,0,0,0,0,0,0,0,0,0,0,0,0,0,0,0,0,1,0,39,0,1,0,50,0,1,0,4,0,1,0,8,0,1,0,270,0,1,0,55,0,0,0,0,0,0,0,0,0,500,0,0,0,0
homme dumaison de santé,dumaison,santé,de,dumaison,santé,False,r_lieu,True,,0,0,0,0,0,0,0,0,0,0,0,1,0,0,0,0,0,0,0,8,5,23,4,2,1.6,0,4,0,0,1,0,0,10,0,0,0.0,0,1,0,0,0,0,0,0,0,0,0,0,0,0,0,0,0,0,0,0,0,0,0,0,0,0,0,0,0,0,1,0,1,0,1,0,1,0,0,0,0,0,0,0,0,0,0,0,0,0,1,0,3,0,0,0,0,0,0,0,0,0,500,0,0,0
homme de lalatomie,homme,lalatomie,de,homme,lalatomie,False,r_lieu,True,,0,0,1,1,0,0,0,0,0,1,0,0,0,0,0,0,0,0,0,5,9,18,2,5,0.5555555555555556,0,3,0,1,0,0,10,0,0,0,0.0,0,0,0,0,0,0,0,0,0,0,0,0,1,0,0,0,0,0,0,0,0,0,0,0,0,0,0,0,0,1,0,39,0,1,0,50,0,1,0,4,0,1,0,8,0,1,0,270,0,1,0,55,0,0,0,0,0,0,0,0,0,500,0,0,0,0
homme de l'Asie,homme,l'asie,de,homme,l'asie,False,r_lieu,True,,0,0,1,1,0,0,0,0,0,1,0,0,0,0,0,0,0,0,0,5,6,15,2,3,0.8333333333333334,0,3,0,1,0,0,10,0,0,0,0.0,0,0,0,0,0,0,0,0,0,0,0,0,1,0,0,0,0,0,0,0,0,0,0,0,0,0,0,0,0,1,0,39,0,1,0,50,0,1,0,4,0,1,0,8,0,1,0,270,0,1,0,55,0,0,0,0,0,0,0,0,0,500,0,0,0,0
homme dechamp de bataille,dechamp,bataille,de,dechamp,bataille,False,r_lieu,True,,0,0,0,1,0,0,0,1,0,0,0,0,0,0,0,0,0,0,0,7,8,25,2,4,0.875,0,4,0,0,1,0,0,10,0,0,0.0,0,0,0,0,0,0,0,0,0,0,0,0,0,0,0,0,0,0,0,0,0,0,0,0,0,0,0,0,0,0,1,0,48,0,1,0,3,0,1,0,7,0,1,0,4,0,0,0,0,0,1,0,3,0,0,0,0,0,0,0,0,0,500,0,0,0
homme de larêve,homme,larêve,de,homme,larêve,False,r_lieu,True,,0,0,1,1,0,0,0,0,0,1,0,0,0,0,0,0,0,0,0,5,6,15,2,3,0.8333333333333334,0,3,0,1,0,0,10,0,0,0,0.0,0,0,0,0,0,0,0,0,0,0,0,0,1,0,0,0,0,0,0,0,0,0,0,0,0,0,0,0,0,1,0,39,0,1,0,50,0,1,0,4,0,1,0,8,0,1,0,270,0,1,0,55,0,0,0,0,0,0,0,0,0,500,0,0,0,0
homme de l'Athènes,homme,l'athènes,de,homme,l'athène,False,r_lieu,True,,0,0,1,1,0,0,0,0,0,1,0,0,0,0,0,0,0,0,0,5,8,18,2,3,0.625,0,3,0,1,0,0,10,0,0,0,0.0,0,0,0,0,0,0,0,0,0,0,0,0,1,0,0,0,0,0,0,0,0,0,0,0,0,0,0,0,0,1,0,39,0,1,0,50,0,1,0,4,0,1,0,8,0,1,0,270,0,1,0,55,0,0,0,0,0,0,0,0,0,500,0,0,0,0
homme dumaison de fous,dumaison,fous,de,dumaison,fou,False,r_lieu,True,,0,0,0,0,0,0,0,0,0,0,0,1,0,0,0,0,0,0,0,8,3,22,4,2,2.6666666666666665,0,4,0,0,1,0,0,10,0,0,0.0,0,1,0,0,0,0,0,0,0,0,0,0,0,0,0,0,0,0,0,1,0,0,0,0,0,0,0,0,0,0,1,0,6,0,1,0,41,0,1,0,4,0,0,0,0,0,1,0,33,0,1,0,4,0,1,0,21,0,0,0,0,0,500,0,0,0
homme de laguerre,homme,laguerre,de,homme,laguerre,False,r_lieu,True,,0,0,1,1,0,0,0,0,0,1,0,0,0,0,0,0,0,0,0,5,8,17,2,4,0.625,0,3,0,1,0,0,10,0,0,0,0.0,0,0,0,0,0,0,0,0,0,0,0,0,1,0,0,0,0,0,0,0,0,0,0,0,0,0,0,0,0,1,0,39,0,1,0,50,0,1,0,4,0,1,0,8,0,1,0,270,0,1,0,55,0,0,0,0,0,0,0,0,0,500,0,0,0,0
femme de lavoiture,femme,lavoiture,de,femme,lavoiture,False,r_lieu,True,,0,0,1,1,0,0,0,0,0,1,0,0,0,0,0,0,0,0,0,5,9,18,2,5,0.5555555555555556,0,3,0,1,0,0,10,0,0,0,0.0,0,0,0,0,0,0,0,0,0,0,0,0,1,0,0,0,0,0,0,0,0,0,0,0,0,0,0,0,0,1,0,16,0,1,0,34,0,1,0,4,0,1,0,5,0,1,0,293,0,1,0,60,0,0,0,0,0,0,0,0,0,500,0,0,0,0
femme de lapelouse,femme,lapelouse,de,femme,lapelouse,False,r_lieu,True,,0,0,1,1,0,0,0,0,0,1,0,0,0,0,0,0,0,0,0,5,9,18,2,5,0.5555555555555556,0,3,0,1,0,0,10,0,0,0,0.0,0,0,0,0,0,0,0,0,0,0,0,0,1,0,0,0,0,0,0,0,0,0,0,0,0,0,0,0,0,1,0,16,0,1,0,34,0,1,0,4,0,1,0,5,0,1,0,293,0,1,0,60,0,0,0,0,0,0,0,0,0,500,0,0,0,0
femme de larade,femme,larade,de,femme,larade,False,r_lieu,True,,0,0,1,1,0,0,0,0,0,1,0,0,0,0,0,0,0,0,0,5,6,15,2,3,0.8333333333333334,0,3,0,1,0,0,10,0,0,0,0.0,0,0,0,0,0,0,0,0,0,0,0,0,1,0,0,0,0,0,0,0,0,0,0,0,0,0,0,0,0,1,0,16,0,1,0,34,0,1,0,4,0,1,0,5,0,1,0,293,0,1,0,60,0,0,0,0,0,0,0,0,0,500,0,0,0,0
femme de lasynagogue,femme,lasynagogue,de,femme,lasynagogue,False,r_lieu,True,,0,0,1,1,0,0,0,0,0,1,0,0,0,0,0,0,0,0,0,5,11,20,2,6,0.45454545454545453,0,3,0,1,0,0,10,0,0,0,0.0,0,0,0,0,0,0,0,0,0,0,0,0,1,0,0,0,0,0,0,0,0,0,0,0,0,0,0,0,0,1,0,16,0,1,0,34,0,1,0,4,0,1,0,5,0,1,0,293,0,1,0,60,0,0,0,0,0,0,0,0,0,500,0,0,0,0
femme de lamaison de retraite,femme de lamaison,retraite,de,femme de lamaison,retraite,False,r_lieu,True,,0,0,0,1,0,0,0,0,0,1,0,1,0,0,0,0,0,0,0,17,8,29,7,4,2.125,0,5,0,0,1,0,0,10,0,0,0.0,0,0,0,0,0,0,0,0,0,0,0,0,0,0,0,0,1,0,0,0,0,0,0,0,0,0,0,0,0,0,1,0,6,0,0,0,0,0,0,0,0,0,1,0,2,0,1,0,3,0,1,0,8,0,0,0,0,0,0,0,0,0,500,0,0,0
femme de larue,femme,larue,de,femme,larue,False,r_lieu,True,,0,0,1,1,0,0,0,0,0,1,0,0,1,0,0,0,0,0,0,5,5,14,2,3,1.0,0,3,0,1,0,0,10,0,0,0,0.0,0,0,0,0,0,0,0,0,0,0,0,0,1,0,0,0,0,0,0,0,0,0,0,0,0,0,0,0,0,1,0,16,0,1,0,34,0,1,0,4,0,1,0,5,0,1,0,293,0,1,0,60,0,0,0,0,0,0,0,0,0,500,0,0,0,0
femme de laterre,femme,laterre,de,femme,laterre,False,r_lieu,True,,0,0,1,1,0,0,0,0,0,1,0,0,0,0,0,0,0,0,0,5,7,16,2,3,0.7142857142857143,0,3,0,1,0,0,10,0,0,0,0.0,0,0,0,0,0,0,0,0,0,0,0,0,1,0,0,0,0,0,0,0,0,0,0,0,0,0,0,0,0,1,0,16,0,1,0,34,0,1,0,4,0,1,0,5,0,1,0,293,0,1,0,60,0,0,0,0,0,0,0,0,0,500,0,0,0,0
femme de l'Athènes,femme,l'athènes,de,femme,l'athène,False,r_lieu,True,,0,0,1,1,0,0,0,0,0,1,0,0,0,0,0,0,0,0,0,5,8,18,2,3,0.625,0,3,0,1,0,0,10,0,0,0,0.0,0,0,0,0,0,0,0,0,0,0,0,0,1,0,0,0,0,0,0,0,0,0,0,0,0,0,0,0,0,1,0,16,0,1,0,34,0,1,0,4,0,1,0,5,0,1,0,293,0,1,0,60,0,0,0,0,0,0,0,0,0,500,0,0,0,0
femme demaison de fous,demaison,fous,de,demaison,fou,False,r_lieu,True,,0,0,0,0,0,0,0,0,0,0,0,1,0,0,0,0,0,0,0,8,3,22,4,2,2.6666666666666665,0,4,0,0,1,0,0,10,0,0,0.0,0,1,0,0,0,0,0,0,0,0,0,0,0,0,0,0,0,0,0,1,0,0,0,0,0,0,0,0,0,0,1,0,6,0,1,0,41,0,1,0,4,0,0,0,0,0,1,0,33,0,1,0,4,0,1,0,21,0,0,0,0,0,500,0,0,0
femme d'Italie,femme,italie,d',femme,italie,False,r_lieu,True,,0,1,1,1,0,0,0,0,0,1,0,0,0,0,0,0,0,0,0,5,6,14,2,4,0.8333333333333334,1,2,0,1,1,1,10,3,0,0,0.0,0,0,0,0,0,0,0,0,0,0,0,0,1,0,0,0,0,0,0,0,0,0,0,0,0,0,0,0,0,1,1,16,2,1,1,34,1,1,1,4,6,1,0,5,0,1,0,293,0,1,0,60,0,0,0,0,0,0,0,0,0,500,500,0,0,0
femme de l'hôpital psychiatrique,femme,l'hôpital psychiatrique,de,femme,l'hôpital psychiatrique,False,r_lieu,True,,0,0,1,1,0,0,0,0,0,1,0,0,0,0,0,0,0,0,0,5,23,32,2,9,0.21739130434782608,0,4,0,1,0,0,10,0,0,0,0.0,0,0,0,0,0,0,0,0,0,0,0,0,1,0,0,0,0,0,0,0,0,0,0,0,0,0,0,0,0,1,0,16,0,1,0,34,0,1,0,4,0,1,0,5,0,1,0,293,0,1,0,60,0,0,0,0,0,0,0,0,0,500,0,0,0,0
femme de lacampagne,femme,lacampagne,de,femme,lacampagne,False,r_lieu,True,,0,0,1,1,0,0,0,0,0,1,0,0,0,0,0,0,0,0,0,5,10,19,2,4,0.5,0,3,0,1,0,0,10,0,0,0,0.0,0,0,0,0,0,0,0,0,0,0,0,0,1,0,0,0,0,0,0,0,0,0,0,0,0,0,0,0,0,1,0,16,0,1,0,34,0,1,0,4,0,1,0,5,0,1,0,293,0,1,0,60,0,0,0,0,0,0,0,0,0,500,0,0,0,0
animal de l'animalerie,animal,l'animalerie,de,animal,l'animalerie,False,r_lieu,True,,1,0,0,1,0,0,0,1,0,0,0,0,0,0,0,0,0,0,0,6,12,22,3,6,0.5,0,3,0,1,0,0,10,0,0,0,0.0,0,0,0,0,0,0,0,0,0,0,0,0,0,0,0,0,0,0,0,0,0,0,0,0,0,0,0,0,0,1,0,66,0,1,0,75,0,1,0,5,0,1,0,17,0,1,0,89,0,1,0,64,0,1,0,1,0,0,0,0,0,500,0,0,0,0
animal de l'océan,animal,l'océan,de,animal,l'océan,False,r_lieu,True,,1,0,0,0,0,0,0,0,0,0,0,0,0,0,0,0,0,0,0,6,7,17,3,3,0.8571428571428571,0,3,0,1,1,1,10,10,0,0,0.0,0,0,0,0,0,0,0,0,0,0,0,0,0,0,0,0,0,0,0,0,0,0,0,0,0,0,0,0,0,1,1,66,2,1,1,75,1,1,0,5,0,1,0,17,0,1,0,89,0,1,0,64,0,1,0,1,0,0,0,0,0,500,45,0,0,0
animal de lacage,animal,lacage,de,animal,lacage,False,r_lieu,True,,1,0,0,1,0,0,0,0,0,0,0,0,0,0,0,0,0,0,0,6,6,16,3,3,1.0,0,3,0,1,0,0,10,0,0,0,0.0,0,0,0,0,0,0,0,0,0,0,0,0,0,0,0,0,0,0,0,0,0,0,0,0,0,0,0,0,0,1,0,66,0,1,0,75,0,1,0,5,0,1,0,17,0,1,0,89,0,1,0,64,0,1,0,1,0,0,0,0,0,500,0,0,0,0
animal d'élevage,animal,élevage,d',animal,élevage,False,r_lieu,True,,1,1,0,1,0,0,0,1,0,0,0,0,0,0,0,0,0,0,0,6,7,16,3,4,0.8571428571428571,1,2,0,1,1,1,10,10,0,0,0.0,0,0,0,0,1,0,0,0,0,0,0,0,0,0,0,0,1,0,0,0,0,0,0,0,0,0,0,0,0,1,1,66,5,1,1,75,4,1,0,5,0,1,1,17,16,1,1,89,1,1,0,64,0,1,0,1,0,0,0,0,0,500,500,0,0,0
animal de l'hameau,animal,l'hameau,de,animal,l'hameau,False,r_lieu,True,,1,0,0,0,0,0,0,0,0,0,0,0,0,0,0,0,0,0,0,6,8,18,3,4,0.75,0,3,0,1,0,0,10,0,0,0,0.0,0,0,0,0,0,0,0,0,0,0,0,0,0,0,0,0,0,0,0,0,0,0,0,0,0,0,0,0,0,1,0,66,0,1,0,75,0,1,0,5,0,1,0,17,0,1,0,89,0,1,0,64,0,1,0,1,0,0,0,0,0,500,0,0,0,0
animal d'étable,animal,étable,d',animal,étable,False,r_lieu,True,,1,1,0,1,0,0,0,1,0,0,0,0,0,0,0,0,0,0,0,6,6,15,3,3,1.0,1,2,0,1,1,1,10,7,0,0,0.0,0,0,0,0,1,0,0,0,0,0,0,0,0,0,0,0,0,0,0,0,0,0,0,0,0,0,0,0,0,1,1,66,6,1,1,75,6,1,1,5,3,1,1,17,96,1,1,89,2,1,0,64,0,1,0,1,0,0,0,0,0,500,500,0,0,0
animal d'arbre,animal,arbre,d',animal,arbre,False,r_lieu,True,,1,1,0,1,0,0,0,0,0,0,0,0,0,0,0,0,0,0,0,6,5,14,3,2,1.2,1,2,0,1,1,1,10,10,0,0,0.0,0,0,0,0,0,0,0,0,0,0,0,0,0,0,0,0,0,0,0,0,0,0,0,0,0,0,0,0,0,1,1,66,255,1,1,75,17,1,1,5,10,1,1,17,22,1,1,89,5,1,1,64,14,1,0,1,0,0,0,0,0,500,500,0,0,0
animal de laparc zoologique,animal,laparc zoologique,de,animal,laparc zoologique,False,r_lieu,True,,1,0,0,1,0,0,0,0,0,0,0,0,0,0,0,0,0,0,0,6,17,27,3,8,0.35294117647058826,0,4,0,1,0,0,10,0,0,0,0.0,0,0,0,0,0,0,0,0,0,0,0,0,0,0,0,0,0,0,0,0,0,0,0,0,0,0,0,0,0,1,0,66,0,1,0,75,0,1,0,5,0,1,0,17,0,1,0,89,0,1,0,64,0,1,0,1,0,0,0,0,0,500,0,0,0,0
animal de lacaverne,animal,lacaverne,de,animal,lacaverne,False,r_lieu,True,,1,0,0,1,0,0,0,0,0,0,0,0,0,0,0,0,0,0,0,6,9,19,3,4,0.6666666666666666,0,3,0,1,0,0,10,0,0,0,0.0,0,0,0,0,0,0,0,0,0,0,0,0,0,0,0,0,0,0,0,0,0,0,0,0,0,0,0,0,0,1,0,66,0,1,0,75,0,1,0,5,0,1,0,17,0,1,0,89,0,1,0,64,0,1,0,1,0,0,0,0,0,500,0,0,0,0
animal d'écurie,animal,écurie,d',animal,écurie,False,r_lieu,True,,1,1,0,1,0,0,0,0,0,0,0,0,0,0,0,0,0,0,0,6,6,15,3,4,1.0,1,2,0,1,1,1,10,5,0,0,0.0,0,0,0,0,1,0,0,0,0,0,0,0,0,0,0,0,0,0,0,0,0,0,0,0,0,0,0,0,0,1,1,66,106,1,0,75,0,1,1,5,1,1,1,17,66,1,0,89,0,1,0,64,0,1,1,1,1,0,0,0,0,500,500,0,0,0
animal de lajungle,animal,lajungle,de,animal,lajungle,False,r_lieu,True,,1,0,0,1,0,0,0,1,1,0,0,0,0,0,0,0,0,0,0,6,8,18,3,3,0.75,0,3,0,1,0,0,10,0,0,0,0.0,0,0,0,0,0,0,0,0,0,0,0,0,0,0,0,0,0,0,0,0,0,0,0,0,0,0,0,0,0,1,0,66,0,1,0,75,0,1,0,5,0,1,0,17,0,1,0,89,0,1,0,64,0,1,0,1,0,0,0,0,0,500,0,0,0,0
animal de laniche,animal,laniche,de,animal,laniche,False,r_lieu,True,,1,0,0,1,0,0,0,0,0,0,0,0,0,0,0,0,0,0,0,6,7,17,3,3,0.8571428571428571,0,3,0,1,0,0,10,0,0,0,0.0,0,0,0,0,0,0,0,0,0,0,0,0,0,0,0,0,0,0,0,0,0,0,0,0,0,0,0,0,0,1,0,66,0,1,0,75,0,1,0,5,0,1,0,17,0,1,0,89,0,1,0,64,0,1,0,1,0,0,0,0,0,500,0,0,0,0
animal d'épisode,animal,épisode,d',animal,épisode,False,r_lieu,True,,1,1,0,1,0,0,0,0,0,0,0,0,0,0,0,0,0,0,0,6,7,16,3,4,0.8571428571428571,1,2,0,1,1,1,10,10,0,0,0.0,0,0,0,0,0,0,0,0,0,0,0,0,0,0,0,0,1,0,0,0,0,0,0,0,0,0,0,0,0,1,1,66,225,1,0,75,0,1,1,5,2,1,0,17,0,1,0,89,0,1,1,64,1,1,0,1,0,0,0,0,0,500,500,0,0,0
animal de l'habitat,animal,l'habitat,de,animal,l'habitat,False,r_lieu,True,,1,0,0,0,0,0,0,0,0,0,0,0,0,0,0,0,0,0,0,6,9,19,3,3,0.6666666666666666,0,3,0,1,1,1,10,0,0,0,0.0,0,0,0,0,0,0,0,0,0,0,0,0,0,0,0,0,0,0,0,0,0,0,0,0,0,0,0,0,0,1,1,66,1,1,0,75,0,1,0,5,0,1,0,17,0,1,0,89,0,1,0,64,0,1,0,1,0,0,0,0,0,500,37,0,0,0
animal de l'endroit,animal,l'endroit,de,animal,l'endroit,False,r_lieu,True,,1,0,0,0,0,0,0,0,0,0,0,0,0,0,0,0,0,0,0,6,9,19,3,3,0.6666666666666666,0,3,0,1,1,1,10,3,0,0,0.0,0,0,0,0,0,0,0,0,0,0,0,0,0,0,0,0,0,0,0,0,0,0,0,0,0,0,0,0,0,1,1,66,14,1,0,75,0,1,0,5,0,1,0,17,0,1,0,89,0,1,0,64,0,1,0,1,0,0,0,0,0,500,60,0,0,0
animal de laTunisie,animal,latunisie,de,animal,latunisie,False,r_lieu,True,,1,0,0,1,0,0,0,0,1,0,0,0,0,0,0,0,0,0,0,6,9,19,3,5,0.6666666666666666,0,3,0,1,0,0,10,0,0,0,0.0,0,0,0,0,0,0,0,0,0,0,0,0,0,0,0,0,0,0,0,0,0,0,0,0,0,0,0,0,0,1,0,66,0,1,0,75,0,1,0,5,0,1,0,17,0,1,0,89,0,1,0,64,0,1,0,1,0,0,0,0,0,500,0,0,0,0
animal dupoint d'eau,dupoint,eau,d',dupoint,eau,False,r_lieu,True,,0,1,0,0,0,0,0,0,0,0,0,0,0,0,0,0,0,0,0,7,3,20,3,3,2.3333333333333335,1,3,0,0,1,0,0,10,0,0,0.0,0,0,0,0,0,0,0,0,0,0,0,0,0,0,0,0,0,0,0,0,0,0,0,0,0,1,0,0,0,0,1,0,10,0,1,0,12,0,1,0,58,0,1,0,18,0,1,0,8,0,1,0,39,0,0,0,0,0,0,0,0,0,500,0,0,0
plante de lasavane,plante,lasavane,de,plante,lasavane,False,r_lieu,True,,0,0,1,1,0,0,0,0,0,0,0,0,0,0,0,0,0,0,0,6,8,18,2,4,0.75,0,3,0,1,0,0,10,0,0,0,0.0,0,0,0,0,0,0,0,0,0,0,0,0,1,0,0,0,0,0,1,0,0,0,0,0,0,0,0,0,0,1,0,176,0,1,0,21,0,1,0,8,0,1,0,5,0,1,0,2,0,1,0,6,0,0,0,0,0,0,0,0,0,500,0,0,0,0
plante de lamontagne,plante,lamontagne,de,plante,lamontagne,False,r_lieu,True,,0,0,1,1,0,0,0,0,0,0,0,0,0,0,0,0,0,0,0,6,10,20,2,4,0.6,0,3,0,1,0,0,10,0,0,0,0.0,0,0,0,0,0,0,0,0,0,0,0,0,1,0,0,0,0,0,1,0,0,0,0,0,0,0,0,0,0,1,0,176,0,1,0,21,0,1,0,8,0,1,0,5,0,1,0,2,0,1,0,6,0,0,0,0,0,0,0,0,0,500,0,0,0,0
plante de laterre,plante,laterre,de,plante,laterre,False,r_lieu,True,,0,0,1,1,0,0,0,0,0,0,0,0,0,0,0,0,0,0,0,6,7,17,2,3,0.8571428571428571,0,3,0,1,0,0,10,0,0,0,0.0,0,0,0,0,0,0,0,0,0,0,0,0,1,0,0,0,0,0,1,0,0,0,0,0,0,0,0,0,0,1,0,176,0,1,0,21,0,1,0,8,0,1,0,5,0,1,0,2,0,1,0,6,0,0,0,0,0,0,0,0,0,500,0,0,0,0
plante de larivière,plante,larivière,de,plante,larivière,False,r_lieu,True,,0,0,1,1,0,0,0,0,0,0,0,0,0,0,0,0,0,0,0,6,9,19,2,5,0.6666666666666666,0,3,0,1,0,0,10,0,0,0,0.0,0,0,0,0,0,0,0,0,0,0,0,0,1,0,0,0,0,0,1,0,0,0,0,0,0,0,0,0,0,1,0,176,0,1,0,21,0,1,0,8,0,1,0,5,0,1,0,2,0,1,0,6,0,0,0,0,0,0,0,0,0,500,0,0,0,0
plante de lafleuriste,plante,lafleuriste,de,plante,lafleuriste,False,r_lieu,True,,0,0,1,1,0,0,0,1,0,0,0,0,0,0,0,0,0,0,0,6,11,21,2,5,0.5454545454545454,0,3,0,1,0,0,10,0,0,0,0.0,0,0,0,0,0,0,0,0,0,0,0,0,1,0,0,0,0,0,1,0,0,0,0,0,0,0,0,0,0,1,0,176,0,1,0,21,0,1,0,8,0,1,0,5,0,1,0,2,0,1,0,6,0,0,0,0,0,0,0,0,0,500,0,0,0,0
plante de lavase,plante,lavase,de,plante,lavase,False,r_lieu,True,,0,0,1,1,0,0,0,0,0,0,0,0,0,0,0,0,0,0,0,6,6,16,2,3,1.0,0,3,0,1,0,0,10,0,0,0,0.0,0,0,0,0,0,0,0,0,0,0,0,0,1,0,0,0,0,0,1,0,0,0,0,0,0,0,0,0,0,1,0,176,0,1,0,21,0,1,0,8,0,1,0,5,0,1,0,2,0,1,0,6,0,0,0,0,0,0,0,0,0,500,0,0,0,0
plante de l'aquarium,plante,l'aquarium,de,plante,l'aquarium,False,r_lieu,True,,0,0,1,0,0,0,0,0,0,0,0,0,0,0,0,0,0,0,0,6,10,20,2,5,0.6,0,3,0,1,1,1,10,0,0,0,0.0,0,0,0,0,0,0,0,0,0,0,0,0,1,0,0,0,0,0,1,0,0,0,0,0,0,0,0,0,0,1,1,176,1,1,0,21,0,1,0,8,0,1,0,5,0,1,0,2,0,1,0,6,0,0,0,0,0,0,0,0,0,500,4,0,0,0
plante de lajungle,plante,lajungle,de,plante,lajungle,False,r_lieu,True,,0,0,1,1,0,0,0,1,1,0,0,0,0,0,0,0,0,0,0,6,8,18,2,3,0.75,0,3,0,1,0,0,10,0,0,0,0.0,0,0,0,0,0,0,0,0,0,0,0,0,1,0,0,0,0,0,1,0,0,0,0,0,0,0,0,0,0,1,0,176,0,1,0,21,0,1,0,8,0,1,0,5,0,1,0,2,0,1,0,6,0,0,0,0,0,0,0,0,0,500,0,0,0,0
plante de l'endroit,plante,l'endroit,de,plante,l'endroit,False,r_lieu,True,,0,0,1,0,0,0,0,0,0,0,0,0,0,0,0,0,0,0,0,6,9,19,2,3,0.6666666666666666,0,3,0,1,1,1,10,3,0,0,0.0,0,0,0,0,0,0,0,0,0,0,0,0,1,0,0,0,0,0,1,0,0,0,0,0,0,0,0,0,0,1,1,176,14,1,0,21,0,1,0,8,0,1,0,5,0,1,0,2,0,1,0,6,0,0,0,0,0,0,0,0,0,500,60,0,0,0
plante de laserre,plante,laserre,de,plante,laserre,False,r_lieu,True,,0,0,1,1,0,0,0,0,0,0,0,0,0,0,0,0,0,0,0,6,7,17,2,3,0.8571428571428571,0,3,0,1,0,0,10,0,0,0,0.0,0,0,0,0,0,0,0,0,0,0,0,0,1,0,0,0,0,0,1,0,0,0,0,0,0,0,0,0,0,1,0,176,0,1,0,21,0,1,0,8,0,1,0,5,0,1,0,2,0,1,0,6,0,0,0,0,0,0,0,0,0,500,0,0,0,0
plante de lasalle d'attente,plante,lasalle d'attente,de,plante,lasalle d'attente,False,r_lieu,True,,0,0,1,1,0,0,0,1,0,0,0,0,0,0,0,0,0,0,0,6,17,27,2,6,0.35294117647058826,1,4,0,1,0,0,10,0,0,0,0.0,0,0,0,0,0,0,0,0,0,0,0,0,1,0,0,0,0,0,1,0,0,0,0,0,0,0,0,0,0,1,0,176,0,1,0,21,0,1,0,8,0,1,0,5,0,1,0,2,0,1,0,6,0,0,0,0,0,0,0,0,0,500,0,0,0,0
plante de lazone humide,plante,lazone humide,de,plante,lazone humide,False,r_lieu,True,,0,0,1,1,0,0,0,0,0,0,0,0,0,0,0,0,0,0,0,6,13,23,2,6,0.46153846153846156,0,4,0,1,0,0,10,0,0,0,0.0,0,0,0,0,0,0,0,0,0,0,0,0,1,0,0,0,0,0,1,0,0,0,0,0,0,0,0,0,0,1,0,176,0,1,0,21,0,1,0,8,0,1,0,5,0,1,0,2,0,1,0,6,0,0,0,0,0,0,0,0,0,500,0,0,0,0
plante durocher des Doms,durocher,doms,de,durocher,dom,False,r_lieu,True,,0,0,0,0,0,0,0,0,0,0,0,0,0,0,0,0,0,0,0,8,3,24,3,1,2.6666666666666665,1,4,0,0,1,0,0,2,0,0,0.0,0,0,0,0,0,0,0,0,0,0,0,0,0,0,0,0,0,0,0,0,0,0,0,0,0,0,0,0,0,0,1,0,18,0,0,0,0,0,0,0,0,0,0,0,0,0,0,0,0,0,0,0,0,0,1,0,4,0,0,0,0,0,182,0,0,0
plante de lagarigue,plante,lagarigue,de,plante,lagarigue,False,r_lieu,True,,0,0,1,1,0,0,0,0,0,0,0,0,0,0,0,0,0,0,0,6,9,19,2,5,0.6666666666666666,0,3,0,1,0,0,10,0,0,0,0.0,0,0,0,0,0,0,0,0,0,0,0,0,1,0,0,0,0,0,1,0,0,0,0,0,0,0,0,0,0,1,0,176,0,1,0,21,0,1,0,8,0,1,0,5,0,1,0,2,0,1,0,6,0,0,0,0,0,0,0,0,0,500,0,0,0,0
plante desalon d'attente,desalon,attente,d',desalon,attente,False,r_lieu,True,,0,1,0,1,0,0,0,0,0,0,0,0,0,0,0,0,0,0,0,7,7,24,3,3,1.0,1,3,0,0,1,0,0,5,0,0,0.0,0,0,0,0,0,0,0,0,0,0,0,0,0,0,0,0,1,0,0,0,0,0,0,0,0,0,0,0,0,0,1,0,4,0,0,0,0,0,0,0,0,0,0,0,0,0,1,0,1,0,1,0,1,0,0,0,0,0,0,0,0,0,500,0,0,0
plante desalle d'attente d'un dentiste,desalle,attente,d',desalle,attente,False,r_lieu,True,,0,1,1,1,0,0,0,1,1,0,0,0,0,0,0,0,0,0,0,7,7,38,3,3,1.0,1,5,0,0,1,0,0,5,0,0,0.0,0,0,0,0,0,0,0,0,0,0,0,0,0,0,0,0,1,0,0,0,0,0,0,0,0,0,0,0,0,0,1,0,4,0,0,0,0,0,0,0,0,0,0,0,0,0,1,0,1,0,1,0,1,0,0,0,0,0,0,0,0,0,500,0,0,0
objet de lavoiture,objet,lavoiture,de,objet,lavoiture,False,r_lieu,True,,1,0,0,1,0,0,0,0,0,0,0,0,0,0,0,0,0,0,0,5,9,18,2,5,0.5555555555555556,0,3,0,1,0,0,10,0,0,0,0.0,1,0,0,1,0,0,0,0,0,0,0,0,1,0,0,1,0,0,0,0,0,0,0,0,0,0,0,0,0,1,0,213,0,1,0,8,0,1,0,2,0,1,0,3,0,1,0,3,0,1,0,60,0,0,0,0,0,0,0,0,0,500,0,0,0,0
objet de lacuisine,objet,lacuisine,de,objet,lacuisine,False,r_lieu,True,,1,0,0,1,0,0,0,0,0,0,0,0,0,0,0,0,0,0,0,5,9,18,2,5,0.5555555555555556,0,3,0,1,0,0,10,0,0,0,0.0,1,0,0,1,0,0,0,0,0,0,0,0,1,0,0,1,0,0,0,0,0,0,0,0,0,0,0,0,0,1,0,213,0,1,0,8,0,1,0,2,0,1,0,3,0,1,0,3,0,1,0,60,0,0,0,0,0,0,0,0,0,500,0,0,0,0
objet d'étagère,objet,étagère,d',objet,étagère,False,r_lieu,True,,1,1,0,1,0,0,0,0,0,0,0,0,0,0,0,0,0,0,0,5,7,15,2,4,0.7142857142857143,1,2,0,1,1,1,10,10,3,1,0.17647058823529413,1,1,1,1,1,1,0,0,0,0,0,0,1,1,1,1,0,0,0,0,0,0,0,0,0,0,0,0,0,1,1,213,25,1,1,8,7,1,1,2,17,1,1,3,125,1,1,3,1,1,1,60,9,0,0,0,0,0,0,0,0,500,500,0,1,1
objet de l'armoire,objet,l'armoire,de,objet,l'armoire,False,r_lieu,True,,1,0,0,1,0,0,0,0,0,0,0,0,0,0,0,0,0,0,0,5,9,18,2,4,0.5555555555555556,0,3,0,1,1,1,10,0,0,0,0.0,1,0,0,1,0,0,0,0,0,0,0,0,1,0,0,1,0,0,0,0,0,0,0,0,0,0,0,0,0,1,0,213,0,1,0,8,0,1,0,2,0,1,0,3,0,1,0,3,0,1,0,60,0,0,0,0,0,0,0,0,0,500,0,0,0,0
objet demusée du Louvre,demusée,louvre,de,demusée,louvre,False,r_lieu,True,,0,0,1,1,0,0,0,0,0,0,0,0,0,0,0,0,0,0,0,7,6,23,4,3,1.1666666666666667,1,4,0,0,1,0,0,0,0,0,0.0,0,0,0,0,0,0,0,0,0,0,0,0,0,0,0,0,0,0,0,0,0,0,0,0,0,0,0,0,0,0,1,0,1,0,0,0,0,0,0,0,0,0,0,0,0,0,0,0,0,0,0,0,0,0,0,0,0,0,0,0,0,0,70,0,0,0
discours d'ennuyer,discours,ennuyer,d',discour,ennuyer,False,r_processus_agent,True,,0,1,0,0,0,0,0,0,0,0,0,0,0,0,0,0,0,0,0,7,7,18,3,4,1.0,1,2,0,0,1,0,0,0,0,0,0.0,0,0,0,0,0,0,0,0,0,0,0,0,0,0,0,0,0,0,0,0,0,0,0,0,0,0,0,0,0,0,1,0,4,0,0,0,0,0,0,0,0,0,0,0,0,0,0,0,0,0,0,0,0,0,0,0,0,0,0,0,0,0,500,0,0,0
discours demanquer de clarté,demanquer,clarté,de,demanquer,clarté,False,r_processus_agent,True,,0,0,0,0,0,0,0,0,0,0,0,0,0,0,0,0,0,0,0,9,6,28,4,2,1.5,0,4,0,0,1,0,0,8,0,0,0.0,0,0,0,0,0,0,0,0,0,0,1,0,0,0,0,0,0,0,0,0,0,0,0,0,0,1,0,0,0,0,1,0,6,0,0,0,0,0,0,0,0,0,0,0,0,0,0,0,0,0,1,0,1,0,0,0,0,0,0,0,0,0,500,0,0,0
discours d'être vaseux,discours,être vaseux,d',discour,être vaseu,False,r_processus_agent,True,,0,1,0,0,0,0,0,0,0,0,0,0,0,0,0,0,0,0,0,7,10,22,3,5,0.7,1,3,0,0,0,0,0,0,0,0,0.0,0,0,0,0,0,0,0,0,0,0,0,0,0,0,0,0,0,0,0,0,0,0,0,0,0,0,0,0,0,0,0,0,0,0,0,0,0,0,0,0,0,0,0,0,0,0,0,0,0,0,0,0,0,0,0,0,0,0,0,0,0,0,0,0,0,0
travail de l'améliorer,travail,l'améliorer,de,travail,l'améliorer,False,r_processus_agent,True,,0,0,0,0,0,0,0,0,0,0,0,0,0,0,0,0,0,0,1,7,11,22,3,5,0.6363636363636364,0,3,0,1,1,1,10,10,0,0,0.0,0,0,0,0,0,0,0,0,0,0,0,0,0,0,0,1,0,0,1,0,0,0,0,0,0,0,0,0,0,1,0,8,0,0,1,0,23,0,1,0,1,1,0,22,0,1,1,8,14,1,0,38,0,1,0,1,0,0,0,0,0,500,500,0,0,0
travail d'enrichir,travail,enrichir,d',travail,enrichir,False,r_processus_agent,True,,0,1,0,0,0,0,0,0,0,0,0,0,0,0,0,0,0,0,0,7,8,18,3,3,0.875,1,2,0,1,1,1,10,1,0,0,0.0,0,0,0,0,0,0,0,0,0,0,0,0,0,0,0,1,0,0,1,0,0,0,0,0,0,0,0,0,0,1,1,8,3,0,0,0,0,0,0,0,0,1,0,22,0,1,0,8,0,1,0,38,0,1,0,1,0,0,0,0,0,500,500,0,0,0
travail de laproduire,travail,laproduire,de,travail,laproduire,False,r_processus_agent,True,,0,0,0,1,0,0,0,0,0,0,0,0,0,0,0,0,0,0,0,7,10,21,3,5,0.7,0,3,0,1,0,0,10,0,0,0,0.0,0,0,0,0,0,0,0,0,0,0,0,0,0,0,0,1,0,0,1,0,0,0,0,0,0,0,0,0,0,1,0,8,0,0,0,0,0,0,0,0,0,1,0,22,0,1,0,8,0,1,0,38,0,1,0,1,0,0,0,0,0,500,0,0,0,0
travail d'accomplir,travail,accomplir,d',travail,accomplir,False,r_processus_agent,True,,0,1,0,0,0,0,0,0,0,0,0,0,0,0,0,0,0,0,0,7,9,19,3,3,0.7777777777777778,1,2,0,1,1,1,10,1,0,0,0.0,0,0,0,0,0,0,0,0,0,0,0,0,0,0,0,1,0,0,1,0,0,0,0,0,0,0,0,0,0,1,1,8,3,0,0,0,0,0,0,0,0,1,0,22,0,1,0,8,0,1,0,38,0,1,0,1,0,0,0,0,0,500,500,0,0,0
travail d'épuiser,travail,épuiser,d',travail,épuiser,False,r_processus_agent,True,,0,1,0,0,0,0,0,0,0,0,0,0,0,0,0,0,0,0,0,7,7,17,3,4,1.0,1,2,0,1,1,1,10,0,0,0,0.0,0,0,0,0,0,0,0,0,0,0,0,0,0,0,0,1,0,0,1,0,0,0,0,0,0,0,0,0,0,1,0,8,0,0,0,0,0,0,0,0,0,1,0,22,0,1,0,8,0,1,0,38,0,1,0,1,0,0,0,0,0,500,500,0,0,0
travail d'effectuer,travail,effectuer,d',travail,effectuer,False,r_processus_agent,True,,0,1,0,0,0,0,0,0,0,0,0,0,0,0,0,0,0,0,0,7,9,19,3,4,0.7777777777777778,1,2,0,1,1,1,10,10,0,0,0.0,0,0,0,0,0,0,0,0,0,0,0,0,0,0,0,1,0,0,1,0,0,0,0,0,0,0,0,0,0,1,1,8,19,0,0,0,0,0,0,0,0,1,0,22,0,1,0,8,0,1,0,38,0,1,0,1,0,0,0,0,0,500,500,0,0,0
travail de l'organiser,travail,l'organiser,de,travail,l'organiser,False,r_processus_agent,True,,0,0,0,0,0,0,0,0,0,0,0,0,0,0,0,0,0,0,1,7,11,22,3,4,0.6363636363636364,0,3,0,1,0,0,10,0,0,0,0.0,0,0,0,0,0,0,0,0,0,0,0,0,0,0,0,1,0,0,1,0,0,0,0,0,0,0,0,0,0,1,0,8,0,0,0,0,0,0,0,0,0,1,0,22,0,1,0,8,0,1,0,38,0,1,0,1,0,0,0,0,0,500,0,0,0,0
travail deprendre du temps,deprendre,temps,de,deprendre,temp,False,r_processus_agent,True,,0,0,1,0,0,0,0,0,0,0,0,0,0,0,0,0,0,0,0,9,4,26,3,1,2.25,1,4,0,0,1,0,0,0,0,0,0.0,0,0,0,0,0,0,0,0,0,0,0,0,0,0,0,0,0,0,0,0,0,0,0,0,0,0,0,0,0,0,1,0,3,0,0,0,0,0,0,0,0,0,0,0,0,0,0,0,0,0,0,0,0,0,1,0,1,0,0,0,0,0,68,0,0,0
travail durapporter de l'argent,travail durapporter,l'argent,de,travail durapporter,l'argent,False,r_processus_agent,True,,0,0,0,0,0,0,0,0,0,0,0,0,0,0,0,0,0,1,1,19,8,31,7,2,2.375,0,4,0,0,1,0,0,0,0,0,0.0,0,0,0,0,0,0,0,0,0,0,0,0,0,0,0,0,0,0,0,0,0,0,0,0,0,0,0,0,0,0,0,0,0,0,0,0,0,0,0,0,0,0,0,0,0,0,1,0,1,0,0,0,0,0,0,0,0,0,0,0,0,0,226,0,0,0
travail defaire des mondanités,defaire,mondanités,de,defaire,mondanité,False,r_processus_agent,True,,0,0,1,0,0,0,0,0,0,0,0,0,0,0,0,0,0,0,0,7,9,30,4,4,0.7777777777777778,1,4,0,0,1,0,0,1,0,0,0.0,0,0,0,0,0,0,0,0,0,0,0,0,0,0,0,0,0,0,0,0,0,0,0,0,0,0,0,0,0,0,0,0,0,0,0,0,0,0,0,0,0,0,0,0,0,0,0,0,0,0,0,0,0,0,0,0,0,0,0,0,0,0,193,0,0,0
travail de l'être difficile,travail,l'être difficile,de,travail,l'être difficile,False,r_processus_agent,True,,0,0,0,1,0,0,0,1,0,0,0,0,0,0,0,0,0,0,0,7,16,27,3,6,0.4375,0,4,0,1,0,0,10,0,0,0,0.0,0,0,0,0,0,0,0,0,0,0,0,0,0,0,0,1,0,0,1,0,0,0,0,0,0,0,0,0,0,1,0,8,0,0,0,0,0,0,0,0,0,1,0,22,0,1,0,8,0,1,0,38,0,1,0,1,0,0,0,0,0,500,0,0,0,0
travail degénérer des revenus,degénérer,revenus,de,degénérer,revenu,False,r_processus_agent,True,,0,0,0,0,0,0,0,0,0,0,0,0,0,0,0,0,0,0,0,9,6,29,4,3,1.5,1,4,0,0,1,0,0,0,0,0,0.0,0,0,0,0,0,0,0,0,0,0,0,0,0,0,0,0,0,0,0,0,0,0,0,0,0,0,0,0,0,0,1,0,10,0,0,0,0,0,1,0,3,0,0,0,0,0,1,0,2,0,1,0,6,0,1,0,2,0,0,0,0,0,500,0,0,0
travail de laréunion en ligne,travail,laréunion en ligne,de,travail,laréunion en ligne,False,r_processus_agent,True,,0,0,0,1,0,0,0,0,1,0,0,0,0,0,0,0,0,0,0,7,18,29,3,8,0.3888888888888889,0,5,0,1,0,0,10,0,0,0,0.0,0,0,0,0,0,0,0,0,0,0,0,0,0,0,0,1,0,0,1,0,0,0,0,0,0,0,0,0,0,1,0,8,0,0,0,0,0,0,0,0,0,1,0,22,0,1,0,8,0,1,0,38,0,1,0,1,0,0,0,0,0,500,0,0,0,0
travail d'être dur,travail,être dur,d',travail,être dur,False,r_processus_agent,True,,0,1,0,0,0,0,0,0,0,0,0,0,0,0,0,0,0,0,0,7,8,18,3,3,0.875,1,3,0,1,1,1,10,1,0,0,0.0,0,0,0,0,0,0,0,0,0,0,0,0,0,0,0,1,0,0,1,0,0,0,0,0,0,0,0,0,0,1,0,8,0,0,0,0,0,0,0,0,0,1,0,22,0,1,0,8,0,1,0,38,0,1,0,1,0,0,0,0,0,500,109,0,0,0
travail de l'utiliser logiciel,travail,l'utiliser logiciel,de,travail,l'utiliser logiciel,False,r_processus_agent,True,,0,0,0,0,0,0,0,0,0,0,0,0,0,0,0,0,0,0,0,7,19,30,3,8,0.3684210526315789,0,4,0,1,0,0,10,0,0,0,0.0,0,0,0,0,0,0,0,0,0,0,0,0,0,0,0,1,0,0,1,0,0,0,0,0,0,0,0,0,0,1,0,8,0,0,0,0,0,0,0,0,0,1,0,22,0,1,0,8,0,1,0,38,0,1,0,1,0,0,0,0,0,500,0,0,0,0
intervention de l'arriver comme un cheveu sur la soupe,intervention,l'arriver comme un cheveu sur la soupe,de,intervention,l'arriver comme un cheveu sur la soupe,False,r_processus_agent,True,,1,0,0,1,0,0,0,0,1,0,0,0,0,0,0,0,0,0,0,12,38,54,5,14,0.3157894736842105,1,9,0,1,0,0,3,0,0,0,0.0,0,0,0,0,0,0,0,0,0,0,0,0,0,0,0,1,0,0,0,0,0,0,0,0,0,0,0,0,0,1,0,28,0,0,0,0,0,0,0,0,0,0,0,0,0,1,0,1,0,1,0,1,0,0,0,0,0,0,0,0,0,500,0,0,0,0
intervention de l'être difficile,intervention,l'être difficile,de,intervention,l'être difficile,False,r_processus_agent,True,,1,0,0,1,0,0,0,1,0,0,0,0,0,0,0,0,0,0,0,12,16,32,5,6,0.75,0,4,0,1,0,0,3,0,0,0,0.0,0,0,0,0,0,0,0,0,0,0,0,0,0,0,0,1,0,0,0,0,0,0,0,0,0,0,0,0,0,1,0,28,0,0,0,0,0,0,0,0,0,0,0,0,0,1,0,1,0,1,0,1,0,0,0,0,0,0,0,0,0,500,0,0,0,0
intervention de l'être dur,intervention,l'être dur,de,intervention,l'être dur,False,r_processus_agent,True,,1,0,0,0,0,0,0,0,0,0,0,0,0,0,0,0,0,0,0,12,10,26,5,3,1.2,0,4,0,1,0,0,3,0,0,0,0.0,0,0,0,0,0,0,0,0,0,0,0,0,0,0,0,1,0,0,0,0,0,0,0,0,0,0,0,0,0,1,0,28,0,0,0,0,0,0,0,0,0,0,0,0,0,1,0,1,0,1,0,1,0,0,0,0,0,0,0,0,0,500,0,0,0,0
action de lase reproduire,action,lase reproduire,de,action,lase reproduire,False,r_processus_agent,True,,1,0,0,1,0,0,0,0,0,0,0,0,0,0,0,0,0,0,0,6,15,25,3,7,0.4,0,4,0,1,0,0,10,0,0,0,0.0,0,0,0,0,0,0,0,0,0,0,0,0,0,0,0,1,0,0,0,0,0,0,0,0,0,0,0,0,0,1,0,22,0,1,0,1,0,0,0,0,0,0,0,0,0,1,0,3,0,1,0,19,0,0,0,0,0,0,0,0,0,500,0,0,0,0
action d'écrire,action,écrire,d',action,écrire,False,r_processus_agent,True,,1,1,0,1,0,0,0,0,0,0,0,0,0,0,0,0,0,0,0,6,6,15,3,3,1.0,1,2,0,1,1,1,10,7,0,0,0.0,0,0,0,0,0,0,0,0,0,0,0,0,0,1,0,1,1,1,0,0,0,0,0,0,0,0,0,0,0,1,0,22,0,1,0,1,0,0,0,0,0,0,0,0,0,1,0,3,0,1,1,19,1,0,0,0,0,0,0,0,0,500,500,0,1,1
action d'avoir pour objectif,action,avoir pour objectif,d',action,avoir pour objectif,False,r_processus_agent,True,,1,1,0,0,0,0,0,0,0,0,0,0,0,0,0,0,0,0,0,6,19,28,3,8,0.3157894736842105,1,4,0,1,1,1,10,2,0,0,0.0,0,0,0,0,0,0,0,0,0,0,0,0,0,0,0,1,0,0,0,0,0,0,0,0,0,0,0,0,0,1,0,22,0,1,0,1,0,0,0,0,0,0,0,0,0,1,0,3,0,1,0,19,0,0,0,0,0,0,0,0,0,500,10,0,0,0
oeuvre de l'inspirer,oeuvre,l'inspirer,de,oeuvre,l'inspirer,False,r_processus_agent,True,,1,0,1,0,0,0,0,0,0,0,0,0,0,0,0,0,0,0,0,6,10,20,4,3,0.6,0,3,0,1,0,0,10,0,0,0,0.0,0,0,0,0,0,0,0,0,0,0,0,0,1,0,0,0,0,0,0,0,0,0,0,0,0,0,0,0,0,1,0,315,0,1,0,1,0,1,0,1,0,1,0,1,0,0,0,0,0,1,0,14,0,0,0,0,0,0,0,0,0,500,0,0,0,0
oeuvre d'émouvoir,oeuvre,émouvoir,d',oeuvre,émouvoir,False,r_processus_agent,True,,1,1,1,0,0,0,0,0,0,0,0,0,0,0,0,0,0,0,0,6,8,17,4,5,0.75,1,2,0,1,1,1,10,0,0,0,0.0,0,0,0,0,0,0,0,0,0,0,0,0,1,0,0,0,0,0,0,0,0,0,0,0,0,0,0,0,0,1,1,315,2,1,0,1,0,1,0,1,0,1,0,1,0,0,0,0,0,1,0,14,0,0,0,0,0,0,0,0,0,500,500,0,0,0
oeuvre de lavendre,oeuvre,lavendre,de,oeuvre,lavendre,False,r_processus_agent,True,,1,0,1,1,0,0,0,0,0,0,0,0,0,0,0,0,0,0,0,6,8,18,4,3,0.75,0,3,0,1,0,0,10,0,0,0,0.0,0,0,0,0,0,0,0,0,0,0,0,0,1,0,0,0,0,0,0,0,0,0,0,0,0,0,0,0,0,1,0,315,0,1,0,1,0,1,0,1,0,1,0,1,0,0,0,0,0,1,0,14,0,0,0,0,0,0,0,0,0,500,0,0,0,0
oeuvre de l'être nul,oeuvre,l'être nul,de,oeuvre,l'être nul,False,r_processus_agent,True,,1,0,1,0,0,0,0,0,0,0,0,0,0,0,0,0,0,0,0,6,10,20,4,3,0.6,0,4,0,1,0,0,10,0,0,0,0.0,0,0,0,0,0,0,0,0,0,0,0,0,1,0,0,0,0,0,0,0,0,0,0,0,0,0,0,0,0,1,0,315,0,1,0,1,0,1,0,1,0,1,0,1,0,0,0,0,0,1,0,14,0,0,0,0,0,0,0,0,0,500,0,0,0,0
projet d'en baver,projet,en baver,d',projet,en baver,False,r_processus_agent,True,,0,1,0,0,0,0,0,0,0,0,0,0,0,0,0,0,0,0,0,6,8,17,2,3,0.75,1,3,0,1,1,1,1,10,0,0,0.0,0,0,0,0,0,0,0,0,0,0,0,0,0,0,0,0,0,0,0,0,0,0,0,0,0,0,0,0,0,1,1,5,1,1,0,4,0,1,0,3,0,0,0,0,0,1,0,4,0,1,0,22,0,0,0,0,0,0,0,0,0,500,500,0,0,0
projet d'échouer,projet,échouer,d',projet,échouer,False,r_processus_agent,True,,0,1,0,0,0,0,0,0,0,0,0,0,0,0,0,0,0,0,0,6,7,16,2,4,0.8571428571428571,1,2,0,1,1,1,1,0,0,0,0.0,0,0,0,0,0,0,0,0,0,0,0,0,0,0,0,0,0,0,0,0,0,0,0,0,0,0,0,0,0,1,1,5,9,1,0,4,0,1,0,3,0,0,0,0,0,1,0,4,0,1,0,22,0,0,0,0,0,0,0,0,0,500,500,0,0,0
projet de l'être à bout de souffle,projet de l'être à bout,souffle,de,projet de l'être à bout,souffle,False,r_processus_agent,True,,0,0,0,1,0,0,0,1,0,0,0,0,0,0,0,0,0,0,0,23,7,34,8,3,3.2857142857142856,0,7,0,0,1,0,0,5,0,0,0.0,0,0,0,0,0,0,0,0,0,0,0,0,0,0,0,0,1,0,0,0,0,0,0,0,0,0,0,0,0,0,1,0,80,0,0,0,0,0,1,0,4,0,0,0,0,0,0,0,0,0,1,0,2,0,0,0,0,0,0,0,0,0,500,0,0,0
projet de l'achopper,projet,l'achopper,de,projet,l'achopper,False,r_processus_agent,True,,0,0,0,0,0,0,0,0,0,0,0,0,0,0,0,0,0,0,0,6,10,20,2,3,0.6,0,3,0,1,0,0,1,0,0,0,0.0,0,0,0,0,0,0,0,0,0,0,0,0,0,0,0,0,0,0,0,0,0,0,0,0,0,0,0,0,0,1,0,5,0,1,0,4,0,1,0,3,0,0,0,0,0,1,0,4,0,1,0,22,0,0,0,0,0,0,0,0,0,500,0,0,0,0
projet debattre de l'aile,projet debattre,l'aile,de,projet debattre,l'aile,False,r_processus_agent,True,,0,0,1,1,0,0,0,1,0,0,0,0,0,0,0,0,0,0,0,15,6,25,5,3,2.5,0,4,0,0,1,0,0,0,0,0,0.0,0,0,0,0,0,0,0,0,0,0,0,0,0,0,0,0,0,0,0,0,0,0,0,0,0,0,0,0,0,0,0,0,0,0,0,0,0,0,0,0,0,0,0,0,0,0,0,0,0,0,0,0,0,0,0,0,0,0,0,0,0,0,19,0,0,0
projet d'avoir le souffle court,projet,avoir le souffle court,d',projet,avoir le souffle court,False,r_processus_agent,True,,0,1,0,0,0,0,0,1,0,0,0,0,0,0,0,0,0,0,0,6,22,31,2,9,0.2727272727272727,1,5,0,1,1,1,1,1,0,0,0.0,0,0,0,0,0,0,0,0,0,0,0,0,0,0,0,0,0,0,0,0,0,0,0,0,0,0,0,0,0,1,0,5,0,1,0,4,0,1,0,3,0,0,0,0,0,1,0,4,0,1,0,22,0,0,0,0,0,0,0,0,0,500,143,0,0,0
projet de l'être au point mort,projet,l'être au point mort,de,projet,l'être au point mort,False,r_processus_agent,True,,0,0,0,0,0,0,0,0,0,0,0,0,0,0,0,0,0,0,1,6,20,30,2,7,0.3,0,6,0,1,0,0,1,0,0,0,0.0,0,0,0,0,0,0,0,0,0,0,0,0,0,0,0,0,0,0,0,0,0,0,0,0,0,0,0,0,0,1,0,5,0,1,0,4,0,1,0,3,0,0,0,0,0,1,0,4,0,1,0,22,0,0,0,0,0,0,0,0,0,500,0,0,0,0
projet d'être essoufflé,projet,être essoufflé,d',projet,être essoufflé,False,r_processus_agent,True,,0,1,0,0,0,0,0,0,0,0,0,0,0,0,0,0,0,0,0,6,14,23,2,6,0.42857142857142855,1,3,0,1,1,1,1,1,0,0,0.0,0,0,0,0,0,0,0,0,0,0,0,0,0,0,0,0,0,0,0,0,0,0,0,0,0,0,0,0,0,1,0,5,0,1,0,4,0,1,0,3,0,0,0,0,0,1,0,4,0,1,0,22,0,0,0,0,0,0,0,0,0,500,210,0,0,0
projet de laperdre haleine,projet,laperdre haleine,de,projet,laperdre haleine,False,r_processus_agent,True,,0,0,0,1,0,0,0,1,0,0,0,0,0,0,0,0,0,0,0,6,16,26,2,7,0.375,0,4,0,1,0,0,1,0,0,0,0.0,0,0,0,0,0,0,0,0,0,0,0,0,0,0,0,0,0,0,0,0,0,0,0,0,0,0,0,0,0,1,0,5,0,1,0,4,0,1,0,3,0,0,0,0,0,1,0,4,0,1,0,22,0,0,0,0,0,0,0,0,0,500,0,0,0,0
projet de l'être hors d'haleine,projet,l'être hors d'haleine,de,projet,l'être hors d'haleine,False,r_processus_agent,True,,0,0,0,1,0,0,0,1,0,0,0,0,0,0,0,0,0,0,1,6,21,31,2,7,0.2857142857142857,1,5,0,1,0,0,1,0,0,0,0.0,0,0,0,0,0,0,0,0,0,0,0,0,0,0,0,0,0,0,0,0,0,0,0,0,0,0,0,0,0,1,0,5,0,1,0,4,0,1,0,3,0,0,0,0,0,1,0,4,0,1,0,22,0,0,0,0,0,0,0,0,0,500,0,0,0,0
projet de lamanquer de souffle,projet de lamanquer,souffle,de,projet de lamanquer,souffle,False,r_processus_agent,True,,0,0,0,1,0,0,0,1,0,0,0,0,0,0,0,0,0,0,0,19,7,30,7,3,2.7142857142857144,0,5,0,0,1,0,0,5,0,0,0.0,0,0,0,0,0,0,0,0,0,0,0,0,0,0,0,0,1,0,0,0,0,0,0,0,0,0,0,0,0,0,1,0,80,0,0,0,0,0,1,0,4,0,0,0,0,0,0,0,0,0,1,0,2,0,0,0,0,0,0,0,0,0,500,0,0,0
projet d'accoucher d'une souris,projet,accoucher,d',projet,accoucher,False,r_processus_agent,True,,0,1,0,0,0,0,0,0,1,0,0,0,0,0,0,0,0,0,0,6,9,31,2,4,0.6666666666666666,1,4,0,1,1,1,1,0,0,0,0.0,0,0,0,0,0,0,0,0,0,0,0,0,0,0,0,0,0,0,0,0,0,0,0,0,0,0,0,0,0,1,1,5,12,1,0,4,0,1,0,3,0,0,0,0,0,1,0,4,0,1,0,22,0,0,0,0,0,0,0,0,0,500,500,0,0,0
film de ladistraire,film,ladistraire,de,film,ladistraire,False,r_processus_agent,True,,0,0,0,1,0,0,0,0,0,0,0,0,0,0,0,0,0,0,0,4,11,19,1,5,0.36363636363636365,0,3,0,1,0,0,10,0,0,0,0.0,0,0,0,0,0,0,0,0,0,0,0,0,1,0,0,0,0,0,0,0,0,0,0,0,0,0,0,0,0,1,0,56,0,1,0,6,0,1,0,2,0,1,0,21,0,1,0,8,0,1,0,2,0,1,0,1,0,0,0,0,0,500,0,0,0,0
film d'ennuyer,film,ennuyer,d',film,ennuyer,False,r_processus_agent,True,,0,1,0,0,0,0,0,0,0,0,0,0,0,0,0,0,0,0,0,4,7,14,1,4,0.5714285714285714,1,2,0,1,1,1,10,0,0,0,0.0,0,0,0,0,0,0,0,0,0,0,0,0,1,0,0,0,0,0,0,0,0,0,0,0,0,0,0,0,0,1,1,56,4,1,0,6,0,1,0,2,0,1,0,21,0,1,0,8,0,1,0,2,0,1,0,1,0,0,0,0,0,500,500,0,0,0
film de ladéplaire,film,ladéplaire,de,film,ladéplaire,False,r_processus_agent,True,,0,0,0,1,0,0,0,0,0,0,0,0,0,0,0,0,0,0,0,4,10,18,1,5,0.4,0,3,0,1,0,0,10,0,0,0,0.0,0,0,0,0,0,0,0,0,0,0,0,0,1,0,0,0,0,0,0,0,0,0,0,0,0,0,0,0,0,1,0,56,0,1,0,6,0,1,0,2,0,1,0,21,0,1,0,8,0,1,0,2,0,1,0,1,0,0,0,0,0,500,0,0,0,0
film de l'inspirer,film,l'inspirer,de,film,l'inspirer,False,r_processus_agent,True,,0,0,0,0,0,0,0,0,0,0,0,0,0,0,0,0,0,0,0,4,10,18,1,3,0.4,0,3,0,1,0,0,10,0,0,0,0.0,0,0,0,0,0,0,0,0,0,0,0,0,1,0,0,0,0,0,0,0,0,0,0,0,0,0,0,0,0,1,0,56,0,1,0,6,0,1,0,2,0,1,0,21,0,1,0,8,0,1,0,2,0,1,0,1,0,0,0,0,0,500,0,0,0,0
film de l'effrayer,film,l'effrayer,de,film,l'effrayer,False,r_processus_agent,True,,0,0,0,0,0,0,0,0,0,0,0,0,0,0,0,0,0,0,0,4,10,18,1,4,0.4,0,3,0,1,0,0,10,0,0,0,0.0,0,0,0,0,0,0,0,0,0,0,0,0,1,0,0,0,0,0,0,0,0,0,0,0,0,0,0,0,0,1,0,56,0,1,0,6,0,1,0,2,0,1,0,21,0,1,0,8,0,1,0,2,0,1,0,1,0,0,0,0,0,500,0,0,0,0
film d'envoûter,film,envoûter,d',film,envoûter,False,r_processus_agent,True,,0,1,0,0,0,0,0,0,0,0,0,0,0,0,0,0,0,0,0,4,8,15,1,4,0.5,1,2,0,1,1,1,10,0,0,0,0.0,0,0,0,0,0,0,0,0,0,0,0,0,1,0,0,0,0,0,0,0,0,0,0,0,0,0,0,0,0,1,1,56,16,1,0,6,0,1,0,2,0,1,0,21,0,1,0,8,0,1,0,2,0,1,0,1,0,0,0,0,0,500,500,0,0,0
film de l'émouvoir,film,l'émouvoir,de,film,l'émouvoir,False,r_processus_agent,True,,0,0,0,0,0,0,0,0,0,0,0,0,0,0,0,0,0,0,0,4,10,18,1,5,0.4,0,3,0,1,0,0,10,0,0,0,0.0,0,0,0,0,0,0,0,0,0,0,0,0,1,0,0,0,0,0,0,0,0,0,0,0,0,0,0,0,0,1,0,56,0,1,0,6,0,1,0,2,0,1,0,21,0,1,0,8,0,1,0,2,0,1,0,1,0,0,0,0,0,500,0,0,0,0
film de l'avoir du succès,film de l'avoir,succès,du,film de l'avoir,succè,True,r_processus_agent,True,,0,0,0,0,0,0,1,0,0,0,0,0,0,0,0,0,0,0,0,15,5,25,5,2,3.0,1,5,0,0,1,0,0,0,0,0,0.0,0,0,0,0,0,0,0,0,0,0,0,0,0,0,0,0,0,0,0,0,0,0,0,0,0,0,0,0,0,0,0,0,0,0,0,0,0,0,0,0,0,0,0,0,0,0,0,0,0,0,0,0,0,0,0,0,0,0,0,0,0,0,4,0,0,0
film d'heurter,film,heurter,d',film,heurter,False,r_processus_agent,True,,0,0,0,0,0,0,0,0,0,0,0,0,0,0,0,0,0,0,0,4,7,14,1,3,0.5714285714285714,1,2,0,1,1,1,10,1,0,0,0.0,0,0,0,0,0,0,0,0,0,0,0,0,1,0,0,0,0,0,0,0,0,0,0,0,0,0,0,0,0,1,0,56,0,1,0,6,0,1,0,2,0,1,0,21,0,1,0,8,0,1,0,2,0,1,0,1,0,0,0,0,0,500,500,0,0,0
film de l'horrifier,film,l'horrifier,de,film,l'horrifier,False,r_processus_agent,True,,0,0,0,0,0,0,0,0,0,0,0,0,0,0,0,0,0,0,1,4,11,19,1,4,0.36363636363636365,0,3,0,1,0,0,10,0,0,0,0.0,0,0,0,0,0,0,0,0,0,0,0,0,1,0,0,0,0,0,0,0,0,0,0,0,0,0,0,0,0,1,0,56,0,1,0,6,0,1,0,2,0,1,0,21,0,1,0,8,0,1,0,2,0,1,0,1,0,0,0,0,0,500,0,0,0,0
film d'empoigner,film,empoigner,d',film,empoigner,False,r_processus_agent,True,,0,1,0,0,0,0,0,0,0,0,0,0,0,0,0,0,0,0,0,4,9,16,1,4,0.4444444444444444,1,2,0,1,1,1,10,2,0,0,0.0,0,0,0,0,0,0,0,0,0,0,0,0,1,0,0,0,0,0,0,0,0,0,0,0,0,0,0,0,0,1,1,56,2,1,0,6,0,1,0,2,0,1,0,21,0,1,0,8,0,1,0,2,0,1,0,1,0,0,0,0,0,500,475,0,0,0
film de l'amuser,film,l'amuser,de,film,l'amuser,False,r_processus_agent,True,,0,0,0,0,0,0,0,0,0,0,0,0,0,0,0,0,0,0,0,4,8,16,1,3,0.5,0,3,0,1,0,0,10,0,0,0,0.0,0,0,0,0,0,0,0,0,0,0,0,0,1,0,0,0,0,0,0,0,0,0,0,0,0,0,0,0,0,1,0,56,0,1,0,6,0,1,0,2,0,1,0,21,0,1,0,8,0,1,0,2,0,1,0,1,0,0,0,0,0,500,0,0,0,0
film de ladécrire,film,ladécrire,de,film,ladécrire,False,r_processus_agent,True,,0,0,0,1,0,0,0,0,0,0,0,0,0,0,0,0,0,0,0,4,9,17,1,4,0.4444444444444444,0,3,0,1,0,0,10,0,0,0,0.0,0,0,0,0,0,0,0,0,0,0,0,0,1,0,0,0,0,0,0,0,0,0,0,0,0,0,0,0,0,1,0,56,0,1,0,6,0,1,0,2,0,1,0,21,0,1,0,8,0,1,0,2,0,1,0,1,0,0,0,0,0,500,0,0,0,0
film de laplaire,film,laplaire,de,film,laplaire,False,r_processus_agent,True,,0,0,0,1,0,0,0,0,0,0,0,0,0,0,0,0,0,0,0,4,8,16,1,4,0.5,0,3,0,1,0,0,10,0,0,0,0.0,0,0,0,0,0,0,0,0,0,0,0,0,1,0,0,0,0,0,0,0,0,0,0,0,0,0,0,0,0,1,0,56,0,1,0,6,0,1,0,2,0,1,0,21,0,1,0,8,0,1,0,2,0,1,0,1,0,0,0,0,0,500,0,0,0,0
film defaire de la peine,film defaire,la peine,de,film defaire,la peine,False,r_processus_agent,True,,0,0,1,1,0,0,0,0,0,0,0,0,0,0,0,0,0,0,0,12,8,24,5,4,1.5,1,5,0,0,1,0,0,0,0,0,0.0,0,0,0,0,0,0,0,0,0,0,0,0,0,0,0,0,0,0,0,0,0,0,0,0,0,0,0,0,0,0,0,0,0,0,0,0,0,0,0,0,0,0,0,0,0,0,0,0,0,0,0,0,0,0,0,0,0,0,0,0,0,0,29,0,0,0
film dufaire du bruit,dufaire,bruit,du,dufaire,bruit,True,r_processus_agent,True,,0,0,1,0,0,0,1,0,0,0,0,0,0,0,0,0,0,0,0,7,5,21,4,2,1.4,1,4,0,0,1,0,0,10,0,0,0.0,0,0,0,0,0,0,0,0,0,0,0,0,0,0,0,0,0,0,0,0,0,0,0,0,0,0,0,0,0,0,1,0,9,0,1,0,2,0,1,0,3,0,0,0,0,0,1,0,8,0,1,0,7,0,0,0,0,0,0,0,0,0,500,0,0,0
film d'envouter,film,envouter,d',film,envouter,False,r_processus_agent,True,,0,1,0,0,0,0,0,0,0,0,0,0,0,0,0,0,0,0,0,4,8,15,1,4,0.5,1,2,0,1,1,1,10,0,0,0,0.0,0,0,0,0,0,0,0,0,0,0,0,0,1,0,0,0,0,0,0,0,0,0,0,0,0,0,0,0,0,1,1,56,13,1,0,6,0,1,0,2,0,1,0,21,0,1,0,8,0,1,0,2,0,1,0,1,0,0,0,0,0,500,373,0,0,0
film dufaire du foin,dufaire,foin,du,dufaire,foin,True,r_processus_agent,True,,0,0,1,0,0,0,1,0,0,0,0,0,0,0,0,0,0,0,0,7,4,20,4,2,1.75,1,4,0,0,1,0,0,7,0,0,0.0,0,0,0,0,1,0,0,0,0,0,0,0,0,0,0,0,0,0,0,0,0,0,0,0,0,0,0,0,0,0,1,0,3,0,1,0,1,0,1,0,2,0,1,0,3,0,0,0,0,0,1,0,6,0,0,0,0,0,0,0,0,0,500,0,0,0
film de l'être nul,film,l'être nul,de,film,l'être nul,False,r_processus_agent,True,,0,0,0,0,0,0,0,0,0,0,0,0,0,0,0,0,0,0,0,4,10,18,1,3,0.4,0,4,0,1,0,0,10,0,0,0,0.0,0,0,0,0,0,0,0,0,0,0,0,0,1,0,0,0,0,0,0,0,0,0,0,0,0,0,0,0,0,1,0,56,0,1,0,6,0,1,0,2,0,1,0,21,0,1,0,8,0,1,0,2,0,1,0,1,0,0,0,0,0,500,0,0,0,0
destruction de l'entreprendre,destruction,l'entreprendre,de,destruction,l'entreprendre,False,r_processus_patient,True,,0,0,0,1,0,0,0,0,0,0,0,0,0,0,0,0,0,0,0,11,14,29,4,4,0.7857142857142857,0,3,0,1,0,0,4,0,0,0,0.0,0,0,0,0,0,0,0,0,0,0,0,0,0,0,0,1,0,0,0,0,0,0,0,0,0,0,0,0,0,1,0,5,0,0,0,0,0,0,0,0,0,0,0,0,0,0,0,0,0,0,0,0,0,0,0,0,0,0,0,0,0,500,0,0,0,0
destruction de l'annoncer,destruction,l'annoncer,de,destruction,l'annoncer,False,r_processus_patient,True,,0,0,0,0,0,0,0,0,0,0,0,0,0,0,0,0,0,0,0,11,10,25,4,3,1.1,0,3,0,1,1,1,4,0,0,0,0.0,0,0,0,0,0,0,0,0,0,0,0,0,0,0,0,1,0,0,0,0,0,0,0,0,0,0,0,0,0,1,0,5,0,0,0,0,0,0,0,0,0,0,0,0,0,0,0,0,0,0,0,0,0,0,0,0,0,0,0,0,0,500,3,0,0,0
destruction de l'éviter,destruction,l'éviter,de,destruction,l'éviter,False,r_processus_patient,True,,0,0,0,0,0,0,0,0,0,0,0,0,0,0,0,0,0,0,0,11,8,23,4,3,1.375,0,3,0,1,1,1,4,0,0,0,0.0,0,0,0,0,0,0,0,0,0,0,0,0,0,0,0,1,0,0,0,0,0,0,0,0,0,0,0,0,0,1,0,5,0,0,0,0,0,0,0,0,0,0,0,0,0,0,0,0,0,0,0,0,0,0,0,0,0,0,0,0,0,500,2,0,0,0
construction d'assurer,construction,assurer,d',construction,assurer,False,r_processus_patient,True,,0,1,0,0,0,0,0,0,0,0,0,0,0,0,0,0,0,0,0,12,7,22,4,3,1.7142857142857142,1,2,0,1,1,1,10,1,0,0,0.0,0,0,0,1,0,0,0,0,0,0,0,0,0,0,0,1,0,0,0,0,0,0,0,0,0,0,0,0,0,1,1,37,5,1,0,20,0,0,0,0,0,1,0,3,0,0,0,0,0,1,0,6,0,0,0,0,0,0,0,0,0,500,500,0,0,0
construction d'entreprendre,construction,entreprendre,d',construction,entreprendre,False,r_processus_patient,True,,0,1,0,1,0,0,0,0,0,0,0,0,0,0,0,0,0,0,0,12,12,27,4,4,1.0,1,2,0,1,1,1,10,1,0,0,0.0,0,0,0,1,0,0,0,0,0,0,0,0,0,0,0,1,0,0,0,0,0,0,0,0,0,0,0,0,0,1,1,37,8,1,0,20,0,0,0,0,0,1,0,3,0,0,0,0,0,1,0,6,0,0,0,0,0,0,0,0,0,500,500,0,0,0
construction de l'empêcher,construction,l'empêcher,de,construction,l'empêcher,False,r_processus_patient,True,,0,0,0,0,0,0,0,0,0,0,0,0,0,0,0,0,0,0,0,12,10,26,4,3,1.2,0,3,0,1,1,1,10,0,0,0,0.0,0,0,0,1,0,0,0,0,0,0,0,0,0,0,0,1,0,0,0,0,0,0,0,0,0,0,0,0,0,1,0,37,0,1,0,20,0,0,0,0,0,1,0,3,0,0,0,0,0,1,0,6,0,0,0,0,0,0,0,0,0,500,9,0,0,0
construction de ladétruire,construction,ladétruire,de,construction,ladétruire,False,r_processus_patient,True,,0,0,0,1,0,0,0,0,0,0,0,0,0,0,0,0,0,0,0,12,10,26,4,5,1.2,0,3,0,1,0,0,10,0,0,0,0.0,0,0,0,1,0,0,0,0,0,0,0,0,0,0,0,1,0,0,0,0,0,0,0,0,0,0,0,0,0,1,0,37,0,1,0,20,0,0,0,0,0,1,0,3,0,0,0,0,0,1,0,6,0,0,0,0,0,0,0,0,0,500,0,0,0,0
cuisson d'arrêter,cuisson,arrêter,d',cuisson,arrêter,False,r_processus_patient,True,,0,1,0,0,0,0,0,0,0,0,0,0,0,0,0,0,0,0,0,7,7,17,3,3,1.0,1,2,0,1,1,1,10,1,0,0,0.0,0,0,0,0,0,0,0,0,0,0,0,0,0,0,0,1,0,0,0,0,0,0,0,0,0,0,0,0,0,1,1,36,5,0,0,0,0,0,0,0,0,0,0,0,0,1,0,1,0,1,0,7,0,0,0,0,0,0,0,0,0,500,500,0,0,0
cuisson d'accompagner,cuisson,accompagner,d',cuisson,accompagner,False,r_processus_patient,True,,0,1,0,0,0,0,0,0,0,0,0,0,0,0,0,0,0,0,0,7,11,21,3,4,0.6363636363636364,1,2,0,1,1,1,10,0,0,0,0.0,0,0,0,0,0,0,0,0,0,0,0,0,0,0,0,1,0,0,0,0,0,0,0,0,0,0,0,0,0,1,1,36,3,0,0,0,0,0,0,0,0,0,0,0,0,1,0,1,0,1,0,7,0,0,0,0,0,0,0,0,0,500,500,0,0,0
lecture de l'adorer,lecture,l'adorer,de,lecture,l'adorer,False,r_processus_patient,True,,0,0,1,0,0,0,0,1,0,0,0,0,0,0,0,0,0,0,1,7,8,19,3,3,0.875,0,3,0,1,0,0,10,0,0,0,0.0,0,0,0,1,0,0,0,0,0,0,0,0,0,0,0,1,0,0,0,0,0,0,0,0,0,0,0,0,0,1,0,18,0,0,0,0,0,1,0,6,0,1,0,1,0,0,0,0,0,1,0,1,0,0,0,0,0,0,0,0,0,500,0,0,0,0
lecture de l'aimer,lecture,l'aimer,de,lecture,l'aimer,False,r_processus_patient,True,,0,0,1,0,0,0,0,1,0,0,0,0,0,0,0,0,0,0,0,7,7,18,3,3,1.0,0,3,0,1,1,1,10,0,0,0,0.0,0,0,0,1,0,0,0,0,0,0,0,0,0,0,0,1,0,0,0,0,0,0,0,0,0,0,0,0,0,1,0,18,0,0,0,0,0,1,0,6,0,1,0,1,0,0,0,0,0,1,0,1,0,0,0,0,0,0,0,0,0,500,0,0,0,0
lecture d'empêcher,lecture,empêcher,d',lecture,empêcher,False,r_processus_patient,True,,0,1,1,0,0,0,0,1,0,0,0,0,0,0,0,0,0,0,0,7,8,18,3,3,0.875,1,2,0,1,1,1,10,0,0,0,0.0,0,0,0,1,0,0,0,0,0,0,0,0,0,0,0,1,0,0,0,0,0,0,0,0,0,0,0,0,0,1,1,18,4,0,0,0,0,1,0,6,0,1,0,1,0,0,0,0,0,1,0,1,0,0,0,0,0,0,0,0,0,500,500,0,0,0
analyse de l'accélérer,analyse,l'accélérer,de,analyse,l'accélérer,False,r_processus_patient,True,,1,0,1,0,0,0,0,0,0,0,0,0,0,0,0,0,0,0,0,7,11,22,4,4,0.6363636363636364,0,3,0,1,0,0,10,0,0,0,0.0,0,0,0,0,0,0,0,0,0,0,0,0,0,0,0,1,0,0,0,0,0,0,0,0,0,0,0,0,0,1,0,3,0,0,0,0,0,1,0,5,0,0,0,0,0,0,0,0,0,1,0,2,0,0,0,0,0,0,0,0,0,500,0,0,0,0
outil de l'élargir,outil,l'élargir,de,outil,l'élargir,False,r_processus>instr-1,True,,1,0,0,0,0,0,0,0,0,0,0,0,0,0,0,0,0,0,0,5,9,18,3,3,0.5555555555555556,0,3,0,1,0,0,10,0,0,0,0.0,0,0,0,0,0,0,0,0,0,0,0,0,0,0,0,0,0,0,1,0,0,0,0,0,0,0,0,0,0,1,0,210,0,1,0,7,0,1,0,1,0,0,0,0,0,1,0,1,0,1,0,3,0,0,0,0,0,0,0,0,0,500,0,0,0,0
outil d'enterrer,outil,enterrer,d',outil,enterrer,False,r_processus>instr-1,True,,1,1,0,0,0,0,0,0,0,0,0,0,0,0,0,0,0,0,0,5,8,16,3,3,0.625,1,2,0,1,1,1,10,0,0,0,0.0,0,0,0,0,0,0,0,0,0,0,0,0,0,0,0,0,0,0,1,0,0,0,0,0,0,0,0,0,0,1,1,210,27,1,0,7,0,1,0,1,0,0,0,0,0,1,0,1,0,1,0,3,0,0,1,0,2,0,0,0,0,500,500,0,0,0
outil de l'assembler,outil,l'assembler,de,outil,l'assembler,False,r_processus>instr-1,True,,1,0,0,0,0,0,0,1,0,0,0,0,0,0,0,0,0,0,0,5,11,20,3,3,0.45454545454545453,0,3,0,1,0,0,10,0,0,0,0.0,0,0,0,0,0,0,0,0,0,0,0,0,0,0,0,0,0,0,1,0,0,0,0,0,0,0,0,0,0,1,0,210,0,1,0,7,0,1,0,1,0,0,0,0,0,1,0,1,0,1,0,3,0,0,0,0,0,0,0,0,0,500,0,0,0,0
outil de l'excaver,outil,l'excaver,de,outil,l'excaver,False,r_processus>instr-1,True,,1,0,0,0,0,0,0,0,0,0,0,0,0,0,0,0,0,0,0,5,9,18,3,3,0.5555555555555556,0,3,0,1,0,0,10,0,0,0,0.0,0,0,0,0,0,0,0,0,0,0,0,0,0,0,0,0,0,0,1,0,0,0,0,0,0,0,0,0,0,1,0,210,0,1,0,7,0,1,0,1,0,0,0,0,0,1,0,1,0,1,0,3,0,0,0,0,0,0,0,0,0,500,0,0,0,0
outil d'utiliser,outil,utiliser,d',outil,utiliser,False,r_processus>instr-1,True,,1,1,0,0,0,0,0,0,0,0,0,0,0,0,0,0,0,0,0,5,8,16,3,4,0.625,1,2,0,1,1,1,10,1,0,0,0.0,0,0,0,0,0,0,0,0,0,0,0,0,0,0,0,0,0,0,1,0,0,0,0,0,0,0,0,0,0,1,1,210,35,1,0,7,0,1,0,1,0,0,0,0,0,1,0,1,0,1,0,3,0,0,0,0,0,0,0,0,0,500,500,0,0,0
outil de l'adapter,outil,l'adapter,de,outil,l'adapter,False,r_processus>instr-1,True,,1,0,0,0,0,0,0,0,0,0,0,0,0,0,0,0,0,0,0,5,9,18,3,3,0.5555555555555556,0,3,0,1,0,0,10,0,0,0,0.0,0,0,0,0,0,0,0,0,0,0,0,0,0,0,0,0,0,0,1,0,0,0,0,0,0,0,0,0,0,1,0,210,0,1,0,7,0,1,0,1,0,0,0,0,0,1,0,1,0,1,0,3,0,0,0,0,0,0,0,0,0,500,0,0,0,0
outil d'agir,outil,agir,d',outil,agir,False,r_processus>instr-1,True,,1,1,0,0,0,0,0,0,0,0,0,0,0,0,0,0,0,0,0,5,4,12,3,2,1.25,1,2,0,1,1,1,10,10,0,0,0.0,0,0,0,0,0,0,0,0,0,0,0,0,0,0,0,0,1,0,1,0,0,0,0,0,0,0,0,0,0,1,1,210,4,1,0,7,0,1,0,1,0,0,0,0,0,1,0,1,0,1,0,3,0,0,0,0,0,0,0,0,0,500,500,0,0,0
outil de laconstruire,outil,laconstruire,de,outil,laconstruire,False,r_processus>instr-1,True,,1,0,0,1,0,0,0,0,0,0,0,0,0,0,0,0,0,0,0,5,12,21,3,5,0.4166666666666667,0,3,0,1,0,0,10,0,0,0,0.0,0,0,0,0,0,0,0,0,0,0,0,0,0,0,0,0,0,0,1,0,0,0,0,0,0,0,0,0,0,1,0,210,0,1,0,7,0,1,0,1,0,0,0,0,0,1,0,1,0,1,0,3,0,0,0,0,0,0,0,0,0,500,0,0,0,0
outil d'arranger,outil,arranger,d',outil,arranger,False,r_processus>instr-1,True,,1,1,0,0,0,0,0,0,0,0,0,0,0,0,0,0,0,0,0,5,8,16,3,3,0.625,1,2,0,1,1,1,10,1,0,0,0.0,0,0,0,0,0,0,0,0,0,0,0,0,0,0,0,0,0,0,1,0,0,0,0,0,0,0,0,0,0,1,0,210,0,1,0,7,0,1,0,1,0,0,0,0,0,1,0,1,0,1,0,3,0,0,0,0,0,0,0,0,0,500,500,0,0,0
instrument de larefaire,instrument,larefaire,de,instrument,larefaire,False,r_processus>instr-1,True,,1,0,0,1,0,0,0,0,0,0,0,0,0,0,0,0,0,0,0,10,9,23,3,5,1.1111111111111112,0,3,0,1,0,0,10,0,0,0,0.0,0,0,0,0,0,0,0,0,0,0,0,0,1,0,0,0,0,0,0,0,0,0,0,0,0,0,0,0,0,1,0,328,0,1,0,2,0,1,0,1,0,1,0,2,0,0,0,0,0,1,0,3,0,0,0,0,0,0,0,0,0,500,0,0,0,0
instrument de l'orchestrer,instrument,l'orchestrer,de,instrument,l'orchestrer,False,r_processus>instr-1,True,,1,0,0,0,0,0,0,0,0,0,0,0,0,0,0,0,0,0,1,10,12,26,3,3,0.8333333333333334,0,3,0,1,0,0,10,0,0,0,0.0,0,0,0,0,0,0,0,0,0,0,0,0,1,0,0,0,0,0,0,0,0,0,0,0,0,0,0,0,0,1,0,328,0,1,0,2,0,1,0,1,0,1,0,2,0,0,0,0,0,1,0,3,0,0,0,0,0,0,0,0,0,500,0,0,0,0
instrument de lafaire de la musique,instrument de lafaire,la musique,de,instrument de lafaire,la musique,False,r_processus>instr-1,True,,1,0,1,1,0,0,0,0,0,0,0,0,0,0,0,0,0,0,0,21,10,35,8,5,2.1,1,6,0,0,1,0,0,1,0,0,0.0,0,0,0,0,0,0,0,0,0,0,0,0,0,0,0,0,0,0,0,0,0,0,0,0,0,0,0,0,0,0,0,0,0,0,0,0,0,0,0,0,0,0,0,0,0,0,0,0,0,0,0,0,0,0,0,0,0,0,0,0,0,0,83,0,0,0
instrument dejouer de la musique,instrument dejouer,la musique,de,instrument dejouer,la musique,False,r_processus>instr-1,True,,1,0,0,1,0,0,0,0,0,0,0,0,0,0,0,0,0,0,0,18,10,32,7,5,1.8,1,5,0,0,1,0,0,1,0,0,0.0,0,0,0,0,0,0,0,0,0,0,0,0,0,0,0,0,0,0,0,0,0,0,0,0,0,0,0,0,0,0,0,0,0,0,0,0,0,0,0,0,0,0,0,0,0,0,0,0,0,0,0,0,0,0,0,0,0,0,0,0,0,0,83,0,0,0
instrument de ladiffuser de la musique,instrument de ladiffuser,la musique,de,instrument de ladiffuser,la musique,False,r_processus>instr-1,True,,1,0,0,1,0,0,0,0,0,0,0,0,0,0,0,0,0,0,0,24,10,38,8,5,2.4,1,6,0,0,1,0,0,1,0,0,0.0,0,0,0,0,0,0,0,0,0,0,0,0,0,0,0,0,0,0,0,0,0,0,0,0,0,0,0,0,0,0,0,0,0,0,0,0,0,0,0,0,0,0,0,0,0,0,0,0,0,0,0,0,0,0,0,0,0,0,0,0,0,0,83,0,0,0
appareil de laprendre,appareil,laprendre,de,appareil,laprendre,False,r_processus>instr-1,True,,1,0,0,1,0,0,0,0,0,0,0,0,0,0,0,0,0,0,0,8,9,21,4,3,0.8888888888888888,0,3,0,1,0,0,10,0,0,0,0.0,0,0,0,0,0,0,0,0,0,0,0,0,0,0,0,0,0,0,0,0,0,0,0,0,0,0,0,0,0,1,0,140,0,1,0,15,0,0,0,0,0,1,0,1,0,1,0,5,0,1,0,14,0,0,0,0,0,0,0,0,0,500,0,0,0,0
appareil d'ouïr,appareil,ouïr,d',appareil,ouïr,False,r_processus>instr-1,True,,1,1,0,0,0,0,0,0,0,0,0,0,0,0,0,0,0,0,0,8,4,15,4,3,2.0,1,2,0,1,1,1,10,0,0,0,0.0,0,0,0,0,0,0,0,0,0,0,0,0,0,0,0,0,0,0,0,0,0,0,0,0,0,0,0,0,0,1,1,140,18,1,0,15,0,0,0,0,0,1,1,1,1,1,0,5,0,1,0,14,0,0,0,0,0,0,0,0,0,500,500,0,0,0
appareil de l'enregistrer,appareil,l'enregistrer,de,appareil,l'enregistrer,False,r_processus>instr-1,True,,1,0,0,0,0,0,0,0,0,0,0,0,0,0,0,0,0,0,0,8,13,25,4,4,0.6153846153846154,0,3,0,1,0,0,10,0,0,0,0.0,0,0,0,0,0,0,0,0,0,0,0,0,0,0,0,0,0,0,0,0,0,0,0,0,0,0,0,0,0,1,0,140,0,1,0,15,0,0,0,0,0,1,0,1,0,1,0,5,0,1,0,14,0,0,0,0,0,0,0,0,0,500,0,0,0,0
appareil de l'avoir un cheveu sur la langue,appareil,l'avoir un cheveu sur la langue,de,appareil,l'avoir un cheveu sur la langue,False,r_processus>instr-1,True,,1,0,0,1,0,0,0,0,1,0,0,0,0,0,0,0,0,0,0,8,31,43,4,12,0.25806451612903225,1,8,0,1,0,0,10,0,0,0,0.0,0,0,0,0,0,0,0,0,0,0,0,0,0,0,0,0,0,0,0,0,0,0,0,0,0,0,0,0,0,1,0,140,0,1,0,15,0,0,0,0,0,1,0,1,0,1,0,5,0,1,0,14,0,0,0,0,0,0,0,0,0,500,0,0,0,0
force de lamusculaire,force,lamusculaire,de,force,lamusculaire,False,r_has_property-1,True,,0,0,1,1,0,0,0,0,0,0,0,0,0,0,0,0,0,1,0,5,12,21,2,6,0.4166666666666667,0,3,0,1,0,0,10,0,0,0,0.0,1,0,0,0,0,0,0,0,0,0,0,0,0,0,0,0,0,0,0,0,0,0,0,0,0,0,0,0,0,1,0,4,0,1,0,2,0,0,0,0,0,0,0,0,0,1,0,1,0,1,0,1,0,1,0,1,0,0,0,0,0,500,0,0,0,0
force de latranquille,force,latranquille,de,force,latranquille,False,r_has_property-1,True,,0,0,1,1,0,0,0,1,0,0,0,0,0,0,0,0,0,1,0,5,12,21,2,5,0.4166666666666667,0,3,0,1,0,0,10,0,0,0,0.0,1,0,0,0,0,0,0,0,0,0,0,0,0,0,0,0,0,0,0,0,0,0,0,0,0,0,0,0,0,1,0,4,0,1,0,2,0,0,0,0,0,0,0,0,0,1,0,1,0,1,0,1,0,1,0,1,0,0,0,0,0,500,0,0,0,0
force de lavive,force,lavive,de,force,lavive,False,r_has_property-1,True,,0,0,1,1,0,0,0,0,0,0,0,0,0,0,0,0,0,1,0,5,6,15,2,3,0.8333333333333334,0,3,0,1,0,0,10,0,0,0,0.0,1,0,0,0,0,0,0,0,0,0,0,0,0,0,0,0,0,0,0,0,0,0,0,0,0,0,0,0,0,1,0,4,0,1,0,2,0,0,0,0,0,0,0,0,0,1,0,1,0,1,0,1,0,1,0,1,0,0,0,0,0,500,0,0,0,0
force de laconjuguée,force,laconjuguée,de,force,laconjuguée,False,r_has_property-1,True,,0,0,1,1,0,0,0,0,0,0,0,0,0,0,0,0,0,1,0,5,11,20,2,6,0.45454545454545453,0,3,0,1,0,0,10,0,0,0,0.0,1,0,0,0,0,0,0,0,0,0,0,0,0,0,0,0,0,0,0,0,0,0,0,0,0,0,0,0,0,1,0,4,0,1,0,2,0,0,0,0,0,0,0,0,0,1,0,1,0,1,0,1,0,1,0,1,0,0,0,0,0,500,0,0,0,0
force de labrute,force,labrute,de,force,labrute,False,r_has_property-1,True,,0,0,1,1,0,0,0,0,0,0,0,0,0,0,0,0,0,1,0,5,7,16,2,3,0.7142857142857143,0,3,0,1,0,0,10,0,0,0,0.0,1,0,0,0,0,0,0,0,0,0,0,0,0,0,0,0,0,0,0,0,0,0,0,0,0,0,0,0,0,1,0,4,0,1,0,2,0,0,0,0,0,0,0,0,0,1,0,1,0,1,0,1,0,1,0,1,0,0,0,0,0,500,0,0,0,0
force d'hétérotrophe,force,hétérotrophe,d',force,hétérotrophe,False,r_has_property-1,True,,0,0,1,1,0,0,0,0,0,0,0,0,0,0,0,0,0,1,0,5,12,20,2,5,0.4166666666666667,1,2,0,1,1,1,10,2,0,0,0.0,1,0,0,0,0,0,0,0,0,0,0,0,0,0,0,0,0,0,0,0,0,0,0,0,0,0,0,0,0,1,0,4,0,1,0,2,0,0,0,0,0,0,0,0,0,1,0,1,0,1,0,1,0,1,1,1,454,0,0,0,0,500,500,0,0,0
force de ladonnée,force,ladonnée,de,force,ladonnée,False,r_has_property-1,True,,0,0,1,1,0,0,0,0,0,0,0,0,0,0,0,0,0,1,0,5,8,17,2,4,0.625,0,3,0,1,0,0,10,0,0,0,0.0,1,0,0,0,0,0,0,0,0,0,0,0,0,0,0,0,0,0,0,0,0,0,0,0,0,0,0,0,0,1,0,4,0,1,0,2,0,0,0,0,0,0,0,0,0,1,0,1,0,1,0,1,0,1,0,1,0,0,0,0,0,500,0,0,0,0
force de l'exercé,force,l'exercé,de,force,l'exercé,False,r_has_property-1,True,,0,0,1,0,0,0,0,0,0,0,0,0,0,0,0,0,0,1,0,5,8,17,2,3,0.625,0,3,0,1,0,0,10,0,0,0,0.0,1,0,0,0,0,0,0,0,0,0,0,0,0,0,0,0,0,0,0,0,0,0,0,0,0,0,0,0,0,1,0,4,0,1,0,2,0,0,0,0,0,0,0,0,0,1,0,1,0,1,0,1,0,1,0,1,0,0,0,0,0,500,0,0,0,0
force de l'endotherme,force,l'endotherme,de,force,l'endotherme,False,r_has_property-1,True,,0,0,1,1,0,0,0,0,0,0,0,0,0,0,0,0,0,1,0,5,12,21,2,4,0.4166666666666667,0,3,0,1,0,0,10,0,0,0,0.0,1,0,0,0,0,0,0,0,0,0,0,0,0,0,0,0,0,0,0,0,0,0,0,0,0,0,0,0,0,1,0,4,0,1,0,2,0,0,0,0,0,0,0,0,0,1,0,1,0,1,0,1,0,1,0,1,0,0,0,0,0,500,0,0,0,0
force d'électrique,force,électrique,d',force,électrique,False,r_has_property-1,True,,0,1,1,1,0,0,0,1,0,0,0,0,0,0,0,0,0,1,0,5,10,18,2,5,0.5,1,2,0,1,1,1,10,2,0,0,0.0,1,0,0,0,0,0,0,0,0,0,0,0,0,0,0,0,0,0,0,0,0,0,0,0,0,0,0,0,0,1,0,4,0,1,0,2,0,0,0,0,0,0,0,0,0,1,0,1,0,1,0,1,0,1,1,1,63,0,0,0,0,500,500,0,0,0
force de l'armée,force,l'armée,de,force,l'armée,False,r_has_property-1,True,,0,0,1,1,0,0,0,0,0,0,0,0,0,0,0,0,0,1,0,5,7,16,2,3,0.7142857142857143,0,3,0,1,1,1,10,1,0,0,0.0,1,0,0,0,0,0,0,0,0,0,0,0,0,0,0,0,0,0,0,0,0,0,0,0,0,0,0,0,0,1,1,4,16,1,1,2,1,0,0,0,0,0,0,0,0,1,1,1,1,1,0,1,0,1,0,1,0,0,0,0,0,500,91,0,0,0
force de lamusculeuse,force,lamusculeuse,de,force,lamusculeuse,False,r_has_property-1,True,,0,0,1,1,0,0,0,1,0,0,0,0,0,0,0,0,0,1,0,5,12,21,2,6,0.4166666666666667,0,3,0,1,0,0,10,0,0,0,0.0,1,0,0,0,0,0,0,0,0,0,0,0,0,0,0,0,0,0,0,0,0,0,0,0,0,0,0,0,0,1,0,4,0,1,0,2,0,0,0,0,0,0,0,0,0,1,0,1,0,1,0,1,0,1,0,1,0,0,0,0,0,500,0,0,0,0
force de lagrande,force,lagrande,de,force,lagrande,False,r_has_property-1,True,,0,0,1,1,0,0,0,0,0,0,0,0,0,0,0,0,0,1,0,5,8,17,2,3,0.625,0,3,0,1,0,0,10,0,0,0,0.0,1,0,0,0,0,0,0,0,0,0,0,0,0,0,0,0,0,0,0,0,0,0,0,0,0,0,0,0,0,1,0,4,0,1,0,2,0,0,0,0,0,0,0,0,0,1,0,1,0,1,0,1,0,1,0,1,0,0,0,0,0,500,0,0,0,0
force d'humaine,force,humaine,d',force,humaine,False,r_has_property-1,True,,0,0,1,1,0,0,0,0,0,0,0,0,0,0,0,0,0,1,0,5,7,15,2,4,0.7142857142857143,1,2,0,1,1,1,10,10,1,1,0.05263157894736842,1,1,1,0,0,0,0,0,0,0,0,0,0,0,0,0,0,0,0,1,0,0,0,0,0,0,0,0,0,1,1,4,11,1,1,2,22,0,0,0,0,0,0,0,0,1,1,1,9,1,0,1,0,1,1,1,27,0,0,0,0,500,500,0,0,0
force de lade frappe,force,lade frappe,de,force,lade frappe,False,r_has_property-1,True,,0,0,1,1,0,0,0,0,0,0,0,0,0,0,0,0,0,1,0,5,11,20,2,4,0.45454545454545453,0,4,0,1,0,0,10,0,0,0,0.0,1,0,0,0,0,0,0,0,0,0,0,0,0,0,0,0,0,0,0,0,0,0,0,0,0,0,0,0,0,1,0,4,0,1,0,2,0,0,0,0,0,0,0,0,0,1,0,1,0,1,0,1,0,1,0,1,0,0,0,0,0,500,0,0,0,0
force de lapuissante,force,lapuissante,de,force,lapuissante,False,r_has_property-1,True,,0,0,1,1,0,0,0,0,0,0,0,0,0,0,0,0,0,1,0,5,11,20,2,5,0.45454545454545453,0,3,0,1,0,0,10,0,0,0,0.0,1,0,0,0,0,0,0,0,0,0,0,0,0,0,0,0,0,0,0,0,0,0,0,0,0,0,0,0,0,1,0,4,0,1,0,2,0,0,0,0,0,0,0,0,0,1,0,1,0,1,0,1,0,1,0,1,0,0,0,0,0,500,0,0,0,0
force de labrutale,force,labrutale,de,force,labrutale,False,r_has_property-1,True,,0,0,1,1,0,0,0,1,0,0,0,0,0,0,0,0,0,1,0,5,9,18,2,4,0.5555555555555556,0,3,0,1,0,0,10,0,0,0,0.0,1,0,0,0,0,0,0,0,0,0,0,0,0,0,0,0,0,0,0,0,0,0,0,0,0,0,0,0,0,1,0,4,0,1,0,2,0,0,0,0,0,0,0,0,0,1,0,1,0,1,0,1,0,1,0,1,0,0,0,0,0,500,0,0,0,0
force de lade la nature,force,lade la nature,de,force,lade la nature,False,r_has_property-1,True,,0,0,1,1,0,0,0,0,0,0,0,0,0,0,0,0,0,1,0,5,14,23,2,6,0.35714285714285715,1,5,0,1,0,0,10,0,0,0,0.0,1,0,0,0,0,0,0,0,0,0,0,0,0,0,0,0,0,0,0,0,0,0,0,0,0,0,0,0,0,1,0,4,0,1,0,2,0,0,0,0,0,0,0,0,0,1,0,1,0,1,0,1,0,1,0,1,0,0,0,0,0,500,0,0,0,0
force de lagravitatoire,force,lagravitatoire,de,force,lagravitatoire,False,r_has_property-1,True,,0,0,1,1,0,0,0,0,0,0,0,0,0,0,0,0,0,1,0,5,14,23,2,7,0.35714285714285715,0,3,0,1,0,0,10,0,0,0,0.0,1,0,0,0,0,0,0,0,0,0,0,0,0,0,0,0,0,0,0,0,0,0,0,0,0,0,0,0,0,1,0,4,0,1,0,2,0,0,0,0,0,0,0,0,0,1,0,1,0,1,0,1,0,1,0,1,0,0,0,0,0,500,0,0,0,0
force d'attractive,force,attractive,d',force,attractive,False,r_has_property-1,True,,0,1,1,1,0,0,0,0,0,0,0,0,0,0,0,0,0,1,0,5,10,18,2,4,0.5,1,2,0,1,1,1,10,10,2,1,0.1111111111111111,1,0,0,0,0,0,0,0,0,0,0,0,0,0,0,0,0,0,0,1,0,0,0,0,0,0,0,0,0,1,0,4,0,1,0,2,0,0,0,0,0,0,0,0,0,1,0,1,0,1,0,1,0,1,1,1,225,0,0,0,0,500,500,0,0,0
force de labilatéralement symétrique,force,labilatéralement symétrique,de,force,labilatéralement symétrique,False,r_has_property-1,True,,0,0,1,1,0,0,0,1,0,0,0,0,0,0,0,0,0,1,0,5,27,36,2,12,0.18518518518518517,0,4,0,1,0,0,10,0,0,0,0.0,1,0,0,0,0,0,0,0,0,0,0,0,0,0,0,0,0,0,0,0,0,0,0,0,0,0,0,0,0,1,0,4,0,1,0,2,0,0,0,0,0,0,0,0,0,1,0,1,0,1,0,1,0,1,0,1,0,0,0,0,0,500,0,0,0,0
force de l'équivalente,force,l'équivalente,de,force,l'équivalente,False,r_has_property-1,True,,0,0,1,1,0,0,0,1,0,0,0,0,0,0,0,0,0,1,0,5,13,22,2,6,0.38461538461538464,0,3,0,1,0,0,10,0,0,0,0.0,1,0,0,0,0,0,0,0,0,0,0,0,0,0,0,0,0,0,0,0,0,0,0,0,0,0,0,0,0,1,0,4,0,1,0,2,0,0,0,0,0,0,0,0,0,1,0,1,0,1,0,1,0,1,0,1,0,0,0,0,0,500,0,0,0,0
force de l'exercée,force,l'exercée,de,force,l'exercée,False,r_has_property-1,True,,0,0,1,1,0,0,0,0,0,0,0,0,0,0,0,0,0,1,0,5,9,18,2,4,0.5555555555555556,0,3,0,1,0,0,10,0,0,0,0.0,1,0,0,0,0,0,0,0,0,0,0,0,0,0,0,0,0,0,0,0,0,0,0,0,0,0,0,0,0,1,0,4,0,1,0,2,0,0,0,0,0,0,0,0,0,1,0,1,0,1,0,1,0,1,0,1,0,0,0,0,0,500,0,0,0,0
force de lafonctionnée,force,lafonctionnée,de,force,lafonctionnée,False,r_has_property-1,True,,0,0,1,1,0,0,0,0,0,0,0,0,0,0,0,0,0,1,0,5,13,22,2,6,0.38461538461538464,0,3,0,1,0,0,10,0,0,0,0.0,1,0,0,0,0,0,0,0,0,0,0,0,0,0,0,0,0,0,0,0,0,0,0,0,0,0,0,0,0,1,0,4,0,1,0,2,0,0,0,0,0,0,0,0,0,1,0,1,0,1,0,1,0,1,0,1,0,0,0,0,0,500,0,0,0,0
intelligence de lalucide,intelligence,lalucide,de,intelligence,lalucide,False,r_has_property-1,True,,1,0,1,1,0,0,0,0,0,0,0,0,0,0,0,0,0,0,0,12,8,24,5,4,1.5,0,3,0,1,0,0,10,0,0,0,0.0,0,0,0,0,0,0,0,0,0,1,0,0,0,0,0,0,0,0,0,0,0,0,0,0,0,0,0,0,0,1,0,1,0,0,0,0,0,1,0,1,0,0,0,0,0,0,0,0,0,1,0,1,0,0,0,0,0,0,0,0,0,500,0,0,0,0
intelligence de lavariable,intelligence,lavariable,de,intelligence,lavariable,False,r_has_property-1,True,,1,0,1,1,0,0,0,1,0,0,0,0,0,0,0,0,0,0,0,12,10,26,5,5,1.2,0,3,0,1,0,0,10,0,0,0,0.0,0,0,0,0,0,0,0,0,0,1,0,0,0,0,0,0,0,0,0,0,0,0,0,0,0,0,0,0,0,1,0,1,0,0,0,0,0,1,0,1,0,0,0,0,0,0,0,0,0,1,0,1,0,0,0,0,0,0,0,0,0,500,0,0,0,0
intelligence de lafaible,intelligence,lafaible,de,intelligence,lafaible,False,r_has_property-1,True,,1,0,1,1,0,0,0,1,0,0,0,0,0,0,0,0,0,0,0,12,8,24,5,4,1.5,0,3,0,1,0,0,10,0,0,0,0.0,0,0,0,0,0,0,0,0,0,1,0,0,0,0,0,0,0,0,0,0,0,0,0,0,0,0,0,0,0,1,0,1,0,0,0,0,0,1,0,1,0,0,0,0,0,0,0,0,0,1,0,1,0,0,0,0,0,0,0,0,0,500,0,0,0,0
intelligence de l'artificielle,intelligence,l'artificielle,de,intelligence,l'artificielle,False,r_has_property-1,True,,1,0,1,1,0,0,0,1,0,0,0,0,0,0,0,0,0,0,0,12,14,30,5,6,0.8571428571428571,0,3,0,1,0,0,10,0,0,0,0.0,0,0,0,0,0,0,0,0,0,1,0,0,0,0,0,0,0,0,0,0,0,0,0,0,0,0,0,0,0,1,0,1,0,0,0,0,0,1,0,1,0,0,0,0,0,0,0,0,0,1,0,1,0,0,0,0,0,0,0,0,0,500,0,0,0,0
intelligence de l'en général,intelligence,l'en général,de,intelligence,l'en général,False,r_has_property-1,True,,1,0,1,0,0,0,0,0,0,0,0,0,0,0,0,0,0,0,0,12,12,28,5,4,1.0,0,4,0,1,0,0,10,0,0,0,0.0,0,0,0,0,0,0,0,0,0,1,0,0,0,0,0,0,0,0,0,0,0,0,0,0,0,0,0,0,0,1,0,1,0,0,0,0,0,1,0,1,0,0,0,0,0,0,0,0,0,1,0,1,0,0,0,0,0,0,0,0,0,500,0,0,0,0
intelligence de lanoble,intelligence,lanoble,de,intelligence,lanoble,False,r_has_property-1,True,,1,0,1,1,0,0,0,1,0,0,0,0,0,0,0,0,0,0,0,12,7,23,5,3,1.7142857142857142,0,3,0,1,0,0,10,0,0,0,0.0,0,0,0,0,0,0,0,0,0,1,0,0,0,0,0,0,0,0,0,0,0,0,0,0,0,0,0,0,0,1,0,1,0,0,0,0,0,1,0,1,0,0,0,0,0,0,0,0,0,1,0,1,0,0,0,0,0,0,0,0,0,500,0,0,0,0
intelligence de lastratégique,intelligence,lastratégique,de,intelligence,lastratégique,False,r_has_property-1,True,,1,0,1,1,0,0,0,0,0,0,0,0,0,0,0,0,0,0,0,12,13,29,5,6,0.9230769230769231,0,3,0,1,0,0,10,0,0,0,0.0,0,0,0,0,0,0,0,0,0,1,0,0,0,0,0,0,0,0,0,0,0,0,0,0,0,0,0,0,0,1,0,1,0,0,0,0,0,1,0,1,0,0,0,0,0,0,0,0,0,1,0,1,0,0,0,0,0,0,0,0,0,500,0,0,0,0
intelligence de lavaste,intelligence,lavaste,de,intelligence,lavaste,False,r_has_property-1,True,,1,0,1,1,0,0,0,0,0,0,0,0,0,0,0,0,0,0,0,12,7,23,5,3,1.7142857142857142,0,3,0,1,0,0,10,0,0,0,0.0,0,0,0,0,0,0,0,0,0,1,0,0,0,0,0,0,0,0,0,0,0,0,0,0,0,0,0,0,0,1,0,1,0,0,0,0,0,1,0,1,0,0,0,0,0,0,0,0,0,1,0,1,0,0,0,0,0,0,0,0,0,500,0,0,0,0
intelligence de laremarquable,intelligence,laremarquable,de,intelligence,laremarquable,False,r_has_property-1,True,,1,0,1,1,0,0,0,1,0,0,0,0,0,0,0,0,0,0,0,12,13,29,5,6,0.9230769230769231,0,3,0,1,0,0,10,0,0,0,0.0,0,0,0,0,0,0,0,0,0,1,0,0,0,0,0,0,0,0,0,0,0,0,0,0,0,0,0,0,0,1,0,1,0,0,0,0,0,1,0,1,0,0,0,0,0,0,0,0,0,1,0,1,0,0,0,0,0,0,0,0,0,500,0,0,0,0
intelligence de l'élevé,intelligence,l'élevé,de,intelligence,l'élevé,False,r_has_property-1,True,,1,0,1,0,0,0,0,1,0,0,0,0,0,0,0,0,0,0,0,12,7,23,5,3,1.7142857142857142,0,3,0,1,0,0,10,0,0,0,0.0,0,0,0,0,0,0,0,0,0,1,0,0,0,0,0,0,0,0,0,0,0,0,0,0,0,0,0,0,0,1,0,1,0,0,0,0,0,1,0,1,0,0,0,0,0,0,0,0,0,1,0,1,0,0,0,0,0,0,0,0,0,500,0,0,0,0
intelligence de lapratique,intelligence,lapratique,de,intelligence,lapratique,False,r_has_property-1,True,,1,0,1,1,0,0,0,0,0,0,0,0,0,0,0,0,0,0,0,12,10,26,5,5,1.2,0,3,0,1,0,0,10,0,0,0,0.0,0,0,0,0,0,0,0,0,0,1,0,0,0,0,0,0,0,0,0,0,0,0,0,0,0,0,0,0,0,1,0,1,0,0,0,0,0,1,0,1,0,0,0,0,0,0,0,0,0,1,0,1,0,0,0,0,0,0,0,0,0,500,0,0,0,0
intelligence de l'humaine,intelligence,l'humaine,de,intelligence,l'humaine,False,r_has_property-1,True,,1,0,1,1,0,0,0,0,0,0,0,0,0,0,0,0,0,0,0,12,9,25,5,4,1.3333333333333333,0,3,0,1,0,0,10,0,0,0,0.0,0,0,0,0,0,0,0,0,0,1,0,0,0,0,0,0,0,0,0,0,0,0,0,0,0,0,0,0,0,1,0,1,0,0,0,0,0,1,0,1,0,0,0,0,0,0,0,0,0,1,0,1,0,0,0,0,0,0,0,0,0,500,0,0,0,0
intelligence de lamesurée,intelligence,lamesurée,de,intelligence,lamesurée,False,r_has_property-1,True,,1,0,1,1,0,0,0,0,0,0,0,0,0,0,0,0,0,0,0,12,9,25,5,5,1.3333333333333333,0,3,0,1,0,0,10,0,0,0,0.0,0,0,0,0,0,0,0,0,0,1,0,0,0,0,0,0,0,0,0,0,0,0,0,0,0,0,0,0,0,1,0,1,0,0,0,0,0,1,0,1,0,0,0,0,0,0,0,0,0,1,0,1,0,0,0,0,0,0,0,0,0,500,0,0,0,0
intelligence d'aiguisée,intelligence,aiguisée,d',intelligence,aiguisée,False,r_has_property-1,True,,1,1,1,1,0,0,0,0,0,0,0,0,0,0,0,0,0,0,0,12,8,23,5,6,1.5,1,2,0,1,1,1,10,0,0,0,0.0,0,0,0,0,0,0,0,0,0,1,0,0,0,0,0,0,0,0,0,0,0,0,0,0,0,0,0,0,0,1,0,1,0,0,0,0,0,1,0,1,0,0,0,0,0,0,0,0,0,1,0,1,0,0,1,0,31,0,0,0,0,500,71,0,0,0
intelligence de l'illuminée,intelligence,l'illuminée,de,intelligence,l'illuminée,False,r_has_property-1,True,,1,0,1,1,0,0,0,0,0,0,0,0,0,0,0,0,0,0,0,12,11,27,5,5,1.0909090909090908,0,3,0,1,0,0,10,0,0,0,0.0,0,0,0,0,0,0,0,0,0,1,0,0,0,0,0,0,0,0,0,0,0,0,0,0,0,0,0,0,0,1,0,1,0,0,0,0,0,1,0,1,0,0,0,0,0,0,0,0,0,1,0,1,0,0,0,0,0,0,0,0,0,500,0,0,0,0
intelligence d'exceptionnelle,intelligence,exceptionnelle,d',intelligence,exceptionnelle,False,r_has_property-1,True,,1,1,1,1,0,0,0,1,0,0,0,0,0,0,0,0,0,0,0,12,14,29,5,6,0.8571428571428571,1,2,0,1,1,1,10,3,0,0,0.0,0,0,0,0,0,0,0,0,0,1,0,0,0,0,0,0,0,0,0,0,0,0,0,0,0,0,0,0,0,1,0,1,0,0,0,0,0,1,0,1,0,0,0,0,0,0,0,0,0,1,0,1,0,0,1,0,92,0,0,0,0,500,500,0,0,0
intelligence de lasurnaturelle,intelligence,lasurnaturelle,de,intelligence,lasurnaturelle,False,r_has_property-1,True,,1,0,1,1,0,0,0,1,0,0,0,0,0,0,0,0,0,0,0,12,14,30,5,6,0.8571428571428571,0,3,0,1,0,0,10,0,0,0,0.0,0,0,0,0,0,0,0,0,0,1,0,0,0,0,0,0,0,0,0,0,0,0,0,0,0,0,0,0,0,1,0,1,0,0,0,0,0,1,0,1,0,0,0,0,0,0,0,0,0,1,0,1,0,0,0,0,0,0,0,0,0,500,0,0,0,0
intelligence de lasimulée,intelligence,lasimulée,de,intelligence,lasimulée,False,r_has_property-1,True,,1,0,1,1,0,0,0,0,0,0,0,0,0,0,0,0,0,0,0,12,9,25,5,5,1.3333333333333333,0,3,0,1,0,0,10,0,0,0,0.0,0,0,0,0,0,0,0,0,0,1,0,0,0,0,0,0,0,0,0,0,0,0,0,0,0,0,0,0,0,1,0,1,0,0,0,0,0,1,0,1,0,0,0,0,0,0,0,0,0,1,0,1,0,0,0,0,0,0,0,0,0,500,0,0,0,0
intelligence de lastimulée,intelligence,lastimulée,de,intelligence,lastimulée,False,r_has_property-1,True,,1,0,1,1,0,0,0,0,0,0,0,0,0,0,0,0,0,0,0,12,10,26,5,5,1.2,0,3,0,1,0,0,10,0,0,0,0.0,0,0,0,0,0,0,0,0,0,1,0,0,0,0,0,0,0,0,0,0,0,0,0,0,0,0,0,0,0,1,0,1,0,0,0,0,0,1,0,1,0,0,0,0,0,0,0,0,0,1,0,1,0,0,0,0,0,0,0,0,0,500,0,0,0,0
intelligence d'émotionnelle,intelligence,émotionnelle,d',intelligence,émotionnelle,False,r_has_property-1,True,,1,1,1,1,0,0,0,1,0,0,0,0,0,0,0,0,0,0,0,12,12,27,5,6,1.0,1,2,0,1,1,1,10,1,0,0,0.0,0,0,0,0,0,0,0,0,0,1,0,0,0,0,0,0,0,0,0,0,0,0,0,0,0,0,0,0,0,1,0,1,0,0,0,0,0,1,0,1,0,0,0,0,0,0,0,0,0,1,0,1,0,0,1,0,10,0,0,0,0,500,500,0,0,0
intelligence d'embarquée,intelligence,embarquée,d',intelligence,embarquée,False,r_has_property-1,True,,1,1,1,1,0,0,0,0,0,0,0,0,0,0,0,0,0,0,0,12,9,24,5,5,1.3333333333333333,1,2,0,1,1,1,10,0,0,0,0.0,0,0,0,0,0,0,0,0,0,1,0,0,0,0,0,0,0,0,0,0,0,0,0,0,0,0,0,0,0,1,0,1,0,0,0,0,0,1,0,1,0,0,0,0,0,0,0,0,0,1,0,1,0,0,1,0,21,0,0,0,0,500,186,0,0,0
intelligence d'utilisée,intelligence,utilisée,d',intelligence,utilisée,False,r_has_property-1,True,,1,1,1,1,0,0,0,0,0,0,0,0,0,0,0,0,0,0,0,12,8,23,5,5,1.5,1,2,0,1,1,1,10,0,0,0,0.0,0,0,0,0,0,0,0,0,0,1,0,0,0,0,0,0,0,0,0,0,0,0,0,0,0,0,0,0,0,1,0,1,0,0,0,0,0,1,0,1,0,0,0,0,0,0,0,0,0,1,0,1,0,0,1,0,262,0,0,0,0,500,500,0,0,0
intelligence d'admirée,intelligence,admirée,d',intelligence,admirée,False,r_has_property-1,True,,1,1,1,1,0,0,0,0,0,0,0,0,0,0,0,0,0,0,0,12,7,22,5,4,1.7142857142857142,1,2,0,1,1,1,10,0,0,0,0.0,0,0,0,0,0,0,0,0,0,1,0,0,0,0,0,0,0,0,0,0,0,0,0,0,0,0,0,0,0,1,0,1,0,0,0,0,0,1,0,1,0,0,0,0,0,0,0,0,0,1,0,1,0,0,1,0,132,0,0,0,0,500,176,0,0,0
intelligence de l'en anglais,intelligence,l'en anglais,de,intelligence,l'en anglai,False,r_has_property-1,True,,1,0,1,0,0,0,0,0,0,0,0,0,0,0,0,0,0,0,0,12,11,28,5,4,1.0909090909090908,0,4,0,1,0,0,10,0,0,0,0.0,0,0,0,0,0,0,0,0,0,1,0,0,0,0,0,0,0,0,0,0,0,0,0,0,0,0,0,0,0,1,0,1,0,0,0,0,0,1,0,1,0,0,0,0,0,0,0,0,0,1,0,1,0,0,0,0,0,0,0,0,0,500,0,0,0,0
courage de l'exceptionnel,courage,l'exceptionnel,de,courage,l'exceptionnel,False,r_has_property-1,True,,0,0,1,0,0,0,0,0,0,0,0,0,0,0,0,0,0,0,0,7,14,25,4,5,0.5,0,3,0,1,1,1,9,0,0,0,0.0,0,0,0,0,0,0,0,0,0,1,0,0,0,0,0,0,0,0,0,0,0,0,0,0,0,0,0,0,0,0,0,0,0,0,0,0,0,0,0,0,0,0,0,0,0,1,0,1,0,1,0,5,0,0,0,0,0,0,0,0,0,500,1,0,0,0
courage de l'extraordinaire,courage,l'extraordinaire,de,courage,l'extraordinaire,False,r_has_property-1,True,,0,0,1,1,0,0,0,0,0,0,0,0,0,0,0,0,0,0,1,7,16,27,4,7,0.4375,0,3,0,1,1,1,9,0,0,0,0.0,0,0,0,0,0,0,0,0,0,1,0,0,0,0,0,0,0,0,0,0,0,0,0,0,0,0,0,0,0,0,0,0,0,0,0,0,0,0,0,0,0,0,0,0,0,1,0,1,0,1,0,5,0,0,0,0,0,0,0,0,0,500,5,0,0,0
courage de l'audacieux,courage,l'audacieux,de,courage,l'audacieu,False,r_has_property-1,True,,0,0,1,0,0,0,0,0,0,0,0,0,0,0,0,0,0,0,0,7,10,22,4,6,0.7,0,3,0,1,0,0,9,0,0,0,0.0,0,0,0,0,0,0,0,0,0,1,0,0,0,0,0,0,0,0,0,0,0,0,0,0,0,0,0,0,0,0,0,0,0,0,0,0,0,0,0,0,0,0,0,0,0,1,0,1,0,1,0,5,0,0,0,0,0,0,0,0,0,500,0,0,0,0
courage d'opposant,courage,opposant,d',courage,opposant,False,r_has_property-1,True,,0,1,1,0,0,0,0,0,0,0,0,0,0,0,0,0,0,0,0,7,8,18,4,3,0.875,1,2,0,1,1,1,9,10,0,0,0.0,0,1,0,0,0,0,0,0,0,1,0,0,0,0,0,0,0,0,0,1,0,0,0,0,0,0,0,0,0,0,1,0,6,0,1,0,60,0,0,0,0,0,0,0,0,1,1,1,29,1,1,5,5,0,1,0,2,0,0,0,0,500,500,0,0,0
sagesse de lapolitique,sagesse,lapolitique,de,sagesse,lapolitique,False,r_has_property-1,True,,0,0,1,1,0,0,0,0,0,0,0,0,0,0,0,0,0,0,0,7,11,22,3,6,0.6363636363636364,0,3,0,1,0,0,10,0,0,0,0.0,0,0,0,0,0,0,0,0,0,1,0,0,0,0,0,0,0,0,0,0,0,0,0,0,0,0,0,0,0,1,0,5,0,0,0,0,0,0,0,0,0,0,0,0,0,0,0,0,0,0,0,0,0,1,0,1,0,0,0,0,0,500,0,0,0,0
sagesse de laprofonde,sagesse,laprofonde,de,sagesse,laprofonde,False,r_has_property-1,True,,0,0,1,1,0,0,0,0,0,0,0,0,0,0,0,0,0,0,0,7,10,21,3,4,0.7,0,3,0,1,0,0,10,0,0,0,0.0,0,0,0,0,0,0,0,0,0,1,0,0,0,0,0,0,0,0,0,0,0,0,0,0,0,0,0,0,0,1,0,5,0,0,0,0,0,0,0,0,0,0,0,0,0,0,0,0,0,0,0,0,0,1,0,1,0,0,0,0,0,500,0,0,0,0
sagesse d'expérimenté,sagesse,expérimenté,d',sagesse,expérimenté,False,r_has_property-1,True,,0,1,1,0,0,0,0,0,0,0,0,0,0,0,0,0,0,0,0,7,11,21,3,5,0.6363636363636364,1,2,0,1,1,1,10,0,0,0,0.0,0,0,0,0,0,0,0,0,0,1,0,0,0,0,0,0,0,0,0,0,0,0,0,0,0,0,0,0,0,1,0,5,0,0,0,0,0,0,0,0,0,0,0,0,0,0,0,0,0,0,0,0,0,1,1,1,34,0,0,0,0,500,500,0,0,0
sagesse de lamesurée,sagesse,lamesurée,de,sagesse,lamesurée,False,r_has_property-1,True,,0,0,1,1,0,0,0,0,0,0,0,0,0,0,0,0,0,0,0,7,9,20,3,5,0.7777777777777778,0,3,0,1,0,0,10,0,0,0,0.0,0,0,0,0,0,0,0,0,0,1,0,0,0,0,0,0,0,0,0,0,0,0,0,0,0,0,0,0,0,1,0,5,0,0,0,0,0,0,0,0,0,0,0,0,0,0,0,0,0,0,0,0,0,1,0,1,0,0,0,0,0,500,0,0,0,0
sagesse de l'intemporelle,sagesse,l'intemporelle,de,sagesse,l'intemporelle,False,r_has_property-1,True,,0,0,1,1,0,0,0,1,0,0,0,0,0,0,0,0,0,0,1,7,14,25,3,5,0.5,0,3,0,1,0,0,10,0,0,0,0.0,0,0,0,0,0,0,0,0,0,1,0,0,0,0,0,0,0,0,0,0,0,0,0,0,0,0,0,0,0,1,0,5,0,0,0,0,0,0,0,0,0,0,0,0,0,0,0,0,0,0,0,0,0,1,0,1,0,0,0,0,0,500,0,0,0,0
sagesse de l'acquise,sagesse,l'acquise,de,sagesse,l'acquise,False,r_has_property-1,True,,0,0,1,1,0,0,0,0,0,0,0,0,0,0,0,0,0,0,0,7,9,20,3,4,0.7777777777777778,0,3,0,1,0,0,10,0,0,0,0.0,0,0,0,0,0,0,0,0,0,1,0,0,0,0,0,0,0,0,0,0,0,0,0,0,0,0,0,0,0,1,0,5,0,0,0,0,0,0,0,0,0,0,0,0,0,0,0,0,0,0,0,0,0,1,0,1,0,0,0,0,0,500,0,0,0,0
talent de l'indéniable,talent,l'indéniable,de,talent,l'indéniable,False,r_has_property-1,True,,0,0,0,1,0,0,0,1,0,0,0,0,0,0,0,0,0,0,0,6,12,22,2,5,0.5,0,3,0,1,0,0,10,0,0,0,0.0,1,0,0,0,0,0,0,0,0,0,0,0,0,0,0,0,0,0,1,0,0,0,0,0,0,0,0,0,0,1,0,13,0,1,0,22,0,0,0,0,0,0,0,0,0,1,0,7,0,1,0,1,0,0,0,0,0,0,0,0,0,500,0,0,0,0
talent de l'exceptionnel,talent,l'exceptionnel,de,talent,l'exceptionnel,False,r_has_property-1,True,,0,0,0,0,0,0,0,1,0,0,0,0,0,0,0,0,0,0,0,6,14,24,2,5,0.42857142857142855,0,3,0,1,1,1,10,0,0,0,0.0,1,0,0,0,0,0,0,0,0,0,0,0,0,0,0,0,0,0,1,0,0,0,0,0,0,0,0,0,0,1,0,13,0,1,0,22,0,0,0,0,0,0,0,0,0,1,0,7,0,1,0,1,0,0,0,0,0,0,0,0,0,500,1,0,0,0
talent d'offensif,talent,offensif,d',talent,offensif,False,r_has_property-1,True,,0,1,0,0,0,0,0,1,0,0,0,0,0,0,0,0,0,0,0,6,8,17,2,3,0.75,1,2,0,1,1,1,10,0,0,0,0.0,1,0,0,0,0,0,0,0,0,0,0,0,0,0,0,0,0,0,1,0,0,0,0,0,0,0,0,0,0,1,0,13,0,1,0,22,0,0,0,0,0,0,0,0,0,1,0,7,0,1,0,1,0,0,1,0,16,0,0,0,0,500,366,0,0,0
talent de l'eucaryote,talent,l'eucaryote,de,talent,l'eucaryote,False,r_has_property-1,True,,0,0,0,1,0,0,0,1,0,0,0,0,0,0,0,0,0,0,0,6,11,21,2,6,0.5454545454545454,0,3,0,1,0,0,10,0,0,0,0.0,1,0,0,0,0,0,0,0,0,0,0,0,0,0,0,0,0,0,1,0,0,0,0,0,0,0,0,0,0,1,0,13,0,1,0,22,0,0,0,0,0,0,0,0,0,1,0,7,0,1,0,1,0,0,0,0,0,0,0,0,0,500,0,0,0,0
talent d'hétérotrophe,talent,hétérotrophe,d',talent,hétérotrophe,False,r_has_property-1,True,,0,0,0,1,0,0,0,1,0,0,0,0,0,0,0,0,0,0,0,6,12,21,2,5,0.5,1,2,0,1,1,1,10,2,0,0,0.0,1,0,0,0,0,0,0,0,0,0,0,0,0,0,0,0,0,0,1,0,0,0,0,0,0,0,0,0,0,1,0,13,0,1,0,22,0,0,0,0,0,0,0,0,0,1,0,7,0,1,0,1,0,0,1,0,454,0,0,0,0,500,500,0,0,0
talent de lamédiocre,talent,lamédiocre,de,talent,lamédiocre,False,r_has_property-1,True,,0,0,0,1,0,0,0,1,0,0,0,0,0,0,0,0,0,0,0,6,10,20,2,5,0.6,0,3,0,1,0,0,10,0,0,0,0.0,1,0,0,0,0,0,0,0,0,0,0,0,0,0,0,0,0,0,1,0,0,0,0,0,0,0,0,0,0,1,0,13,0,1,0,22,0,0,0,0,0,0,0,0,0,1,0,7,0,1,0,1,0,0,0,0,0,0,0,0,0,500,0,0,0,0
talent de lavivipare,talent,lavivipare,de,talent,lavivipare,False,r_has_property-1,True,,0,0,0,1,0,0,0,1,0,0,0,0,0,0,0,0,0,0,0,6,10,20,2,5,0.6,0,3,0,1,0,0,10,0,0,0,0.0,1,0,0,0,0,0,0,0,0,0,0,0,0,0,0,0,0,0,1,0,0,0,0,0,0,0,0,0,0,1,0,13,0,1,0,22,0,0,0,0,0,0,0,0,0,1,0,7,0,1,0,1,0,0,0,0,0,0,0,0,0,500,0,0,0,0
talent de laremarquable,talent,laremarquable,de,talent,laremarquable,False,r_has_property-1,True,,0,0,0,1,0,0,0,1,0,0,0,0,0,0,0,0,0,0,0,6,13,23,2,6,0.46153846153846156,0,3,0,1,0,0,10,0,0,0,0.0,1,0,0,0,0,0,0,0,0,0,0,0,0,0,0,0,0,0,1,0,0,0,0,0,0,0,0,0,0,1,0,13,0,1,0,22,0,0,0,0,0,0,0,0,0,1,0,7,0,1,0,1,0,0,0,0,0,0,0,0,0,500,0,0,0,0
talent d'endotherme,talent,endotherme,d',talent,endotherme,False,r_has_property-1,True,,0,1,0,1,0,0,0,1,0,0,0,0,0,0,0,0,0,0,0,6,10,19,2,4,0.6,1,2,0,1,1,1,10,10,1,1,0.05263157894736842,1,0,0,0,0,0,0,0,0,0,0,0,0,0,0,0,0,0,1,1,1,0,0,0,0,0,0,0,0,1,0,13,0,1,0,22,0,0,0,0,0,0,0,0,0,1,0,7,0,1,0,1,0,0,1,0,499,0,0,0,0,500,500,0,0,0
talent de labilatéralement symétrique,talent,labilatéralement symétrique,de,talent,labilatéralement symétrique,False,r_has_property-1,True,,0,0,0,1,0,0,0,1,0,0,0,0,0,0,0,0,0,0,0,6,27,37,2,12,0.2222222222222222,0,4,0,1,0,0,10,0,0,0,0.0,1,0,0,0,0,0,0,0,0,0,0,0,0,0,0,0,0,0,1,0,0,0,0,0,0,0,0,0,0,1,0,13,0,1,0,22,0,0,0,0,0,0,0,0,0,1,0,7,0,1,0,1,0,0,0,0,0,0,0,0,0,500,0,0,0,0
talent de l'en or massif,talent,l'en or massif,de,talent,l'en or massif,False,r_has_property-1,True,,0,0,0,0,0,0,0,1,0,0,0,0,0,0,0,0,0,0,1,6,14,24,2,4,0.42857142857142855,0,5,0,1,0,0,10,0,0,0,0.0,1,0,0,0,0,0,0,0,0,0,0,0,0,0,0,0,0,0,1,0,0,0,0,0,0,0,0,0,0,1,0,13,0,1,0,22,0,0,0,0,0,0,0,0,0,1,0,7,0,1,0,1,0,0,0,0,0,0,0,0,0,500,0,0,0,0
livre d'édition,livre,édition,d',livre,édition,False,r_topic,True,,0,1,1,0,0,0,0,0,0,0,0,0,0,0,0,0,0,0,0,5,7,15,2,4,0.7142857142857143,1,2,0,1,1,1,10,10,0,0,0.0,0,1,0,0,0,0,0,0,0,0,0,0,1,0,0,0,1,0,0,0,0,0,0,0,0,0,0,0,0,1,1,7,41,1,0,23,0,1,0,3,0,1,0,49,0,1,0,3,0,1,0,26,0,0,0,0,0,0,0,0,0,500,500,0,1,1
livre de lalittérature,livre,lalittérature,de,livre,lalittérature,False,r_topic,True,,0,0,1,1,0,0,0,0,0,0,0,0,0,0,0,0,0,0,0,5,13,22,2,6,0.38461538461538464,0,3,0,1,0,0,10,0,0,0,0.0,0,0,0,0,0,0,0,0,0,0,0,0,1,0,0,0,0,0,0,0,0,0,0,0,0,0,0,0,0,1,0,7,0,1,0,23,0,1,0,3,0,1,0,49,0,1,0,3,0,1,0,26,0,0,0,0,0,0,0,0,0,500,0,0,0,0
livre de lacommerce,livre,lacommerce,de,livre,lacommerce,False,r_topic,True,,0,0,1,1,0,0,0,0,0,0,0,0,0,0,0,0,0,0,0,5,10,19,2,4,0.5,0,3,0,1,0,0,10,0,0,0,0.0,0,0,0,0,0,0,0,0,0,0,0,0,1,0,0,0,0,0,0,0,0,0,0,0,0,0,0,0,0,1,0,7,0,1,0,23,0,1,0,3,0,1,0,49,0,1,0,3,0,1,0,26,0,0,0,0,0,0,0,0,0,500,0,0,0,0
livre de latoxicomanie,livre,latoxicomanie,de,livre,latoxicomanie,False,r_topic,True,,0,0,1,1,0,0,0,0,0,0,0,0,0,0,0,0,0,0,0,5,13,22,2,7,0.38461538461538464,0,3,0,1,0,0,10,0,0,0,0.0,0,0,0,0,0,0,0,0,0,0,0,0,1,0,0,0,0,0,0,0,0,0,0,0,0,0,0,0,0,1,0,7,0,1,0,23,0,1,0,3,0,1,0,49,0,1,0,3,0,1,0,26,0,0,0,0,0,0,0,0,0,500,0,0,0,0
livre de lamusique,livre,lamusique,de,livre,lamusique,False,r_topic,True,,0,0,1,1,0,0,0,0,0,0,0,0,0,0,0,0,0,0,0,5,9,18,2,5,0.5555555555555556,0,3,0,1,0,0,10,0,0,0,0.0,0,0,0,0,0,0,0,0,0,0,0,0,1,0,0,0,0,0,0,0,0,0,0,0,0,0,0,0,0,1,0,7,0,1,0,23,0,1,0,3,0,1,0,49,0,1,0,3,0,1,0,26,0,0,0,0,0,0,0,0,0,500,0,0,0,0
livre de laFrance,livre,lafrance,de,livre,lafrance,False,r_topic,True,,0,0,1,1,0,0,0,0,0,0,0,0,0,0,0,0,0,0,0,5,8,17,2,3,0.625,0,3,0,1,0,0,10,0,0,0,0.0,0,0,0,0,0,0,0,0,0,0,0,0,1,0,0,0,0,0,0,0,0,0,0,0,0,0,0,0,0,1,0,7,0,1,0,23,0,1,0,3,0,1,0,49,0,1,0,3,0,1,0,26,0,0,0,0,0,0,0,0,0,500,0,0,0,0
livre de lavie quotidienne,livre,lavie quotidienne,de,livre,lavie quotidienne,False,r_topic,True,,0,0,1,1,0,0,0,0,0,0,0,0,0,0,0,0,0,0,0,5,17,26,2,9,0.29411764705882354,0,4,0,1,0,0,10,0,0,0,0.0,0,0,0,0,0,0,0,0,0,0,0,0,1,0,0,0,0,0,0,0,0,0,0,0,0,0,0,0,0,1,0,7,0,1,0,23,0,1,0,3,0,1,0,49,0,1,0,3,0,1,0,26,0,0,0,0,0,0,0,0,0,500,0,0,0,0
livre de ladrogue,livre,ladrogue,de,livre,ladrogue,False,r_topic,True,,0,0,1,1,0,0,0,0,0,0,0,0,0,0,0,0,0,0,0,5,8,17,2,4,0.625,0,3,0,1,0,0,10,0,0,0,0.0,0,0,0,0,0,0,0,0,0,0,0,0,1,0,0,0,0,0,0,0,0,0,0,0,0,0,0,0,0,1,0,7,0,1,0,23,0,1,0,3,0,1,0,49,0,1,0,3,0,1,0,26,0,0,0,0,0,0,0,0,0,500,0,0,0,0
livre de lamarine,livre,lamarine,de,livre,lamarine,False,r_topic,True,,0,0,1,1,0,0,0,0,0,0,0,0,0,0,0,0,0,0,0,5,8,17,2,4,0.625,0,3,0,1,0,0,10,0,0,0,0.0,0,0,0,0,0,0,0,0,0,0,0,0,1,0,0,0,0,0,0,0,0,0,0,0,0,0,0,0,0,1,0,7,0,1,0,23,0,1,0,3,0,1,0,49,0,1,0,3,0,1,0,26,0,0,0,0,0,0,0,0,0,500,0,0,0,0
livre d'unités de mesure,livre d'unités,mesure,de,livre d'unité,mesure,False,r_topic,True,,0,0,0,1,0,0,0,0,1,0,0,0,0,0,0,0,0,0,0,13,6,24,5,3,2.1666666666666665,1,4,0,0,1,0,0,10,0,0,0.0,0,0,0,0,0,0,0,0,0,0,0,0,0,0,0,0,1,0,0,0,0,0,0,0,0,0,0,0,0,0,1,0,21,0,0,0,0,0,0,0,0,0,0,0,0,0,0,0,0,0,1,0,2,0,0,0,0,0,0,0,0,0,500,0,0,0
film de laphotographie,film,laphotographie,de,film,laphotographie,False,r_topic,True,,0,0,0,1,0,0,0,0,0,0,0,0,0,0,0,0,0,0,0,4,14,22,1,6,0.2857142857142857,0,3,0,1,0,0,10,0,0,0,0.0,0,0,0,0,0,0,0,0,0,0,0,0,1,0,0,0,0,0,0,0,0,0,0,0,0,0,0,0,0,1,0,56,0,1,0,6,0,1,0,2,0,1,0,21,0,1,0,8,0,1,0,2,0,1,0,1,0,0,0,0,0,500,0,0,0,0
film de l'art,film,l'art,de,film,l'art,False,r_topic,True,,0,0,0,0,0,0,0,0,0,0,0,0,0,0,0,0,0,0,0,4,5,13,1,1,0.8,0,3,0,1,1,1,10,5,0,0,0.0,0,0,0,0,0,0,0,0,0,0,0,0,1,0,0,0,0,0,0,0,0,0,0,0,0,0,0,0,0,1,1,56,22,1,0,6,0,1,1,2,1,1,0,21,0,1,0,8,0,1,0,2,0,1,0,1,0,0,0,0,0,500,500,0,0,0
film de lachimie,film,lachimie,de,film,lachimie,False,r_topic,True,,0,0,0,1,0,0,0,0,0,0,0,0,0,0,0,0,0,0,0,4,8,16,1,4,0.5,0,3,0,1,0,0,10,0,0,0,0.0,0,0,0,0,0,0,0,0,0,0,0,0,1,0,0,0,0,0,0,0,0,0,0,0,0,0,0,0,0,1,0,56,0,1,0,6,0,1,0,2,0,1,0,21,0,1,0,8,0,1,0,2,0,1,0,1,0,0,0,0,0,500,0,0,0,0
film d'alimentation,film,alimentation,d',film,alimentation,False,r_topic,True,,0,1,0,0,0,0,0,0,0,0,0,0,0,0,0,0,0,0,0,4,12,19,1,6,0.3333333333333333,1,2,0,1,1,1,10,10,0,0,0.0,0,0,0,0,1,0,0,0,0,0,0,0,1,0,0,0,1,0,0,0,0,0,0,0,0,0,0,0,0,1,1,56,8,1,1,6,5,1,1,2,3,1,0,21,0,1,0,8,0,1,0,2,0,1,0,1,0,0,0,0,0,500,500,0,0,0
film d'artistique,film,artistique,d',film,artistique,False,r_topic,True,,0,1,0,1,0,0,0,0,0,0,0,0,0,0,0,0,0,0,0,4,10,17,1,5,0.4,1,2,0,1,1,1,10,10,0,0,0.0,0,0,0,0,0,0,0,0,0,0,0,0,1,0,0,0,0,0,0,0,0,0,0,0,0,0,0,0,0,1,0,56,0,1,0,6,0,1,0,2,0,1,0,21,0,1,0,8,0,1,0,2,0,1,1,1,32,0,0,0,0,500,500,0,0,0
film de l'emballage,film,l'emballage,de,film,l'emballage,False,r_topic,True,,0,0,0,1,0,0,0,0,0,0,0,0,0,0,0,0,0,0,0,4,11,19,1,4,0.36363636363636365,0,3,0,1,0,0,10,0,0,0,0.0,0,0,0,0,0,0,0,0,0,0,0,0,1,0,0,0,0,0,0,0,0,0,0,0,0,0,0,0,0,1,0,56,0,1,0,6,0,1,0,2,0,1,0,21,0,1,0,8,0,1,0,2,0,1,0,1,0,0,0,0,0,500,0,0,0,0
film de l'économie,film,l'économie,de,film,l'économie,False,r_topic,True,,0,0,0,1,0,0,0,0,0,0,0,0,0,0,0,0,0,0,0,4,10,18,1,5,0.4,0,3,0,1,1,1,10,0,0,0,0.0,0,0,0,0,0,0,0,0,0,0,0,0,1,0,0,0,0,0,0,0,0,0,0,0,0,0,0,0,0,1,1,56,19,1,0,6,0,1,0,2,0,1,0,21,0,1,1,8,1,1,0,2,0,1,0,1,0,0,0,0,0,500,259,0,0,0
film d'Arts,film,arts,d',film,art,False,r_topic,True,,0,1,0,0,0,0,0,0,0,0,0,0,0,0,0,0,0,0,0,4,3,11,1,1,1.3333333333333333,1,2,0,1,1,1,10,10,1,1,0.05263157894736842,0,1,0,0,0,0,0,0,0,0,0,0,1,0,0,0,1,0,0,0,0,0,0,0,0,0,0,0,0,1,1,56,11,1,0,6,0,1,0,2,0,1,1,21,1,1,0,8,0,1,0,2,0,1,0,1,0,0,0,0,0,500,500,0,0,0
film de l'artistic,film,l'artistic,de,film,l'artistic,False,r_topic,True,,0,0,0,0,0,0,0,0,0,0,0,0,0,0,0,0,0,0,0,4,10,18,1,3,0.4,0,3,0,1,0,0,10,0,0,0,0.0,0,0,0,0,0,0,0,0,0,0,0,0,1,0,0,0,0,0,0,0,0,0,0,0,0,0,0,0,0,1,0,56,0,1,0,6,0,1,0,2,0,1,0,21,0,1,0,8,0,1,0,2,0,1,0,1,0,0,0,0,0,500,0,0,0,0
film de l'humanities,film,l'humanities,de,film,l'humanitie,False,r_topic,True,,0,0,0,1,0,0,0,0,0,0,0,0,0,0,0,0,0,0,0,4,11,20,1,5,0.36363636363636365,0,3,0,1,0,0,10,0,0,0,0.0,0,0,0,0,0,0,0,0,0,0,0,0,1,0,0,0,0,0,0,0,0,0,0,0,0,0,0,0,0,1,0,56,0,1,0,6,0,1,0,2,0,1,0,21,0,1,0,8,0,1,0,2,0,1,0,1,0,0,0,0,0,500,0,0,0,0
cours d'hydrographie,cours,hydrographie,d',cour,hydrographie,False,r_topic,True,,0,0,0,1,0,0,0,0,0,0,0,0,0,0,0,0,0,0,0,4,12,20,2,5,0.3333333333333333,1,2,0,1,1,1,10,0,0,0,0.0,0,0,0,1,0,0,0,0,0,0,0,0,0,0,0,0,0,0,0,0,0,0,0,0,0,0,0,0,0,1,0,26,0,1,0,20,0,1,0,17,0,1,0,45,0,0,0,0,0,1,0,6,0,0,0,0,0,0,0,0,0,500,500,0,0,0
cours de latourisme,cours,latourisme,de,cour,latourisme,False,r_topic,True,,0,0,0,1,0,0,0,0,0,0,0,0,0,0,0,0,0,0,0,4,10,19,2,5,0.4,0,3,0,1,1,1,10,0,0,0,0.0,0,0,0,1,0,0,0,0,0,0,0,0,0,0,0,0,0,0,0,0,0,0,0,0,0,0,0,0,0,1,0,26,0,1,0,20,0,1,0,17,0,1,0,45,0,0,0,0,0,1,0,6,0,0,0,0,0,0,0,0,0,500,0,0,0,0
cours d'hôtellerie,cours,hôtellerie,d',cour,hôtellerie,False,r_topic,True,,0,0,0,1,0,0,0,1,0,0,0,0,0,0,0,0,0,0,0,4,10,18,2,5,0.4,1,2,0,1,1,1,10,2,0,0,0.0,0,0,0,1,0,0,0,0,0,0,0,0,0,0,0,0,1,0,0,0,0,0,0,0,0,0,0,0,0,1,1,26,9,1,0,20,0,1,0,17,0,1,0,45,0,0,0,0,0,1,0,6,0,0,0,0,0,0,0,0,0,500,500,0,0,0
cours de labiologie,cours,labiologie,de,cour,labiologie,False,r_topic,True,,0,0,0,1,0,0,0,0,0,0,0,0,0,0,0,0,0,0,0,4,10,19,2,6,0.4,0,3,0,1,0,0,10,0,0,0,0.0,0,0,0,1,0,0,0,0,0,0,0,0,0,0,0,0,0,0,0,0,0,0,0,0,0,0,0,0,0,1,0,26,0,1,0,20,0,1,0,17,0,1,0,45,0,0,0,0,0,1,0,6,0,0,0,0,0,0,0,0,0,500,0,0,0,0
cours de lajurisprudence,cours,lajurisprudence,de,cour,lajurisprudence,False,r_topic,True,,0,0,0,1,0,0,0,0,0,0,0,0,0,0,0,0,0,0,0,4,15,24,2,6,0.26666666666666666,0,3,0,1,0,0,10,0,0,0,0.0,0,0,0,1,0,0,0,0,0,0,0,0,0,0,0,0,0,0,0,0,0,0,0,0,0,0,0,0,0,1,0,26,0,1,0,20,0,1,0,17,0,1,0,45,0,0,0,0,0,1,0,6,0,0,0,0,0,0,0,0,0,500,0,0,0,0
cours d'hydrologie,cours,hydrologie,d',cour,hydrologie,False,r_topic,True,,0,0,0,1,0,0,0,0,0,0,0,0,0,0,0,0,0,0,0,4,10,18,2,5,0.4,1,2,0,1,1,1,10,6,0,0,0.0,0,0,0,1,0,0,0,0,0,0,0,0,0,0,0,0,0,0,0,0,0,0,0,0,0,0,0,0,0,1,1,26,7,1,0,20,0,1,0,17,0,1,0,45,0,0,0,0,0,1,0,6,0,0,0,0,0,0,0,0,0,500,500,0,0,0
cours de lacommerce,cours,lacommerce,de,cour,lacommerce,False,r_topic,True,,0,0,0,1,0,0,0,0,0,0,0,0,0,0,0,0,0,0,0,4,10,19,2,4,0.4,0,3,0,1,0,0,10,0,0,0,0.0,0,0,0,1,0,0,0,0,0,0,0,0,0,0,0,0,0,0,0,0,0,0,0,0,0,0,0,0,0,1,0,26,0,1,0,20,0,1,0,17,0,1,0,45,0,0,0,0,0,1,0,6,0,0,0,0,0,0,0,0,0,500,0,0,0,0
cours de lafinance,cours,lafinance,de,cour,lafinance,False,r_topic,True,,0,0,0,1,0,0,0,0,0,0,0,0,0,0,0,0,0,0,0,4,9,18,2,4,0.4444444444444444,0,3,0,1,0,0,10,0,0,0,0.0,0,0,0,1,0,0,0,0,0,0,0,0,0,0,0,0,0,0,0,0,0,0,0,0,0,0,0,0,0,1,0,26,0,1,0,20,0,1,0,17,0,1,0,45,0,0,0,0,0,1,0,6,0,0,0,0,0,0,0,0,0,500,0,0,0,0
cours d'eau,cours,eau,d',cour,eau,False,r_topic,True,,0,1,0,0,0,0,0,0,0,0,0,0,0,0,0,0,0,0,0,4,3,11,2,3,1.3333333333333333,1,2,0,1,1,1,10,10,0,0,0.0,0,0,0,1,0,0,0,0,0,0,0,0,0,0,0,0,0,0,0,0,0,0,0,0,0,1,0,0,0,1,1,26,10,1,1,20,12,1,1,17,58,1,1,45,18,0,1,0,8,1,1,6,39,0,0,0,0,0,0,0,0,500,500,0,0,0
cours d'enseignement,cours,enseignement,d',cour,enseignement,False,r_topic,True,,0,1,0,0,0,0,0,0,0,0,0,0,0,0,0,0,0,0,0,4,12,20,2,5,0.3333333333333333,1,2,0,1,1,1,10,8,0,0,0.0,0,0,0,1,0,0,0,0,0,0,0,0,0,0,0,0,1,0,0,0,0,0,0,0,0,0,0,0,0,1,1,26,6,1,1,20,3,1,0,17,0,1,0,45,0,0,0,0,0,1,0,6,0,0,0,0,0,0,0,0,0,500,500,0,0,0
cours de l'éducation,cours,l'éducation,de,cour,l'éducation,False,r_topic,True,,0,0,0,0,0,0,0,0,0,0,0,0,0,0,0,0,0,0,0,4,11,20,2,5,0.36363636363636365,0,3,0,1,1,1,10,2,0,0,0.0,0,0,0,1,0,0,0,0,0,0,0,0,0,0,0,0,0,0,0,0,0,0,0,0,0,0,0,0,0,1,1,26,60,1,0,20,0,1,0,17,0,1,0,45,0,0,0,0,0,1,0,6,0,0,0,0,0,0,0,0,0,500,397,0,0,0
cours de lascolaire,cours,lascolaire,de,cour,lascolaire,False,r_topic,True,,0,0,0,1,0,0,0,0,0,0,0,0,0,0,0,0,0,0,0,4,10,19,2,5,0.4,0,3,0,1,0,0,10,0,0,0,0.0,0,0,0,1,0,0,0,0,0,0,0,0,0,0,0,0,0,0,0,0,0,0,0,0,0,0,0,0,0,1,0,26,0,1,0,20,0,1,0,17,0,1,0,45,0,0,0,0,0,1,0,6,0,0,0,0,0,0,0,0,0,500,0,0,0,0
cours de l'architecture,cours,l'architecture,de,cour,l'architecture,False,r_topic,True,,0,0,0,1,0,0,0,0,0,0,0,0,0,0,0,0,0,0,0,4,14,23,2,5,0.2857142857142857,0,3,0,1,1,1,10,0,0,0,0.0,0,0,0,1,0,0,0,0,0,0,0,0,0,0,0,0,0,0,0,0,0,0,0,0,0,0,0,0,0,1,0,26,0,1,0,20,0,1,0,17,0,1,0,45,0,0,0,0,0,1,0,6,0,0,0,0,0,0,0,0,0,500,30,0,0,0
cours de l'urbanisme,cours,l'urbanisme,de,cour,l'urbanisme,False,r_topic,True,,0,0,0,1,0,0,0,0,0,0,0,0,0,0,0,0,0,0,0,4,11,20,2,4,0.36363636363636365,0,3,0,1,1,1,10,0,0,0,0.0,0,0,0,1,0,0,0,0,0,0,0,0,0,0,0,0,0,0,0,0,0,0,0,0,0,0,0,0,0,1,0,26,0,1,0,20,0,1,0,17,0,1,0,45,0,0,0,0,0,1,0,6,0,0,0,0,0,0,0,0,0,500,11,0,0,0
cours de l'économie,cours,l'économie,de,cour,l'économie,False,r_topic,True,,0,0,0,1,0,0,0,0,0,0,0,0,0,0,0,0,0,0,0,4,10,19,2,5,0.4,0,3,0,1,1,1,10,0,0,0,0.0,0,0,0,1,0,0,0,0,0,0,0,0,0,0,0,0,0,0,0,0,0,0,0,0,0,0,0,0,0,1,1,26,19,1,0,20,0,1,0,17,0,1,0,45,0,0,1,0,1,1,0,6,0,0,0,0,0,0,0,0,0,500,259,0,0,0
cours decours d'eau,decours,eau,d',decour,eau,False,r_topic,True,,0,1,0,0,0,0,0,0,0,0,0,0,0,0,0,0,0,0,0,6,3,19,3,3,2.0,1,3,0,0,1,0,0,10,0,0,0.0,0,0,0,0,0,0,0,0,0,0,0,0,0,0,0,0,0,0,0,0,0,0,0,0,0,1,0,0,0,0,1,0,10,0,1,0,12,0,1,0,58,0,1,0,18,0,1,0,8,0,1,0,39,0,0,0,0,0,0,0,0,0,500,0,0,0
cours de l'évolution,cours,l'évolution,de,cour,l'évolution,False,r_topic,True,,0,0,0,0,0,0,0,0,0,0,0,0,0,0,0,0,0,0,0,4,11,20,2,5,0.36363636363636365,0,3,0,1,1,1,10,0,0,0,0.0,0,0,0,1,0,0,0,0,0,0,0,0,0,0,0,0,0,0,0,0,0,0,0,0,0,0,0,0,0,1,1,26,102,1,0,20,0,1,0,17,0,1,0,45,0,0,0,0,0,1,0,6,0,0,0,0,0,0,0,0,0,500,200,0,0,0
cours de l'éducation nationale,cours,l'éducation nationale,de,cour,l'éducation nationale,False,r_topic,True,,0,0,0,1,0,0,0,1,0,0,0,0,0,0,0,0,0,0,0,4,21,30,2,10,0.19047619047619047,0,4,0,1,1,1,10,0,0,0,0.0,0,0,0,1,0,0,0,0,0,0,0,0,0,0,0,0,0,0,0,0,0,0,0,0,0,0,0,0,0,1,0,26,0,1,0,20,0,1,0,17,0,1,0,45,0,0,0,0,0,1,0,6,0,0,0,0,0,0,0,0,0,500,7,0,0,0
cours de l'aménagement urbain,cours,l'aménagement urbain,de,cour,l'aménagement urbain,False,r_topic,True,,0,0,0,0,0,0,0,0,0,0,0,0,0,0,0,0,0,0,0,4,20,29,2,8,0.2,0,4,0,1,0,0,10,0,0,0,0.0,0,0,0,1,0,0,0,0,0,0,0,0,0,0,0,0,0,0,0,0,0,0,0,0,0,0,0,0,0,1,0,26,0,1,0,20,0,1,0,17,0,1,0,45,0,0,0,0,0,1,0,6,0,0,0,0,0,0,0,0,0,500,0,0,0,0
cours de laministère de l'Éducation nationale,cours de laministère,l'éducation nationale,de,cours de laministère,l'éducation nationale,False,r_topic,True,,0,0,1,1,0,0,0,1,0,1,0,0,0,0,0,0,0,0,0,20,21,45,8,10,0.9523809523809523,0,6,0,0,1,0,0,0,0,0,0.0,0,0,0,0,0,0,0,0,0,0,0,0,0,0,0,0,0,0,0,0,0,0,0,0,0,0,0,0,0,0,0,0,0,0,0,0,0,0,0,0,0,0,0,0,0,0,0,0,0,0,0,0,0,0,0,0,0,0,0,0,0,0,7,0,0,0
cours deministère de l'éducation,cours deministère,l'éducation,de,cours deministère,l'éducation,False,r_topic,True,,0,0,1,0,0,0,0,0,0,0,0,0,0,0,0,0,0,0,0,17,11,32,7,5,1.5454545454545454,0,4,0,0,1,0,0,2,0,0,0.0,0,0,0,0,0,0,0,0,0,0,0,0,0,0,0,0,0,0,0,0,0,0,0,0,0,0,0,0,0,0,1,0,60,0,0,0,0,0,0,0,0,0,0,0,0,0,0,0,0,0,0,0,0,0,0,0,0,0,0,0,0,0,397,0,0,0
cours duministère de l'Éducation,cours duministère,l'éducation,de,cours duministère,l'éducation,False,r_topic,True,,0,0,1,0,0,0,0,0,0,0,0,0,0,0,0,0,0,0,0,17,11,32,7,5,1.5454545454545454,0,4,0,0,1,0,0,2,0,0,0.0,0,0,0,0,0,0,0,0,0,0,0,0,0,0,0,0,0,0,0,0,0,0,0,0,0,0,0,0,0,0,1,0,60,0,0,0,0,0,0,0,0,0,0,0,0,0,0,0,0,0,0,0,0,0,0,0,0,0,0,0,0,0,397,0,0,0
article de labotanique,article,labotanique,de,article,labotanique,False,r_topic,True,,1,0,1,1,0,0,0,1,0,0,0,0,0,0,0,0,0,0,0,7,11,22,3,6,0.6363636363636364,0,3,0,1,0,0,10,0,0,0,0.0,0,0,0,1,0,0,0,0,0,0,0,0,0,0,0,0,0,0,0,0,0,0,0,0,0,0,0,0,0,1,0,21,0,1,0,8,0,1,0,27,0,1,0,9,0,1,0,1,0,1,0,27,0,1,0,1,0,0,0,0,0,500,0,0,0,0
article de lapresse écrite,article,lapresse écrite,de,article,lapresse écrite,False,r_topic,True,,1,0,1,1,0,0,0,1,0,0,0,0,0,0,0,0,0,0,0,7,15,26,3,6,0.4666666666666667,0,4,0,1,0,0,10,0,0,0,0.0,0,0,0,1,0,0,0,0,0,0,0,0,0,0,0,0,0,0,0,0,0,0,0,0,0,0,0,0,0,1,0,21,0,1,0,8,0,1,0,27,0,1,0,9,0,1,0,1,0,1,0,27,0,1,0,1,0,0,0,0,0,500,0,0,0,0
article d'entomologie,article,entomologie,d',article,entomologie,False,r_topic,True,,1,1,1,1,0,0,0,1,0,0,0,0,0,0,0,0,0,0,0,7,11,21,3,6,0.6363636363636364,1,2,0,1,1,1,10,10,0,0,0.0,0,0,0,1,0,0,0,0,0,0,0,0,0,0,0,0,0,0,0,0,0,0,0,0,0,0,0,0,0,1,0,21,0,1,0,8,0,1,0,27,0,1,0,9,0,1,0,1,0,1,0,27,0,1,0,1,0,0,0,0,0,500,500,0,0,0
article de lagrammaire,article,lagrammaire,de,article,lagrammaire,False,r_topic,True,,1,0,1,1,0,0,0,1,0,0,0,0,0,0,0,0,0,0,0,7,11,22,3,5,0.6363636363636364,0,3,0,1,0,0,10,0,0,0,0.0,0,0,0,1,0,0,0,0,0,0,0,0,0,0,0,0,0,0,0,0,0,0,0,0,0,0,0,0,0,1,0,21,0,1,0,8,0,1,0,27,0,1,0,9,0,1,0,1,0,1,0,27,0,1,0,1,0,0,0,0,0,500,0,0,0,0
article de l'anatomie,article,l'anatomie,de,article,l'anatomie,False,r_topic,True,,1,0,1,1,0,0,0,1,0,0,0,0,0,0,0,0,0,0,0,7,10,21,3,5,0.7,0,3,0,1,1,1,10,0,0,0,0.0,0,0,0,1,0,0,0,0,0,0,0,0,0,0,0,0,0,0,0,0,0,0,0,0,0,0,0,0,0,1,0,21,0,1,0,8,0,1,0,27,0,1,0,9,0,1,0,1,0,1,0,27,0,1,0,1,0,0,0,0,0,500,25,0,0,0
article d'économie,article,économie,d',article,économie,False,r_topic,True,,1,1,1,1,0,0,0,1,0,0,0,0,0,0,0,0,0,0,0,7,8,18,3,5,0.875,1,2,0,1,1,1,10,10,0,0,0.0,0,0,0,1,0,0,0,0,0,0,0,0,0,0,0,0,0,0,0,0,0,0,0,0,0,0,0,0,0,1,1,21,1,1,1,8,1,1,0,27,0,1,0,9,0,1,0,1,0,1,1,27,1,1,0,1,0,0,0,0,0,500,500,0,0,0
article de lamédias de masse,article de lamédias,masse,de,article de lamédia,masse,False,r_topic,True,,1,0,0,1,0,0,0,1,0,0,0,0,0,0,0,0,0,0,0,18,5,28,8,2,3.6,0,5,0,0,1,0,0,10,0,0,0.0,0,0,0,0,0,0,0,0,0,0,0,0,0,1,0,0,0,0,0,0,0,0,0,0,0,1,0,0,0,0,1,0,2,0,0,0,0,0,1,0,2,0,0,0,0,0,1,0,2,0,0,0,0,0,0,0,0,0,0,0,0,0,500,0,0,0
article deMédias de masse,demédias,masse,de,demédia,masse,False,r_topic,True,,0,0,0,1,0,0,0,1,0,0,0,0,0,0,0,0,0,0,0,7,5,25,4,2,1.4,0,4,0,0,1,0,0,10,0,0,0.0,0,0,0,0,0,0,0,0,0,0,0,0,0,1,0,0,0,0,0,0,0,0,0,0,0,1,0,0,0,0,1,0,2,0,0,0,0,0,1,0,2,0,0,0,0,0,1,0,2,0,0,0,0,0,0,0,0,0,0,0,0,0,500,0,0,0
these de l'orthodontie,these,l'orthodontie,de,these,l'orthodontie,False,r_topic,True,,0,0,1,1,0,0,0,0,0,0,0,0,0,0,0,0,0,0,1,5,13,22,2,5,0.38461538461538464,0,3,0,1,0,0,0,0,0,0,0.0,0,0,0,0,0,0,0,0,0,0,0,0,0,0,0,0,0,0,0,0,0,0,0,0,0,0,0,0,0,0,0,0,0,0,0,0,0,0,0,0,0,0,0,0,0,0,0,0,0,0,0,0,0,0,0,0,0,0,0,0,0,129,0,0,0,0
etude de lamusique,etude,lamusique,de,etude,lamusique,False,r_topic,True,,1,0,1,1,0,0,0,0,0,0,0,0,0,0,0,0,0,0,0,5,9,18,3,5,0.5555555555555556,0,3,0,1,0,0,8,0,0,0,0.0,0,0,0,0,0,0,0,0,0,0,0,0,0,0,0,0,0,0,0,0,0,0,0,0,0,0,0,0,0,1,0,16,0,0,0,0,0,0,0,0,0,0,0,0,0,0,0,0,0,0,0,0,0,0,0,0,0,0,0,0,0,410,0,0,0,0
recherche d'Histoire,recherche,histoire,d',recherche,histoire,False,r_topic,True,,0,0,1,1,0,0,0,0,0,0,0,0,0,0,0,0,0,0,0,9,8,20,3,4,1.125,1,2,0,1,1,1,10,10,0,0,0.0,0,0,0,0,1,0,0,0,0,0,0,0,0,0,0,1,0,0,0,0,0,0,0,0,0,1,0,0,1,1,1,7,5,1,1,1,10,1,1,2,1,0,1,0,7,0,1,0,1,1,1,3,15,1,0,1,0,0,0,0,0,500,500,0,0,0
recherche d'art,recherche,art,d',recherche,art,False,r_topic,True,,0,1,1,0,0,0,0,0,0,0,0,0,0,0,0,0,0,0,0,9,3,15,3,1,3.0,1,2,0,1,1,1,10,10,1,1,0.05263157894736842,0,1,0,0,0,0,0,0,0,0,0,0,0,0,0,1,1,1,0,0,0,0,0,0,0,0,0,0,0,1,1,7,11,1,0,1,0,1,0,2,0,0,1,0,1,0,0,0,0,1,0,3,0,1,0,1,0,0,0,0,0,500,500,0,0,0
recherche d'astronomie,recherche,astronomie,d',recherche,astronomie,False,r_topic,True,,0,1,1,1,0,0,0,0,0,0,0,0,0,0,0,0,0,0,0,9,10,22,3,5,0.9,1,2,0,1,1,1,10,10,1,1,0.05263157894736842,0,0,0,0,0,0,0,0,0,0,0,0,0,0,0,1,1,1,0,0,0,0,0,0,0,0,0,0,0,1,1,7,3,1,0,1,0,1,1,2,1,0,0,0,0,0,0,0,0,1,0,3,0,1,0,1,0,0,0,0,0,500,500,0,1,1
recherche de labiologie,recherche,labiologie,de,recherche,labiologie,False,r_topic,True,,0,0,1,1,0,0,0,0,0,0,0,0,0,0,0,0,0,0,0,9,10,23,3,6,0.9,0,3,0,1,0,0,10,0,0,0,0.0,0,0,0,0,0,0,0,0,0,0,0,0,0,0,0,1,0,0,0,0,0,0,0,0,0,0,0,0,0,1,0,7,0,1,0,1,0,1,0,2,0,0,0,0,0,0,0,0,0,1,0,3,0,1,0,1,0,0,0,0,0,500,0,0,0,0
recherche de lasociologie,recherche,lasociologie,de,recherche,lasociologie,False,r_topic,True,,0,0,1,1,0,0,0,0,0,0,0,0,0,0,0,0,0,0,0,9,12,25,3,7,0.75,0,3,0,1,0,0,10,0,0,0,0.0,0,0,0,0,0,0,0,0,0,0,0,0,0,0,0,1,0,0,0,0,0,0,0,0,0,0,0,0,0,1,0,7,0,1,0,1,0,1,0,2,0,0,0,0,0,0,0,0,0,1,0,3,0,1,0,1,0,0,0,0,0,500,0,0,0,0
recherche de laphilosophie,recherche,laphilosophie,de,recherche,laphilosophie,False,r_topic,True,,0,0,1,1,0,0,0,0,0,0,0,0,0,0,0,0,0,0,0,9,13,26,3,6,0.6923076923076923,0,3,0,1,0,0,10,0,0,0,0.0,0,0,0,0,0,0,0,0,0,0,0,0,0,0,0,1,0,0,0,0,0,0,0,0,0,0,0,0,0,1,0,7,0,1,0,1,0,1,0,2,0,0,0,0,0,0,0,0,0,1,0,3,0,1,0,1,0,0,0,0,0,500,0,0,0,0
recherche de laphysique,recherche,laphysique,de,recherche,laphysique,False,r_topic,True,,0,0,1,1,0,0,0,0,0,0,0,0,0,0,0,0,0,0,0,9,10,23,3,5,0.9,0,3,0,1,0,0,10,0,0,0,0.0,0,0,0,0,0,0,0,0,0,0,0,0,0,0,0,1,0,0,0,0,0,0,0,0,0,0,0,0,0,1,0,7,0,1,0,1,0,1,0,2,0,0,0,0,0,0,0,0,0,1,0,3,0,1,0,1,0,0,0,0,0,500,0,0,0,0
recherche de lascience,recherche,lascience,de,recherche,lascience,False,r_topic,True,,0,0,1,1,0,0,0,0,0,0,0,0,0,0,0,0,0,0,0,9,9,22,3,4,1.0,0,3,0,1,0,0,10,0,0,0,0.0,0,0,0,0,0,0,0,0,0,0,0,0,0,0,0,1,0,0,0,0,0,0,0,0,0,0,0,0,0,1,0,7,0,1,0,1,0,1,0,2,0,0,0,0,0,0,0,0,0,1,0,3,0,1,0,1,0,0,0,0,0,500,0,0,0,0
recherche de lapharmacie,recherche,lapharmacie,de,recherche,lapharmacie,False,r_topic,True,,0,0,1,1,0,0,0,0,0,0,0,0,0,0,0,0,0,0,0,9,11,24,3,5,0.8181818181818182,0,3,0,1,0,0,10,0,0,0,0.0,0,0,0,0,0,0,0,0,0,0,0,0,0,0,0,1,0,0,0,0,0,0,0,0,0,0,0,0,0,1,0,7,0,1,0,1,0,1,0,2,0,0,0,0,0,0,0,0,0,1,0,3,0,1,0,1,0,0,0,0,0,500,0,0,0,0
recherche d'habillement,recherche,habillement,d',recherche,habillement,False,r_topic,True,,0,0,1,0,0,0,0,1,0,0,0,0,0,0,0,0,0,0,0,9,11,23,3,4,0.8181818181818182,1,2,0,1,1,1,10,1,1,1,0.1,0,0,0,0,0,0,0,0,0,0,0,0,0,0,0,1,1,1,0,0,0,0,0,0,0,0,0,0,0,1,1,7,11,1,1,1,1,1,0,2,0,0,0,0,0,0,0,0,0,1,0,3,0,1,0,1,0,0,0,0,0,500,500,0,0,0
recherche de l'archéologie,recherche,l'archéologie,de,recherche,l'archéologie,False,r_topic,True,,0,0,1,1,0,0,0,0,0,0,0,0,0,0,0,0,0,0,0,9,13,26,3,6,0.6923076923076923,0,3,0,1,1,1,10,0,0,0,0.0,0,0,0,0,0,0,0,0,0,0,0,0,0,0,0,1,0,0,0,0,0,0,0,0,0,0,0,0,0,1,0,7,0,1,0,1,0,1,0,2,0,0,0,0,0,0,0,0,0,1,0,3,0,1,0,1,0,0,0,0,0,500,3,0,0,0
recherche de lamédecine,recherche,lamédecine,de,recherche,lamédecine,False,r_topic,True,,0,0,1,1,0,0,0,0,0,0,0,0,0,0,0,0,0,0,0,9,10,23,3,5,0.9,0,3,0,1,0,0,10,0,0,0,0.0,0,0,0,0,0,0,0,0,0,0,0,0,0,0,0,1,0,0,0,0,0,0,0,0,0,0,0,0,0,1,0,7,0,1,0,1,0,1,0,2,0,0,0,0,0,0,0,0,0,1,0,3,0,1,0,1,0,0,0,0,0,500,0,0,0,0
recherche d'informatique,recherche,informatique,d',recherche,informatique,False,r_topic,True,,0,1,1,1,0,0,0,0,0,0,0,0,0,0,0,0,0,0,1,9,12,24,3,6,0.75,1,2,0,1,1,1,10,10,1,1,0.05263157894736842,0,0,0,0,0,0,0,0,0,0,0,0,0,0,0,1,0,0,0,0,0,0,0,0,0,1,0,0,0,1,1,7,1,1,1,1,2,1,1,2,1,0,1,0,1,0,0,0,0,1,0,3,0,1,1,1,2,0,0,0,0,500,500,0,0,0
recherche de lavie quotidienne,recherche,lavie quotidienne,de,recherche,lavie quotidienne,False,r_topic,True,,0,0,1,1,0,0,0,0,0,0,0,0,0,0,0,0,0,0,0,9,17,30,3,9,0.5294117647058824,0,4,0,1,0,0,10,0,0,0,0.0,0,0,0,0,0,0,0,0,0,0,0,0,0,0,0,1,0,0,0,0,0,0,0,0,0,0,0,0,0,1,0,7,0,1,0,1,0,1,0,2,0,0,0,0,0,0,0,0,0,1,0,3,0,1,0,1,0,0,0,0,0,500,0,0,0,0
recherche de lamode,recherche,lamode,de,recherche,lamode,False,r_topic,True,,0,0,1,1,0,0,0,0,0,0,0,0,0,0,0,0,0,0,0,9,6,19,3,3,1.5,0,3,0,1,0,0,10,0,0,0,0.0,0,0,0,0,0,0,0,0,0,0,0,0,0,0,0,1,0,0,0,0,0,0,0,0,0,0,0,0,0,1,0,7,0,1,0,1,0,1,0,2,0,0,0,0,0,0,0,0,0,1,0,3,0,1,0,1,0,0,0,0,0,500,0,0,0,0
recherche de l'enquête,recherche,l'enquête,de,recherche,l'enquête,False,r_topic,True,,0,0,1,1,0,0,0,0,0,0,0,0,0,0,0,0,0,0,0,9,9,22,3,4,1.0,0,3,0,1,1,1,10,7,0,0,0.0,0,0,0,0,0,0,0,0,0,0,0,0,0,0,0,1,0,0,0,0,0,0,0,0,0,0,0,0,0,1,1,7,1,1,1,1,2,1,0,2,0,0,1,0,2,0,0,0,0,1,0,3,0,1,0,1,0,0,0,0,0,500,64,0,0,0
recherche de l'histoire,recherche,l'histoire,de,recherche,l'histoire,False,r_topic,True,,0,0,1,1,0,0,0,0,0,0,0,0,0,0,0,0,0,0,0,9,10,23,3,4,0.9,0,3,0,1,1,1,10,1,0,0,0.0,0,0,0,0,0,0,0,0,0,0,0,0,0,0,0,1,0,0,0,0,0,0,0,0,0,0,0,0,0,1,1,7,276,1,0,1,0,1,0,2,0,0,0,0,0,0,0,0,0,1,0,3,0,1,0,1,0,0,0,0,0,500,500,0,0,0
recherche de l'Astronomie,recherche,l'astronomie,de,recherche,l'astronomie,False,r_topic,True,,0,0,1,1,0,0,0,0,0,0,0,0,0,0,0,0,0,0,0,9,12,25,3,5,0.75,0,3,0,1,1,1,10,2,0,0,0.0,0,0,0,0,0,0,0,0,0,0,0,0,0,0,0,1,0,0,0,0,0,0,0,0,0,0,0,0,0,1,0,7,0,1,0,1,0,1,0,2,0,0,0,0,0,0,0,0,0,1,0,3,0,1,0,1,0,0,0,0,0,500,17,0,0,0
recherche desciences de la terre,recherche desciences,la terre,de,recherche descience,la terre,False,r_topic,True,,0,0,1,1,0,0,0,0,0,0,0,0,0,0,0,0,0,0,0,19,8,32,7,3,2.375,1,5,0,0,1,0,0,10,0,0,0.0,0,0,0,0,0,0,0,0,0,0,0,0,0,0,0,0,0,0,0,0,0,0,0,0,0,0,0,0,0,0,1,0,17,0,0,0,0,0,0,0,0,0,0,0,0,0,0,0,0,0,0,0,0,0,0,0,0,0,0,0,0,0,204,0,0,0
recherche de laprocédure médicale,recherche,laprocédure médicale,de,recherche,laprocédure médicale,False,r_topic,True,,0,0,1,1,0,0,0,1,0,0,0,0,0,0,0,0,0,0,0,9,20,33,3,9,0.45,0,4,0,1,0,0,10,0,0,0,0.0,0,0,0,0,0,0,0,0,0,0,0,0,0,0,0,1,0,0,0,0,0,0,0,0,0,0,0,0,0,1,0,7,0,1,0,1,0,1,0,2,0,0,0,0,0,0,0,0,0,1,0,3,0,1,0,1,0,0,0,0,0,500,0,0,0,0
recherche de lamalade mentale,recherche,lamalade mentale,de,recherche,lamalade mentale,False,r_topic,True,,0,0,1,1,0,0,0,1,0,0,0,0,0,0,0,0,0,0,0,9,16,29,3,7,0.5625,0,4,0,1,0,0,10,0,0,0,0.0,0,0,0,0,0,0,0,0,0,0,0,0,0,0,0,1,0,0,0,0,0,0,0,0,0,0,0,0,0,1,0,7,0,1,0,1,0,1,0,2,0,0,0,0,0,0,0,0,0,1,0,3,0,1,0,1,0,0,0,0,0,500,0,0,0,0
tableau d'einstein,tableau,einstein,d',tableau,einstein,False,r_product_of,True,,0,1,0,0,0,0,0,1,0,0,0,0,0,0,0,0,0,0,0,7,8,18,4,4,0.875,1,2,0,1,1,1,10,5,0,0,0.0,0,0,0,1,0,0,0,0,0,0,0,0,1,0,0,0,0,0,0,0,0,0,0,0,0,0,0,0,0,1,0,19,0,1,0,28,0,1,0,10,0,1,0,24,0,0,0,0,0,1,0,29,0,0,0,0,0,0,0,0,0,500,500,0,0,0
livre d'hugo,livre,hugo,d',livre,hugo,False,r_product_of,True,,0,0,1,0,0,0,0,0,0,0,0,0,0,0,0,0,0,0,0,5,4,12,2,2,1.25,1,2,0,1,1,1,10,0,0,0,0.0,0,0,0,0,0,0,0,0,0,0,0,0,1,0,0,0,0,0,0,0,0,0,0,0,0,0,0,0,0,1,1,7,25,1,0,23,0,1,0,3,0,1,0,49,0,1,0,3,0,1,0,26,0,0,0,0,0,0,0,0,0,500,138,0,0,0
livre d'einstein,livre,einstein,d',livre,einstein,False,r_product_of,True,,0,1,1,0,0,0,0,0,0,0,0,0,0,0,0,0,0,0,0,5,8,16,2,4,0.625,1,2,0,1,1,1,10,5,0,0,0.0,0,0,0,0,0,0,0,0,0,0,0,0,1,0,0,0,0,0,0,0,0,0,0,0,0,0,0,0,0,1,0,7,0,1,0,23,0,1,0,3,0,1,0,49,0,1,0,3,0,1,0,26,0,0,0,0,0,0,0,0,0,500,500,0,0,0
film d'hugo,film,hugo,d',film,hugo,False,r_product_of,True,,0,0,0,0,0,0,0,0,0,0,0,0,0,0,0,0,0,0,0,4,4,11,1,2,1.0,1,2,0,1,1,1,10,0,0,0,0.0,0,0,0,0,0,0,0,0,0,0,0,0,1,0,0,0,0,0,0,0,0,0,0,0,0,0,0,0,0,1,1,56,25,1,0,6,0,1,0,2,0,1,0,21,0,1,0,8,0,1,0,2,0,1,0,1,0,0,0,0,0,500,138,0,0,0
film d'einstein,film,einstein,d',film,einstein,False,r_product_of,True,,0,1,0,0,0,0,0,0,0,0,0,0,0,0,0,0,0,0,0,4,8,15,1,4,0.5,1,2,0,1,1,1,10,5,0,0,0.0,0,0,0,0,0,0,0,0,0,0,0,0,1,0,0,0,0,0,0,0,0,0,0,0,0,0,0,0,0,1,0,56,0,1,0,6,0,1,0,2,0,1,0,21,0,1,0,8,0,1,0,2,0,1,0,1,0,0,0,0,0,500,500,0,0,0
sculpture d'hugo,sculpture,hugo,d',sculpture,hugo,False,r_product_of,True,,0,0,1,0,0,0,0,0,0,0,0,0,0,0,0,0,0,0,0,9,4,16,3,2,2.25,1,2,0,1,1,1,10,0,0,0,0.0,0,0,0,0,0,0,0,0,0,0,0,0,1,0,0,1,0,0,0,0,0,0,0,0,0,0,0,0,0,1,1,4,25,0,0,0,0,1,0,1,0,0,0,0,0,0,0,0,0,1,0,7,0,0,0,0,0,0,0,0,0,500,138,0,0,0
sculpture d'einstein,sculpture,einstein,d',sculpture,einstein,False,r_product_of,True,,0,1,1,0,0,0,0,0,0,0,0,0,0,0,0,0,0,0,0,9,8,20,3,4,1.125,1,2,0,1,1,1,10,5,0,0,0.0,0,0,0,0,0,0,0,0,0,0,0,0,1,0,0,1,0,0,0,0,0,0,0,0,0,0,0,0,0,1,0,4,0,0,0,0,0,1,0,1,0,0,0,0,0,0,0,0,0,1,0,7,0,0,0,0,0,0,0,0,0,500,500,0,0,0
opera d'hugo,opera,hugo,d',opera,hugo,False,r_product_of,True,,1,0,0,0,0,0,0,0,0,0,0,0,0,0,0,0,0,0,0,5,4,12,3,2,1.25,1,2,0,1,1,1,0,0,0,0,0.0,0,0,0,0,0,0,0,0,0,0,0,0,0,0,0,0,0,0,0,0,0,0,0,0,0,0,0,0,0,1,1,7,25,0,0,0,0,0,0,0,0,0,0,0,0,0,0,0,0,0,0,0,0,1,0,12,0,0,0,0,0,187,138,0,0,0
opera d'einstein,opera,einstein,d',opera,einstein,False,r_product_of,True,,1,1,0,0,0,0,0,0,0,0,0,0,0,0,0,0,0,0,0,5,8,16,3,4,0.625,1,2,0,1,1,1,0,5,0,0,0.0,0,0,0,0,0,0,0,0,0,0,0,0,0,0,0,0,0,0,0,0,0,0,0,0,0,0,0,0,0,1,0,7,0,0,0,0,0,0,0,0,0,0,0,0,0,0,0,0,0,0,0,0,0,1,0,12,0,0,0,0,0,187,500,0,0,0
piece d'hugo,piece,hugo,d',piece,hugo,False,r_product_of,True,,0,0,1,0,0,0,0,0,0,0,0,0,0,0,0,0,0,0,0,5,4,12,3,2,1.25,1,2,0,1,1,1,0,0,0,0,0.0,0,0,0,0,0,0,0,0,0,0,0,0,0,0,0,0,0,0,0,0,0,0,0,0,0,0,0,0,0,1,1,18,25,0,0,0,0,0,0,0,0,0,0,0,0,0,0,0,0,1,0,1,0,1,0,10,0,0,0,0,0,93,138,0,0,0
piece d'einstein,piece,einstein,d',piece,einstein,False,r_product_of,True,,0,1,1,0,0,0,0,0,0,0,0,0,0,0,0,0,0,0,0,5,8,16,3,4,0.625,1,2,0,1,1,1,0,5,0,0,0.0,0,0,0,0,0,0,0,0,0,0,0,0,0,0,0,0,0,0,0,0,0,0,0,0,0,0,0,0,0,1,0,18,0,0,0,0,0,0,0,0,0,0,0,0,0,0,0,0,0,1,0,1,0,1,0,10,0,0,0,0,0,93,500,0,0,0
oeuvre d'einstein,oeuvre,einstein,d',oeuvre,einstein,False,r_product_of,True,,1,1,1,0,0,0,0,0,0,0,0,0,0,0,0,0,0,0,0,6,8,17,4,4,0.75,1,2,0,1,1,1,10,5,0,0,0.0,0,0,0,0,0,0,0,0,0,0,0,0,1,0,0,0,0,0,0,0,0,0,0,0,0,0,0,0,0,1,0,315,0,1,0,1,0,1,0,1,0,1,0,1,0,0,0,0,0,1,0,14,0,0,0,0,0,0,0,0,0,500,500,0,0,0
invention d'hugo,invention,hugo,d',invention,hugo,False,r_product_of,True,,1,0,0,0,0,0,0,0,0,0,0,0,0,0,0,0,0,0,0,9,4,16,4,2,2.25,1,2,0,1,1,1,8,0,0,0,0.0,0,0,0,0,0,0,0,0,0,0,0,0,0,0,0,1,0,0,0,0,0,0,0,0,0,0,0,0,0,1,1,18,25,0,0,0,0,0,0,0,0,0,0,0,0,0,0,0,0,1,0,2,0,1,0,1,0,0,0,0,0,500,138,0,0,0
invention d'einstein,invention,einstein,d',invention,einstein,False,r_product_of,True,,1,1,0,0,0,0,0,0,0,0,0,0,0,0,0,0,0,0,0,9,8,20,4,4,1.125,1,2,0,1,1,1,8,5,0,0,0.0,0,0,0,0,0,0,0,0,0,0,0,0,0,0,0,1,0,0,0,0,0,0,0,0,0,0,0,0,0,1,0,18,0,0,0,0,0,0,0,0,0,0,0,0,0,0,0,0,0,1,0,2,0,1,0,1,0,0,0,0,0,500,500,0,0,0
decouverte d'einstein,decouverte,einstein,d',decouverte,einstein,False,r_product_of,True,,0,1,1,0,0,0,0,0,0,0,0,0,0,0,0,0,0,0,0,10,8,21,5,4,1.25,1,2,0,1,1,1,0,5,0,0,0.0,0,0,0,0,0,0,0,0,0,0,0,0,0,0,0,0,0,0,0,0,0,0,0,0,0,0,0,0,0,0,0,0,0,0,0,0,0,0,0,0,0,0,0,0,0,0,0,0,0,0,0,0,0,0,0,0,0,0,0,0,0,15,500,0,0,0
recette d'einstein,recette,einstein,d',recette,einstein,False,r_product_of,True,,0,1,1,0,0,0,0,0,0,0,0,0,0,0,0,0,0,0,0,7,8,18,3,4,0.875,1,2,0,1,1,1,10,5,0,0,0.0,0,0,0,0,0,0,0,0,0,0,0,0,0,0,0,1,0,0,0,0,0,0,0,0,0,0,0,0,0,1,0,57,0,1,0,4,0,1,0,3,0,1,0,1,0,0,0,0,0,1,0,7,0,0,0,0,0,0,0,0,0,500,500,0,0,0
table d'argent,table,argent,d',table,argent,False,r_objet>matiere,True,,0,1,1,0,0,0,0,1,0,0,0,0,0,0,0,0,0,0,1,5,6,14,2,2,0.8333333333333334,1,2,0,1,1,1,10,10,0,0,0.0,0,0,0,1,0,0,0,0,0,0,0,0,1,0,0,0,0,0,1,0,0,0,0,0,0,1,0,0,0,1,1,14,9,1,1,8,1,1,1,30,10,1,0,149,0,0,1,0,7,1,1,15,62,1,1,1,3,0,0,0,0,500,500,0,0,0
fenetre d'acier,fenetre,acier,d',fenetre,acier,False,r_objet>matiere,True,,0,1,1,0,0,0,0,0,0,0,0,0,0,0,0,0,0,0,0,7,5,15,3,3,1.4,1,2,0,1,1,1,1,10,0,0,0.0,0,0,0,0,0,0,0,0,0,0,0,0,0,0,0,0,0,0,0,0,0,0,0,0,0,1,0,0,0,0,1,0,3,1,1,3,1,0,1,0,33,0,0,0,0,0,0,0,0,1,1,1,2,0,0,0,0,0,0,0,0,53,500,0,0,0
fenetre d'argent,fenetre,argent,d',fenetre,argent,False,r_objet>matiere,True,,0,1,1,0,0,0,0,0,0,0,0,0,0,0,0,0,0,0,1,7,6,16,3,2,1.1666666666666667,1,2,0,1,1,1,1,10,0,0,0.0,0,0,0,0,0,0,0,0,0,0,0,0,0,0,0,0,0,0,0,0,0,0,0,0,0,1,0,0,0,0,1,0,9,1,1,3,1,0,1,0,10,0,0,0,0,0,1,0,7,1,1,1,62,0,1,0,3,0,0,0,0,53,500,0,0,0
escalier d'argent,escalier,argent,d',escalier,argent,False,r_objet>matiere,True,,1,1,0,0,0,0,0,0,0,0,0,0,0,0,0,0,0,0,1,8,6,17,4,2,1.3333333333333333,1,2,0,1,1,1,10,10,0,0,0.0,0,0,0,1,0,0,0,0,0,0,0,0,0,0,0,0,0,0,0,0,0,0,0,0,0,1,0,0,0,1,1,38,9,1,1,35,1,1,1,39,10,1,0,6,0,1,1,2,7,1,1,5,62,0,1,0,3,0,0,0,0,500,500,0,0,0
pont d'argent,pont,argent,d',pont,argent,False,r_objet>matiere,True,,0,1,0,0,0,0,0,0,0,0,0,0,0,0,0,0,0,0,1,4,6,13,1,2,0.6666666666666666,1,2,0,1,1,1,10,10,0,0,0.0,0,0,0,0,0,0,0,0,0,0,0,0,0,0,0,0,0,0,0,0,0,0,0,0,0,1,0,0,0,1,1,11,9,1,1,2,1,1,1,150,10,0,0,0,0,1,1,3,7,1,1,3,62,0,1,0,3,0,0,0,0,500,500,0,0,0
pont d'acier,pont,acier,d',pont,acier,False,r_objet>matiere,True,,0,1,0,0,0,0,0,0,0,0,0,0,0,0,0,0,0,0,0,4,5,12,1,3,0.8,1,2,0,1,1,1,10,10,0,0,0.0,0,0,0,0,0,0,0,0,0,0,0,0,0,0,0,0,0,0,0,0,0,0,0,0,0,1,0,0,0,1,1,11,3,1,1,2,1,1,1,150,33,0,0,0,0,1,0,3,0,1,1,3,2,0,0,0,0,0,0,0,0,500,500,0,0,0
statue d'or,statue,or,d',statue,or,False,r_objet>matiere,True,,0,1,1,0,0,0,0,0,0,0,0,0,0,0,0,0,0,0,1,6,2,11,3,1,3.0,1,2,0,1,1,1,10,10,1,1,0.05263157894736842,1,0,0,0,0,0,0,0,0,0,0,0,1,1,1,0,0,0,1,0,0,0,0,0,0,1,0,0,0,1,0,36,0,1,1,8,2,1,1,8,3,1,0,4,0,0,1,0,3,1,1,12,13,0,1,0,4,0,0,0,0,500,500,0,0,0
bijou d'or,bijou,or,d',bijou,or,False,r_objet>matiere,True,,0,1,0,0,0,0,0,0,0,0,0,0,0,0,0,0,0,0,1,5,2,10,3,1,2.5,1,2,0,1,1,1,10,10,1,1,0.05263157894736842,1,0,0,0,0,0,0,0,0,0,0,0,1,1,1,0,0,0,1,0,0,0,0,0,0,1,0,0,0,1,0,18,0,1,1,10,2,1,1,17,3,1,0,2,0,1,1,3,3,1,1,53,13,0,1,0,4,0,0,0,0,500,500,0,0,0
bol d'acier,bol,acier,d',bol,acier,False,r_objet>matiere,True,,0,1,0,0,0,0,0,0,0,0,0,0,0,0,0,0,0,0,0,3,5,11,1,3,0.6,1,2,0,1,1,1,10,10,0,0,0.0,0,0,0,1,0,0,0,0,0,0,0,0,1,0,0,0,0,0,0,0,0,0,0,0,0,1,0,0,0,1,1,40,3,1,1,3,1,1,1,5,33,1,0,73,0,1,0,1,0,1,1,5,2,0,0,0,0,0,0,0,0,500,500,0,0,0
bol d'or,bol,or,d',bol,or,False,r_objet>matiere,True,,0,1,0,0,0,0,0,0,0,0,0,0,0,0,0,0,0,0,1,3,2,8,1,1,1.5,1,2,0,1,1,1,10,10,1,1,0.05263157894736842,0,0,0,1,0,0,0,0,0,0,0,0,1,1,1,0,0,0,0,0,0,0,0,0,0,1,0,0,0,1,0,40,0,1,1,3,2,1,1,5,3,1,0,73,0,1,1,1,3,1,1,5,13,0,1,0,4,0,0,0,0,500,500,0,0,0
banc d'or,banc,or,d',banc,or,False,r_objet>matiere,True,,0,1,0,0,0,0,0,0,0,0,0,0,0,0,0,0,0,0,1,4,2,9,1,1,2.0,1,2,0,1,1,1,10,10,0,0,0.0,0,0,0,1,0,0,0,0,0,0,0,0,0,1,0,0,0,0,0,0,0,0,0,0,0,1,0,0,0,1,0,63,0,1,1,14,2,1,1,25,3,1,0,5,0,0,1,0,3,0,1,0,13,0,1,0,4,0,0,0,0,500,500,0,0,0
coffre d'acier,coffre,acier,d',coffre,acier,False,r_objet>matiere,True,,0,1,1,0,0,0,0,0,0,0,0,0,0,0,0,0,0,0,0,6,5,14,2,3,1.2,1,2,0,1,1,1,10,10,0,0,0.0,0,0,0,0,0,0,0,0,0,0,0,0,1,0,0,0,0,0,1,0,0,0,0,0,0,1,0,0,0,1,1,14,3,1,1,19,1,1,1,87,33,1,0,34,0,1,0,1,0,1,1,16,2,0,0,0,0,0,0,0,0,500,500,0,0,0
mur d'acier,mur,acier,d',mur,acier,False,r_objet>matiere,True,,0,1,0,0,0,0,0,0,0,0,0,0,0,0,0,0,0,0,0,3,5,11,1,3,0.6,1,2,0,1,1,1,10,10,0,0,0.0,0,0,0,1,0,0,0,0,0,0,0,0,0,0,0,0,0,0,0,0,0,0,0,0,0,1,0,0,0,1,1,10,3,1,1,16,1,1,1,39,33,1,0,50,0,1,0,9,0,1,1,31,2,0,0,0,0,0,0,0,0,500,500,0,0,0
vin d'angleterre,vin,angleterre,d',vin,angleterre,False,r_lieu>origine,True,,0,1,0,1,0,0,0,1,0,0,0,0,0,0,0,0,0,0,0,3,10,16,1,4,0.3,1,2,0,1,1,1,10,10,0,0,0.0,0,0,0,0,1,0,0,0,0,0,0,0,0,0,0,0,0,0,0,0,0,0,0,0,1,0,0,0,0,1,0,58,0,1,0,6,0,1,1,9,34,1,0,1,0,1,0,7,0,1,0,30,0,0,1,0,2,0,0,0,0,500,394,0,0,0
vin d'alsace,vin,alsace,d',vin,alsace,False,r_lieu>origine,True,,0,1,0,1,0,0,0,0,0,0,0,0,0,0,0,0,0,0,0,3,6,12,1,3,0.5,1,2,0,1,1,1,10,6,0,0,0.0,0,0,0,0,1,0,0,0,0,0,0,0,0,0,0,0,0,0,0,0,0,0,0,0,1,0,0,0,0,1,1,58,60,1,0,6,0,1,1,9,11,1,0,1,0,1,0,7,0,1,0,30,0,0,0,0,0,0,0,0,0,500,500,0,0,0
vin d'asie,vin,asie,d',vin,asie,False,r_lieu>origine,True,,0,1,0,1,0,0,0,0,0,0,0,0,0,0,0,0,0,0,0,3,4,10,1,3,0.75,1,2,0,1,1,1,10,4,0,0,0.0,0,0,0,0,1,0,0,0,0,0,0,0,0,0,0,0,0,0,0,0,0,0,0,0,1,0,0,0,0,1,1,58,36,1,0,6,0,1,0,9,0,1,1,1,3,1,0,7,0,1,0,30,0,0,0,0,0,0,0,0,0,500,500,0,0,0
fromage d'asie,fromage,asie,d',fromage,asie,False,r_lieu>origine,True,,0,1,1,1,0,0,0,0,0,0,0,0,0,0,0,0,0,0,0,7,4,14,3,3,1.75,1,2,0,1,1,1,10,4,0,0,0.0,0,0,0,0,1,0,0,0,0,0,0,0,0,0,0,0,0,0,0,0,0,0,0,0,0,0,0,0,0,1,1,84,36,1,0,1,0,1,0,5,0,1,1,2,3,1,0,5,0,1,0,11,0,0,0,0,0,0,0,0,0,500,500,0,0,0
chocolat d'espagne,chocolat,espagne,d',chocolat,espagne,False,r_lieu>origine,True,,0,1,0,1,0,0,0,0,0,0,0,0,0,0,0,0,0,0,0,8,7,18,3,3,1.1428571428571428,1,2,0,1,1,1,10,1,0,0,0.0,0,0,0,0,0,0,0,0,0,0,0,0,0,0,0,0,0,0,0,0,0,0,0,0,1,0,0,0,0,1,0,8,0,1,0,1,0,1,0,8,0,1,0,2,0,1,0,2,0,1,0,12,0,1,0,1,0,0,0,0,0,500,500,0,0,0
chocolat d'asie,chocolat,asie,d',chocolat,asie,False,r_lieu>origine,True,,0,1,0,1,0,0,0,0,0,0,0,0,0,0,0,0,0,0,0,8,4,15,3,3,2.0,1,2,0,1,1,1,10,4,0,0,0.0,0,0,0,0,1,0,0,0,0,0,0,0,0,0,0,0,0,0,0,0,0,0,0,0,1,0,0,0,0,1,1,8,36,1,0,1,0,1,0,8,0,1,1,2,3,1,0,2,0,1,0,12,0,1,0,1,0,0,0,0,0,500,500,0,0,0
parfum d'alsace,parfum,alsace,d',parfum,alsace,False,r_lieu>origine,True,,0,1,0,1,0,0,0,0,0,0,0,0,0,0,0,0,0,0,0,6,6,15,2,3,1.0,1,2,0,1,1,1,10,6,0,0,0.0,0,0,0,0,1,0,0,0,0,0,0,0,0,0,0,0,0,0,0,0,0,0,0,0,1,0,0,0,0,1,1,17,60,1,0,1,0,1,1,3,11,1,0,2,0,1,0,7,0,1,0,24,0,0,0,0,0,0,0,0,0,500,500,0,0,0
voiture d'italie,voiture,italie,d',voiture,italie,False,r_lieu>origine,True,,0,1,1,1,0,0,0,0,0,0,0,0,0,0,0,0,0,0,0,7,6,16,4,4,1.1666666666666667,1,2,0,1,1,1,10,3,0,0,0.0,0,0,0,0,0,0,0,0,0,0,0,0,1,0,0,0,0,0,0,0,0,0,0,0,0,0,0,0,0,1,1,8,2,1,1,36,1,1,1,12,6,1,0,43,0,1,0,25,0,1,0,60,0,1,0,1,0,0,0,0,0,500,500,0,0,0
voiture d'espagne,voiture,espagne,d',voiture,espagne,False,r_lieu>origine,True,,0,1,1,1,0,0,0,0,0,0,0,0,0,0,0,0,0,0,0,7,7,17,4,3,1.0,1,2,0,1,1,1,10,1,0,0,0.0,0,0,0,0,0,0,0,0,0,0,0,0,1,0,0,0,0,0,0,0,0,0,0,0,0,0,0,0,0,1,0,8,0,1,0,36,0,1,0,12,0,1,0,43,0,1,0,25,0,1,0,60,0,1,0,1,0,0,0,0,0,500,500,0,0,0
montre d'europe,montre,europe,d',montre,europe,False,r_lieu>origine,True,,0,1,1,1,0,0,0,0,0,0,0,0,0,0,0,0,0,0,0,6,6,15,2,4,1.0,1,2,0,1,1,1,10,8,0,0,0.0,0,0,0,0,0,0,1,0,0,0,0,0,1,0,0,0,0,0,0,0,0,0,0,0,0,0,0,0,0,1,1,30,7,1,1,22,2,1,1,2,11,1,0,16,0,1,0,8,0,1,1,17,3,0,0,0,0,0,0,0,0,500,500,0,0,0
biere d'europe,biere,europe,d',biere,europe,False,r_lieu>origine,True,,0,1,1,1,0,0,0,0,0,0,0,0,0,0,0,0,0,0,0,5,6,14,3,4,0.8333333333333334,1,2,0,1,1,1,1,8,0,0,0.0,0,0,0,0,0,0,0,0,0,0,0,0,0,0,0,0,0,0,0,0,0,0,0,0,0,0,0,0,0,1,1,1,7,0,1,0,2,0,1,0,11,0,0,0,0,0,0,0,0,0,1,0,3,0,0,0,0,0,0,0,0,13,500,0,0,0
biere d'afrique,biere,afrique,d',biere,afrique,False,r_lieu>origine,True,,0,1,1,1,0,0,0,0,0,0,0,0,0,0,0,0,0,0,0,5,7,15,3,4,0.7142857142857143,1,2,0,1,1,1,1,3,0,0,0.0,0,0,0,0,1,0,0,0,0,0,0,0,0,0,0,0,0,0,0,0,0,0,0,0,0,0,0,0,0,1,1,1,10,0,0,0,0,0,0,0,0,0,1,0,2,0,0,0,0,0,0,0,0,0,0,0,0,0,0,0,0,13,500,0,0,0
biere d'alsace,biere,alsace,d',biere,alsace,False,r_lieu>origine,True,,0,1,1,1,0,0,0,0,0,0,0,0,0,0,0,0,0,0,0,5,6,14,3,3,0.8333333333333334,1,2,0,1,1,1,1,6,0,0,0.0,0,0,0,0,1,0,0,0,0,0,0,0,0,0,0,0,0,0,0,0,0,0,0,0,0,0,0,0,0,1,1,1,60,0,0,0,0,0,1,0,11,0,0,0,0,0,0,0,0,0,0,0,0,0,0,0,0,0,0,0,0,13,500,0,0,0
biere d'amerique,biere,amerique,d',biere,amerique,False,r_lieu>origine,True,,0,1,1,1,0,0,0,0,0,0,0,0,0,0,0,0,0,0,0,5,8,16,3,5,0.625,1,2,0,1,1,1,1,0,0,0,0.0,0,0,0,0,0,0,0,0,0,0,0,0,0,0,0,0,0,0,0,0,0,0,0,0,0,0,0,0,0,1,1,1,14,0,0,0,0,0,0,0,0,0,1,0,4,0,0,0,0,0,0,0,0,0,0,0,0,0,0,0,0,13,107,0,0,0
the d'europe,the,europe,d',the,europe,False,r_lieu>origine,True,,0,1,1,1,0,0,0,0,0,0,0,0,0,0,0,0,0,0,0,3,6,12,1,4,0.5,1,2,0,1,1,1,5,8,0,0,0.0,0,0,0,0,0,0,0,0,0,0,0,0,0,0,0,0,0,0,0,0,0,0,0,0,0,0,0,0,0,1,1,31,7,0,1,0,2,0,1,0,11,0,0,0,0,0,0,0,0,0,1,0,3,1,0,155,0,0,0,0,0,500,500,0,0,0
huile d'afrique,huile,afrique,d',huile,afrique,False,r_lieu>origine,True,,0,1,1,1,0,0,0,1,0,0,0,0,0,0,0,0,0,0,0,5,7,15,3,4,0.7142857142857143,1,2,0,1,1,1,10,3,0,0,0.0,1,0,0,0,1,0,0,0,0,0,0,0,0,0,0,0,0,0,0,0,0,0,0,0,1,0,0,0,0,1,1,10,10,1,0,1,0,1,0,21,0,1,1,2,2,1,0,1,0,1,0,8,0,0,0,0,0,0,0,0,0,500,500,0,0,0
huile d'alsace,huile,alsace,d',huile,alsace,False,r_lieu>origine,True,,0,1,1,1,0,0,0,1,0,0,0,0,0,0,0,0,0,0,0,5,6,14,3,3,0.8333333333333334,1,2,0,1,1,1,10,6,0,0,0.0,1,0,0,0,1,0,0,0,0,0,0,0,0,0,0,0,0,0,0,0,0,0,0,0,1,0,0,0,0,1,1,10,60,1,0,1,0,1,1,21,11,1,0,2,0,1,0,1,0,1,0,8,0,0,0,0,0,0,0,0,0,500,500,0,0,0
huile d'italie,huile,italie,d',huile,italie,False,r_lieu>origine,True,,0,1,1,1,0,0,0,1,0,0,0,0,0,0,0,0,0,0,0,5,6,14,3,4,0.8333333333333334,1,2,0,1,1,1,10,3,0,0,0.0,1,0,0,0,0,0,0,0,0,0,0,0,0,0,0,0,0,0,0,0,0,0,0,0,1,0,0,0,0,1,1,10,2,1,1,1,1,1,1,21,6,1,0,2,0,1,0,1,0,1,0,8,0,0,0,0,0,0,0,0,0,500,500,0,0,0
jambon d'afrique,jambon,afrique,d',jambon,afrique,False,r_lieu>origine,True,,0,1,0,1,0,0,0,0,0,0,0,0,0,0,0,0,0,0,0,6,7,16,2,4,0.8571428571428571,1,2,0,1,1,1,10,3,0,0,0.0,0,0,0,0,1,0,0,0,0,0,0,0,0,0,0,0,0,0,0,0,0,0,0,0,0,0,0,0,0,1,1,31,10,1,0,3,0,1,0,10,0,1,1,1,2,0,0,0,0,1,0,19,0,0,0,0,0,0,0,0,0,500,500,0,0,0
jambon d'europe,jambon,europe,d',jambon,europe,False,r_lieu>origine,True,,0,1,0,1,0,0,0,0,0,0,0,0,0,0,0,0,0,0,0,6,6,15,2,4,1.0,1,2,0,1,1,1,10,8,0,0,0.0,0,0,0,0,0,0,0,0,0,0,0,0,0,0,0,0,0,0,0,0,0,0,0,0,0,0,0,0,0,1,1,31,7,1,1,3,2,1,1,10,11,1,0,1,0,0,0,0,0,1,1,19,3,0,0,0,0,0,0,0,0,500,500,0,0,0
jambon d'amerique,jambon,amerique,d',jambon,amerique,False,r_lieu>origine,True,,0,1,0,1,0,0,0,0,0,0,0,0,0,0,0,0,0,0,0,6,8,17,2,5,0.75,1,2,0,1,1,1,10,0,0,0,0.0,0,0,0,0,0,0,0,0,0,0,0,0,0,0,0,0,0,0,0,0,0,0,0,0,0,0,0,0,0,1,1,31,14,1,0,3,0,1,0,10,0,1,1,1,4,0,0,0,0,1,0,19,0,0,0,0,0,0,0,0,0,500,107,0,0,0
jambon d'espagne,jambon,espagne,d',jambon,espagne,False,r_lieu>origine,True,,0,1,0,1,0,0,0,0,0,0,0,0,0,0,0,0,0,0,0,6,7,16,2,3,0.8571428571428571,1,2,0,1,1,1,10,1,0,0,0.0,0,0,0,0,0,0,0,0,0,0,0,0,0,0,0,0,0,0,0,0,0,0,0,0,0,0,0,0,0,1,0,31,0,1,0,3,0,1,0,10,0,1,0,1,0,0,0,0,0,1,0,19,0,0,0,0,0,0,0,0,0,500,500,0,0,0
saucisson d'alsace,saucisson,alsace,d',saucisson,alsace,False,r_lieu>origine,True,,0,1,0,1,0,0,0,0,0,0,0,0,0,0,0,0,0,0,0,9,6,18,4,3,1.5,1,2,0,1,1,1,10,6,0,0,0.0,1,0,0,0,1,0,0,0,0,0,0,0,0,0,0,0,0,0,0,0,0,0,0,0,0,0,0,0,0,1,1,54,60,0,0,0,0,1,1,1,11,0,0,0,0,0,0,0,0,1,0,18,0,0,0,0,0,0,0,0,0,500,500,0,0,0
moutarde d'alsace,moutarde,alsace,d',moutarde,alsace,False,r_lieu>origine,True,,0,1,1,1,0,0,0,0,0,0,0,0,0,0,0,0,0,0,0,8,6,17,4,3,1.3333333333333333,1,2,0,1,1,1,10,6,0,0,0.0,0,0,0,0,1,0,0,0,0,0,0,0,0,0,0,0,0,0,0,0,0,1,0,0,0,0,0,0,0,1,1,3,60,1,0,7,0,1,1,9,11,0,0,0,0,1,0,7,0,1,0,1,0,0,0,0,0,0,0,0,0,500,500,0,0,0
champagne d'italie,champagne,italie,d',champagne,italie,False,r_lieu>origine,True,,0,1,1,1,0,0,0,0,0,0,0,0,0,0,0,0,0,0,0,9,6,18,3,4,1.5,1,2,0,1,1,1,10,3,0,0,0.0,0,0,0,0,0,0,0,0,0,0,0,0,0,0,0,0,0,0,0,0,0,0,0,0,0,0,0,0,0,1,1,2,2,1,1,7,1,0,1,0,6,1,0,5,0,1,0,7,0,1,0,26,0,0,0,0,0,0,0,0,0,500,500,0,0,0
cognac d'italie,cognac,italie,d',cognac,italie,False,r_lieu>origine,True,,0,1,0,1,0,0,0,0,0,0,0,0,0,0,0,0,0,0,0,6,6,15,2,4,1.0,1,2,0,1,1,1,10,3,0,0,0.0,0,0,0,0,0,0,0,0,0,0,0,0,0,0,0,0,0,0,0,0,0,0,0,0,1,0,0,0,0,1,1,2,2,0,1,0,1,1,1,4,6,1,0,2,0,0,0,0,0,1,0,2,0,0,0,0,0,0,0,0,0,500,500,0,0,0
cognac d'afrique,cognac,afrique,d',cognac,afrique,False,r_lieu>origine,True,,0,1,0,1,0,0,0,0,0,0,0,0,0,0,0,0,0,0,0,6,7,16,2,4,0.8571428571428571,1,2,0,1,1,1,10,3,0,0,0.0,0,0,0,0,1,0,0,0,0,0,0,0,0,0,0,0,0,0,0,0,0,0,0,0,1,0,0,0,0,1,1,2,10,0,0,0,0,1,0,4,0,1,1,2,2,0,0,0,0,1,0,2,0,0,0,0,0,0,0,0,0,500,500,0,0,0
cidre d'italie,cidre,italie,d',cidre,italie,False,r_lieu>origine,True,,0,1,1,1,0,0,0,0,0,0,0,0,0,0,0,0,0,0,0,5,6,14,2,4,0.8333333333333334,1,2,0,1,1,1,10,3,0,0,0.0,0,0,0,0,0,0,0,0,0,0,0,0,0,0,0,0,0,0,0,0,0,0,0,0,0,0,0,0,0,1,1,13,2,1,1,1,1,0,1,0,6,1,0,2,0,1,0,2,0,1,0,2,0,0,0,0,0,0,0,0,0,500,500,0,0,0
cidre d'asie,cidre,asie,d',cidre,asie,False,r_lieu>origine,True,,0,1,1,1,0,0,0,0,0,0,0,0,0,0,0,0,0,0,0,5,4,12,2,3,1.25,1,2,0,1,1,1,10,4,0,0,0.0,0,0,0,0,1,0,0,0,0,0,0,0,0,0,0,0,0,0,0,0,0,0,0,0,0,0,0,0,0,1,1,13,36,1,0,1,0,0,0,0,0,1,1,2,3,1,0,2,0,1,0,2,0,0,0,0,0,0,0,0,0,500,500,0,0,0
cidre d'angleterre,cidre,angleterre,d',cidre,angleterre,False,r_lieu>origine,True,,0,1,1,1,0,0,0,1,0,0,0,0,0,0,0,0,0,0,0,5,10,18,2,4,0.5,1,2,0,1,1,1,10,10,0,0,0.0,0,0,0,0,1,0,0,0,0,0,0,0,0,0,0,0,0,0,0,0,0,0,0,0,0,0,0,0,0,1,0,13,0,1,0,1,0,0,1,0,34,1,0,2,0,1,0,2,0,1,0,2,0,0,1,0,2,0,0,0,0,500,394,0,0,0
calvados d'espagne,calvados,espagne,d',calvado,espagne,False,r_lieu>origine,True,,0,1,0,1,0,0,0,0,0,0,0,0,0,0,0,0,0,0,0,7,7,18,3,3,1.0,1,2,0,0,1,0,0,1,0,0,0.0,0,0,0,0,0,0,0,0,0,0,0,0,0,0,0,0,0,0,0,0,0,0,0,0,0,0,0,0,0,0,0,0,0,0,0,0,0,0,0,0,0,0,0,0,0,0,0,0,0,0,0,0,0,0,0,0,0,0,0,0,0,0,500,0,0,0
calvados d'amerique,calvados,amerique,d',calvado,amerique,False,r_lieu>origine,True,,0,1,0,1,0,0,0,0,0,0,0,0,0,0,0,0,0,0,0,7,8,19,3,5,0.875,1,2,0,0,1,0,0,0,0,0,0.0,0,0,0,0,0,0,0,0,0,0,0,0,0,0,0,0,0,0,0,0,0,0,0,0,0,0,0,0,0,0,1,0,14,0,0,0,0,0,0,0,0,0,1,0,4,0,0,0,0,0,0,0,0,0,0,0,0,0,0,0,0,0,107,0,0,0
calvados d'italie,calvados,italie,d',calvado,italie,False,r_lieu>origine,True,,0,1,0,1,0,0,0,0,0,0,0,0,0,0,0,0,0,0,0,7,6,17,3,4,1.1666666666666667,1,2,0,0,1,0,0,3,0,0,0.0,0,0,0,0,0,0,0,0,0,0,0,0,0,0,0,0,0,0,0,0,0,0,0,0,0,0,0,0,0,0,1,0,2,0,1,0,1,0,1,0,6,0,0,0,0,0,0,0,0,0,0,0,0,0,0,0,0,0,0,0,0,0,500,0,0,0
livre d'isabelle,livre,isabelle,d',livre,isabelle,False,r_own-1,True,,0,1,1,1,0,0,0,1,0,0,0,0,0,0,0,0,0,0,0,5,8,16,2,4,0.625,1,2,0,1,1,1,10,10,0,0,0.0,0,0,0,0,0,0,0,0,0,0,0,0,1,0,0,0,0,0,0,1,0,0,0,0,0,0,0,0,0,1,1,7,1,1,1,23,62,1,1,3,6,1,0,49,0,1,1,3,14,1,0,26,0,0,1,0,2,0,0,0,0,500,500,0,0,0
livre d'antoine,livre,antoine,d',livre,antoine,False,r_own-1,True,,0,1,1,1,0,0,0,0,0,0,0,0,0,0,0,0,0,0,0,5,7,15,2,4,0.7142857142857143,1,2,0,1,1,1,10,0,0,0,0.0,0,0,0,0,0,0,0,0,0,0,0,0,1,0,0,0,0,0,0,0,0,0,0,0,0,0,0,0,0,1,0,7,0,1,0,23,0,1,0,3,0,1,0,49,0,1,0,3,0,1,0,26,0,0,0,0,0,0,0,0,0,500,149,0,0,0
voiture d'henri,voiture,henri,d',voiture,henri,False,r_own-1,True,,0,0,1,0,0,0,0,0,0,0,0,0,0,0,0,0,0,0,0,7,5,15,4,2,1.4,1,2,0,1,1,1,10,0,0,0,0.0,0,0,0,0,0,0,0,0,0,0,0,0,1,0,0,0,0,0,0,0,0,0,0,0,0,0,0,0,0,1,1,8,63,1,0,36,0,1,0,12,0,1,0,43,0,1,0,25,0,1,0,60,0,1,1,1,2,0,0,0,0,500,384,0,0,0
maison d'henri,maison,henri,d',maison,henri,False,r_own-1,True,,0,0,0,0,0,0,0,0,0,0,0,1,0,0,0,0,0,0,0,6,5,14,3,2,1.2,1,2,0,1,1,1,10,0,0,0,0.0,0,0,0,0,0,0,0,0,0,0,0,0,0,0,0,0,0,0,0,0,0,0,0,0,0,0,0,0,0,1,1,6,63,1,0,67,0,1,0,13,0,1,0,139,0,1,0,1,0,1,0,37,0,1,1,3,2,0,0,0,0,500,384,0,0,0
chien d'isabelle,chien,isabelle,d',chien,isabelle,False,r_own-1,True,,0,1,0,1,0,0,0,1,0,0,0,0,0,0,0,0,0,0,0,5,8,16,2,4,0.625,1,2,0,1,1,1,10,10,1,1,0.05263157894736842,0,0,0,0,0,0,0,0,0,0,0,0,0,0,0,0,0,0,1,1,1,0,0,0,0,0,0,0,0,1,1,260,1,1,1,34,62,1,1,1,6,1,0,5,0,1,1,38,14,1,0,21,0,0,1,0,2,0,0,0,0,500,500,0,0,0
chat d'isabelle,chat,isabelle,d',chat,isabelle,False,r_own-1,True,,0,1,0,1,0,0,0,1,0,0,0,0,0,0,0,0,0,0,0,4,8,15,1,4,0.5,1,2,0,1,1,1,10,10,0,0,0.0,0,0,0,0,0,0,0,0,0,0,0,0,1,0,0,0,0,0,0,1,0,0,0,0,0,0,0,0,0,1,1,50,1,1,1,20,62,0,1,0,6,1,0,16,0,1,1,61,14,1,0,25,0,1,1,1,2,0,0,0,0,500,500,0,0,0
velo d'antoine,velo,antoine,d',velo,antoine,False,r_own-1,True,,0,1,0,1,0,0,0,0,0,0,0,0,0,0,0,0,0,0,0,4,7,14,2,4,0.5714285714285714,1,2,0,1,1,1,1,0,0,0,0.0,0,0,0,0,0,0,0,0,0,0,0,0,0,0,0,0,0,0,0,0,0,0,0,0,0,0,0,0,0,1,0,4,0,0,0,0,0,0,0,0,0,0,0,0,0,0,0,0,0,1,0,2,0,1,0,1,0,0,0,0,0,46,149,0,0,0
velo d'henri,velo,henri,d',velo,henri,False,r_own-1,True,,0,0,0,0,0,0,0,0,0,0,0,0,0,0,0,0,0,0,0,4,5,12,2,2,0.8,1,2,0,1,1,1,1,0,0,0,0.0,0,0,0,0,0,0,0,0,0,0,0,0,0,0,0,0,0,0,0,0,0,0,0,0,0,0,0,0,0,1,1,4,63,0,0,0,0,0,0,0,0,0,0,0,0,0,0,0,0,1,0,2,0,1,1,1,2,0,0,0,0,46,384,0,0,0
telephone d'antoine,telephone,antoine,d',telephone,antoine,False,r_own-1,True,,0,1,1,1,0,0,0,1,0,0,0,0,0,0,0,0,0,0,0,9,7,19,4,4,1.2857142857142858,1,2,0,1,1,1,0,0,0,0,0.0,0,0,0,0,0,0,0,0,0,0,0,0,0,0,0,0,0,0,0,0,0,0,0,0,0,0,0,0,0,0,0,0,0,1,0,1,0,0,0,0,0,0,0,0,0,0,0,0,0,0,0,0,0,1,0,1,0,0,0,0,0,40,149,0,0,0
telephone d'henri,telephone,henri,d',telephone,henri,False,r_own-1,True,,0,0,1,0,0,0,0,1,0,0,0,0,0,0,0,0,0,0,0,9,5,17,4,2,1.8,1,2,0,1,1,1,0,0,0,0,0.0,0,0,0,0,0,0,0,0,0,0,0,0,0,0,0,0,0,0,0,0,0,0,0,0,0,0,0,0,0,0,1,0,63,1,0,1,0,0,0,0,0,0,0,0,0,0,0,0,0,0,0,0,0,1,1,1,2,0,0,0,0,40,384,0,0,0
telephone d'andre,telephone,andre,d',telephone,andre,False,r_own-1,True,,0,1,1,1,0,0,0,1,0,0,0,0,0,0,0,0,0,0,0,9,5,17,4,2,1.8,1,2,0,1,1,1,0,1,0,0,0.0,0,0,0,0,0,0,0,0,0,0,0,0,0,0,0,0,0,0,0,0,0,0,0,0,0,0,0,0,0,0,1,0,2,1,0,1,0,0,0,0,0,0,0,0,0,0,0,0,0,0,0,0,0,1,0,1,0,0,0,0,0,40,11,0,0,0
ordinateur d'anne,ordinateur,anne,d',ordinateur,anne,False,r_own-1,True,,1,1,0,1,0,0,0,0,0,0,0,0,0,0,0,0,0,1,0,10,4,17,5,2,2.5,1,2,0,1,1,1,10,0,0,0,0.0,1,0,0,0,0,0,0,0,0,0,0,0,1,0,0,0,0,0,0,0,0,0,0,0,0,0,0,0,0,1,1,18,10,1,0,32,0,1,0,2,0,1,0,36,0,0,0,0,0,1,0,16,0,0,0,0,0,0,0,0,0,500,136,0,0,0
ordinateur d'antoine,ordinateur,antoine,d',ordinateur,antoine,False,r_own-1,True,,1,1,0,1,0,0,0,0,0,0,0,0,0,0,0,0,0,1,0,10,7,20,5,4,1.4285714285714286,1,2,0,1,1,1,10,0,0,0,0.0,1,0,0,0,0,0,0,0,0,0,0,0,1,0,0,0,0,0,0,0,0,0,0,0,0,0,0,0,0,1,0,18,0,1,0,32,0,1,0,2,0,1,0,36,0,0,0,0,0,1,0,16,0,0,0,0,0,0,0,0,0,500,149,0,0,0
ordinateur d'andre,ordinateur,andre,d',ordinateur,andre,False,r_own-1,True,,1,1,0,1,0,0,0,0,0,0,0,0,0,0,0,0,0,1,0,10,5,18,5,2,2.0,1,2,0,1,1,1,10,1,0,0,0.0,1,0,0,0,0,0,0,0,0,0,0,0,1,0,0,0,0,0,0,0,0,0,0,0,0,0,0,0,0,1,1,18,2,1,0,32,0,1,0,2,0,1,0,36,0,0,0,0,0,1,0,16,0,0,0,0,0,0,0,0,0,500,11,0,0,0
sac d'anne,sac,anne,d',sac,anne,False,r_own-1,True,,0,1,0,1,0,0,0,0,0,0,0,0,0,0,0,0,0,0,0,3,4,10,1,2,0.75,1,2,0,1,1,1,10,0,0,0,0.0,0,0,0,1,0,0,0,0,0,0,0,0,1,0,0,0,0,0,0,0,0,0,0,0,0,0,0,0,0,1,1,20,10,1,0,19,0,1,0,9,0,1,0,121,0,1,0,1,0,1,0,21,0,0,0,0,0,0,0,0,0,500,136,0,0,0
montre d'isabelle,montre,isabelle,d',montre,isabelle,False,r_own-1,True,,0,1,1,1,0,0,0,1,0,0,0,0,0,0,0,0,0,0,0,6,8,17,2,4,0.75,1,2,0,1,1,1,10,10,0,0,0.0,0,0,0,0,0,0,1,0,0,0,0,0,1,0,0,0,0,0,0,1,0,0,0,0,0,0,0,0,0,1,1,30,1,1,1,22,62,1,1,2,6,1,0,16,0,1,1,8,14,1,0,17,0,0,1,0,2,0,0,0,0,500,500,0,0,0
chapeau d'isabelle,chapeau,isabelle,d',chapeau,isabelle,False,r_own-1,True,,0,1,0,1,0,0,0,1,0,0,0,0,0,0,0,0,0,0,0,7,8,18,4,4,0.875,1,2,0,1,1,1,10,10,0,0,0.0,0,0,0,0,0,0,0,0,0,0,0,0,1,0,0,0,0,0,0,1,0,0,0,0,0,0,0,0,0,1,1,70,1,1,1,1,62,1,1,26,6,0,0,0,0,1,1,1,14,1,0,6,0,0,1,0,2,0,0,0,0,500,500,0,0,0
bureau d'isabelle,bureau,isabelle,d',bureau,isabelle,False,r_own-1,True,,0,1,0,1,0,0,0,1,0,0,0,1,0,0,0,0,0,0,0,6,8,17,4,4,0.75,1,2,0,1,1,1,10,10,0,0,0.0,0,0,0,1,0,0,0,0,0,0,0,0,1,0,0,0,0,0,0,1,0,0,0,0,0,0,0,0,0,1,1,3,1,1,1,23,62,1,1,15,6,1,0,149,0,1,1,2,14,1,0,7,0,0,1,0,2,0,0,0,0,500,500,0,0,0
appartement d'andre,appartement,andre,d',appartement,andre,False,r_own-1,True,,1,1,0,1,0,0,0,0,0,0,0,1,0,0,0,0,0,0,0,11,5,19,4,2,2.2,1,2,0,1,1,1,10,1,0,0,0.0,0,0,0,1,0,0,0,0,0,0,0,0,0,0,0,0,0,0,0,0,0,0,0,0,0,0,0,0,0,1,1,14,2,1,0,66,0,1,0,5,0,1,0,99,0,1,0,1,0,1,0,27,0,0,0,0,0,0,0,0,0,500,11,0,0,0
appartement d'henri,appartement,henri,d',appartement,henri,False,r_own-1,True,,1,0,0,0,0,0,0,0,0,0,0,1,0,0,0,0,0,0,0,11,5,19,4,2,2.2,1,2,0,1,1,1,10,0,0,0,0.0,0,0,0,1,0,0,0,0,0,0,0,0,0,0,0,0,0,0,0,0,0,0,0,0,0,0,0,0,0,1,1,14,63,1,0,66,0,1,0,5,0,1,0,99,0,1,0,1,0,1,0,27,0,0,1,0,2,0,0,0,0,500,384,0,0,0
bateau d'anne,bateau,anne,d',bateau,anne,False,r_own-1,True,,0,1,0,1,0,0,0,0,0,0,0,0,0,0,0,0,0,0,0,6,4,13,4,2,1.5,1,2,0,1,1,1,10,0,0,0,0.0,0,0,0,0,0,0,0,0,0,0,0,0,0,0,0,1,0,0,0,0,0,0,0,0,0,0,0,0,0,1,1,7,10,1,0,17,0,1,0,7,0,1,0,14,0,1,0,11,0,1,0,8,0,1,0,1,0,0,0,0,0,500,136,0,0,0
bateau d'andre,bateau,andre,d',bateau,andre,False,r_own-1,True,,0,1,0,1,0,0,0,0,0,0,0,0,0,0,0,0,0,0,0,6,5,14,4,2,1.2,1,2,0,1,1,1,10,1,0,0,0.0,0,0,0,0,0,0,0,0,0,0,0,0,0,0,0,1,0,0,0,0,0,0,0,0,0,0,0,0,0,1,1,7,2,1,0,17,0,1,0,7,0,1,0,14,0,1,0,11,0,1,0,8,0,1,0,1,0,0,0,0,0,500,11,0,0,0
bateau d'henri,bateau,henri,d',bateau,henri,False,r_own-1,True,,0,0,0,0,0,0,0,0,0,0,0,0,0,0,0,0,0,0,0,6,5,14,4,2,1.2,1,2,0,1,1,1,10,0,0,0,0.0,0,0,0,0,0,0,0,0,0,0,0,0,0,0,0,1,0,0,0,0,0,0,0,0,0,0,0,0,0,1,1,7,63,1,0,17,0,1,0,7,0,1,0,14,0,1,0,11,0,1,0,8,0,1,1,1,2,0,0,0,0,500,384,0,0,0
bateau d'isabelle,bateau,isabelle,d',bateau,isabelle,False,r_own-1,True,,0,1,0,1,0,0,0,1,0,0,0,0,0,0,0,0,0,0,0,6,8,17,4,4,0.75,1,2,0,1,1,1,10,10,0,0,0.0,0,0,0,0,0,0,0,0,0,0,0,0,0,0,0,1,0,0,0,1,0,0,0,0,0,0,0,0,0,1,1,7,1,1,1,17,62,1,1,7,6,1,0,14,0,1,1,11,14,1,0,8,0,1,1,1,2,0,0,0,0,500,500,0,0,0
piano d'antoine,piano,antoine,d',piano,antoine,False,r_own-1,True,,0,1,0,1,0,0,0,0,0,0,0,0,0,0,0,0,0,0,0,5,7,15,3,4,0.7142857142857143,1,2,0,1,1,1,10,0,0,0,0.0,0,0,0,1,0,0,0,0,0,0,0,0,1,0,0,0,0,0,0,0,0,0,0,0,0,0,0,0,0,1,0,3,0,1,0,3,0,1,0,2,0,1,0,3,0,0,0,0,0,1,0,7,0,0,0,0,0,0,0,0,0,500,149,0,0,0
soeur d'antoine,soeur,antoine,d',soeur,antoine,False,r_social_tie,True,,0,1,0,1,0,0,0,0,0,1,0,0,0,0,0,0,0,0,0,5,7,15,3,4,0.7142857142857143,1,2,0,1,1,1,10,0,0,0,0.0,1,0,0,0,0,0,0,0,0,0,0,0,0,0,0,0,0,0,1,0,0,0,0,0,0,0,0,0,0,1,0,30,0,1,0,31,0,1,0,3,0,0,0,0,0,1,0,85,0,1,0,10,0,0,0,0,0,0,0,0,0,500,149,0,0,0
professeur d'antoine,professeur,antoine,d',professeur,antoine,False,r_social_tie,True,,0,1,0,1,0,0,0,0,0,1,0,0,0,0,0,0,0,0,0,10,7,20,4,4,1.4285714285714286,1,2,0,1,1,1,10,0,0,0,0.0,1,0,0,0,0,0,0,0,0,0,0,0,0,0,0,0,0,0,0,0,0,0,0,0,0,0,0,0,0,1,0,13,0,0,0,0,0,1,0,10,0,0,0,0,0,1,0,111,0,1,0,11,0,0,0,0,0,0,0,0,0,500,149,0,0,0
employe d'anne,employe,anne,d',employe,anne,False,r_social_tie,True,,1,1,1,1,0,0,0,0,0,0,0,0,0,0,0,0,0,0,0,7,4,14,4,2,1.75,1,2,0,1,1,1,0,0,0,0,0.0,0,0,0,0,0,0,0,0,0,0,0,0,0,0,0,0,0,0,0,0,0,0,0,0,0,0,0,0,0,1,1,1,10,0,0,0,0,0,0,0,0,0,0,0,0,0,0,0,0,0,0,0,0,0,0,0,0,0,0,0,0,18,136,0,0,0
employe d'henri,employe,henri,d',employe,henri,False,r_social_tie,True,,1,0,1,0,0,0,0,0,0,0,0,0,0,0,0,0,0,0,0,7,5,15,4,2,1.4,1,2,0,1,1,1,0,0,0,0,0.0,0,0,0,0,0,0,0,0,0,0,0,0,0,0,0,0,0,0,0,0,0,0,0,0,0,0,0,0,0,1,1,1,63,0,0,0,0,0,0,0,0,0,0,0,0,0,0,0,0,0,0,0,0,0,1,0,2,0,0,0,0,18,384,0,0,0
collegue d'isabelle,collegue,isabelle,d',collegue,isabelle,False,r_social_tie,True,,0,1,1,1,0,0,0,1,0,0,0,0,0,0,0,0,0,0,0,8,8,19,4,4,1.0,1,2,0,1,1,1,0,10,0,0,0.0,0,0,0,0,0,0,0,0,0,0,0,0,0,0,0,0,0,0,0,1,0,0,0,0,0,0,0,0,0,0,1,0,1,0,1,0,62,0,1,0,6,0,0,0,0,0,1,0,14,0,0,0,0,0,1,0,2,0,0,0,0,7,500,0,0,0
collegue d'antoine,collegue,antoine,d',collegue,antoine,False,r_social_tie,True,,0,1,1,1,0,0,0,1,0,0,0,0,0,0,0,0,0,0,0,8,7,18,4,4,1.1428571428571428,1,2,0,1,1,1,0,0,0,0,0.0,0,0,0,0,0,0,0,0,0,0,0,0,0,0,0,0,0,0,0,0,0,0,0,0,0,0,0,0,0,0,0,0,0,0,0,0,0,0,0,0,0,0,0,0,0,0,0,0,0,0,0,0,0,0,0,0,0,0,0,0,0,7,149,0,0,0
voisin d'isabelle,voisin,isabelle,d',voisin,isabelle,False,r_social_tie,True,,0,1,0,1,0,0,0,1,0,1,0,0,0,0,0,0,0,0,0,6,8,17,3,4,0.75,1,2,0,1,1,1,10,10,3,1,0.17647058823529413,1,0,0,0,0,0,0,0,0,0,0,0,0,0,0,0,0,0,1,1,1,0,0,0,0,0,0,0,0,1,1,2,1,1,1,12,62,0,1,0,6,1,0,1,0,1,1,85,14,1,0,57,0,1,1,1,2,0,0,0,0,500,500,0,0,0
voisin d'antoine,voisin,antoine,d',voisin,antoine,False,r_social_tie,True,,0,1,0,1,0,0,0,0,0,1,0,0,0,0,0,0,0,0,0,6,7,16,3,4,0.8571428571428571,1,2,0,1,1,1,10,0,0,0,0.0,1,0,0,0,0,0,0,0,0,0,0,0,0,0,0,0,0,0,1,0,0,0,0,0,0,0,0,0,0,1,0,2,0,1,0,12,0,0,0,0,0,1,0,1,0,1,0,85,0,1,0,57,0,1,0,1,0,0,0,0,0,500,149,0,0,0
eleve d'henri,eleve,henri,d',eleve,henri,False,r_social_tie,True,,1,0,1,0,0,0,0,1,0,0,0,0,0,0,0,0,0,0,0,5,5,13,3,2,1.0,1,2,0,1,1,1,0,0,0,0,0.0,0,0,0,0,0,0,0,0,0,0,0,0,0,0,0,0,0,0,0,0,0,0,0,0,0,0,0,0,0,0,1,0,63,0,0,0,0,0,0,0,0,0,0,0,0,0,0,0,0,0,0,0,0,0,1,0,2,0,0,0,0,7,384,0,0,0
patient d'anne,patient,anne,d',patient,anne,False,r_social_tie,True,,0,1,0,1,0,0,0,0,0,0,0,0,0,0,0,0,0,0,0,7,4,14,3,2,1.75,1,2,0,1,1,1,10,0,0,0,0.0,1,0,0,0,0,0,0,0,0,0,0,0,0,0,0,0,0,0,1,0,0,0,0,0,0,0,0,0,0,1,1,2,10,1,0,25,0,1,0,1,0,0,0,0,0,1,0,26,0,1,0,27,0,1,0,8,0,0,0,0,0,500,136,0,0,0
oncle d'anne,oncle,anne,d',oncle,anne,False,r_social_tie,True,,1,1,1,1,0,0,0,1,0,0,0,0,0,0,0,0,0,0,0,5,4,12,2,2,1.25,1,2,0,1,1,1,10,0,0,0,0.0,1,0,0,0,0,0,0,0,0,0,0,0,0,0,0,0,0,0,1,0,0,0,0,0,0,0,0,0,0,1,1,18,10,1,0,38,0,1,0,5,0,0,0,0,0,1,0,31,0,0,0,0,0,1,0,2,0,0,0,0,0,500,136,0,0,0
oncle d'isabelle,oncle,isabelle,d',oncle,isabelle,False,r_social_tie,True,,1,1,1,1,0,0,0,1,0,0,0,0,0,0,0,0,0,0,0,5,8,16,2,4,0.625,1,2,0,1,1,1,10,10,1,1,0.05263157894736842,1,0,0,0,0,0,0,0,0,0,0,0,0,0,0,0,0,0,1,1,1,0,0,0,0,0,0,0,0,1,1,18,1,1,1,38,62,1,1,5,6,0,0,0,0,1,1,31,14,0,0,0,0,1,1,2,2,0,0,0,0,500,500,0,0,0
ami d'henri,ami,henri,d',ami,henri,False,r_social_tie,True,,1,0,0,0,0,0,0,0,0,1,0,0,0,0,0,0,0,0,0,3,5,11,2,2,0.6,1,2,0,1,1,1,10,0,0,0,0.0,1,0,0,0,0,0,0,0,0,0,0,0,0,0,0,0,0,0,1,0,0,0,0,0,0,0,0,0,0,1,1,8,63,1,0,24,0,0,0,0,0,1,0,1,0,1,0,126,0,1,0,67,0,1,1,1,2,0,0,0,0,500,384,0,0,0
ami d'anne,ami,anne,d',ami,anne,False,r_social_tie,True,,1,1,0,1,0,0,0,0,0,1,0,0,0,0,0,0,0,0,0,3,4,10,2,2,0.75,1,2,0,1,1,1,10,0,0,0,0.0,1,0,0,0,0,0,0,0,0,0,0,0,0,0,0,0,0,0,1,0,0,0,0,0,0,0,0,0,0,1,1,8,10,1,0,24,0,0,0,0,0,1,0,1,0,1,0,126,0,1,0,67,0,1,0,1,0,0,0,0,0,500,136,0,0,0
pere d'isabelle,pere,isabelle,d',pere,isabelle,False,r_social_tie,True,,0,1,1,1,0,0,0,1,0,0,0,0,0,0,0,0,0,0,0,4,8,15,2,4,0.5,1,2,0,1,1,1,0,10,0,0,0.0,0,0,0,0,0,0,0,0,0,0,0,0,0,0,0,0,0,0,0,1,0,0,0,0,0,0,0,0,0,1,1,3,1,0,1,0,62,0,1,0,6,0,0,0,0,1,1,1,14,0,0,0,0,1,1,1,2,0,0,0,0,44,500,0,0,0
pere d'henri,pere,henri,d',pere,henri,False,r_social_tie,True,,0,0,1,0,0,0,0,0,0,0,0,0,0,0,0,0,0,0,0,4,5,12,2,2,0.8,1,2,0,1,1,1,0,0,0,0,0.0,0,0,0,0,0,0,0,0,0,0,0,0,0,0,0,0,0,0,0,0,0,0,0,0,0,0,0,0,0,1,1,3,63,0,0,0,0,0,0,0,0,0,0,0,0,1,0,1,0,0,0,0,0,1,1,1,2,0,0,0,0,44,384,0,0,0
pere d'anne,pere,anne,d',pere,anne,False,r_social_tie,True,,0,1,1,1,0,0,0,0,0,0,0,0,0,0,0,0,0,0,0,4,4,11,2,2,1.0,1,2,0,1,1,1,0,0,0,0,0.0,0,0,0,0,0,0,0,0,0,0,0,0,0,0,0,0,0,0,0,0,0,0,0,0,0,0,0,0,0,1,1,3,10,0,0,0,0,0,0,0,0,0,0,0,0,1,0,1,0,0,0,0,0,1,0,1,0,0,0,0,0,44,136,0,0,0
voisine d'andre,voisine,andre,d',voisine,andre,False,r_social_tie,True,,0,1,1,1,0,0,0,0,0,1,0,0,0,0,0,0,0,0,0,7,5,15,4,2,1.4,1,2,0,1,1,1,10,1,0,0,0.0,1,0,0,0,0,0,0,0,0,0,0,0,0,0,0,0,0,0,1,0,0,0,0,0,0,0,0,0,0,1,1,10,2,1,0,60,0,0,0,0,0,0,0,0,0,1,0,61,0,1,0,32,0,1,0,21,0,0,0,0,0,500,11,0,0,0
voisine d'anne,voisine,anne,d',voisine,anne,False,r_social_tie,True,,0,1,1,1,0,0,0,0,0,1,0,0,0,0,0,0,0,0,0,7,4,14,4,2,1.75,1,2,0,1,1,1,10,0,0,0,0.0,1,0,0,0,0,0,0,0,0,0,0,0,0,0,0,0,0,0,1,0,0,0,0,0,0,0,0,0,0,1,1,10,10,1,0,60,0,0,0,0,0,0,0,0,0,1,0,61,0,1,0,32,0,1,0,21,0,0,0,0,0,500,136,0,0,0
voisine d'isabelle,voisine,isabelle,d',voisine,isabelle,False,r_social_tie,True,,0,1,1,1,0,0,0,1,0,1,0,0,0,0,0,0,0,0,0,7,8,18,4,4,0.875,1,2,0,1,1,1,10,10,1,1,0.05263157894736842,1,0,0,0,0,0,0,0,0,0,0,0,0,0,0,0,0,0,1,1,1,0,0,0,0,0,0,0,0,1,1,10,1,1,1,60,62,0,1,0,6,0,0,0,0,1,1,61,14,1,0,32,0,1,1,21,2,0,0,0,0,500,500,0,0,0
tante d'antoine,tante,antoine,d',tante,antoine,False,r_social_tie,True,,0,1,1,1,0,0,0,0,0,0,0,0,0,0,0,0,0,0,0,5,7,15,2,4,0.7142857142857143,1,2,0,1,1,1,10,0,0,0,0.0,1,0,0,0,0,0,0,0,0,0,0,0,0,0,0,0,0,0,1,0,0,0,0,0,0,0,0,0,0,1,0,13,0,1,0,67,0,1,0,5,0,0,0,0,0,1,0,66,0,1,0,1,0,0,0,0,0,0,0,0,0,500,149,0,0,0
tante d'andre,tante,andre,d',tante,andre,False,r_social_tie,True,,0,1,1,1,0,0,0,0,0,0,0,0,0,0,0,0,0,0,0,5,5,13,2,2,1.0,1,2,0,1,1,1,10,1,0,0,0.0,1,0,0,0,0,0,0,0,0,0,0,0,0,0,0,0,0,0,1,0,0,0,0,0,0,0,0,0,0,1,1,13,2,1,0,67,0,1,0,5,0,0,0,0,0,1,0,66,0,1,0,1,0,0,0,0,0,0,0,0,0,500,11,0,0,0
tante d'anne,tante,anne,d',tante,anne,False,r_social_tie,True,,0,1,1,1,0,0,0,0,0,0,0,0,0,0,0,0,0,0,0,5,4,12,2,2,1.25,1,2,0,1,1,1,10,0,0,0,0.0,1,0,0,0,0,0,0,0,0,0,0,0,0,0,0,0,0,0,1,0,0,0,0,0,0,0,0,0,0,1,1,13,10,1,0,67,0,1,0,5,0,0,0,0,0,1,0,66,0,1,0,1,0,0,0,0,0,0,0,0,0,500,136,0,0,0
cousine d'henri,cousine,henri,d',cousine,henri,False,r_social_tie,True,,0,0,1,0,0,0,0,0,0,0,0,0,0,0,0,0,0,0,0,7,5,15,4,2,1.4,1,2,0,1,1,1,10,0,0,0,0.0,1,0,0,0,0,0,0,0,0,0,0,0,0,0,0,0,0,0,1,0,0,0,0,0,0,0,0,0,0,1,1,38,63,1,0,72,0,1,0,3,0,0,0,0,0,1,0,19,0,1,0,6,0,1,1,2,2,0,0,0,0,500,384,0,0,0
cousin d'isabelle,cousin,isabelle,d',cousin,isabelle,False,r_social_tie,True,,0,1,0,1,0,0,0,1,0,0,0,0,0,0,0,0,0,0,0,6,8,17,3,4,0.75,1,2,0,1,1,1,10,10,3,1,0.17647058823529413,1,0,0,0,0,0,0,0,0,0,0,0,0,0,0,0,0,0,0,1,0,0,0,0,0,0,0,0,0,1,1,43,1,1,1,42,62,1,1,6,6,1,0,7,0,1,1,16,14,0,0,0,0,1,1,1,2,0,0,0,0,500,500,0,0,0
cousin d'antoine,cousin,antoine,d',cousin,antoine,False,r_social_tie,True,,0,1,0,1,0,0,0,0,0,0,0,0,0,0,0,0,0,0,0,6,7,16,3,4,0.8571428571428571,1,2,0,1,1,1,10,0,0,0,0.0,1,0,0,0,0,0,0,0,0,0,0,0,0,0,0,0,0,0,0,0,0,0,0,0,0,0,0,0,0,1,0,43,0,1,0,42,0,1,0,6,0,1,0,7,0,1,0,16,0,0,0,0,0,1,0,1,0,0,0,0,0,500,149,0,0,0
mere d'henri,mere,henri,d',mere,henri,False,r_social_tie,True,,0,0,1,0,0,0,0,0,0,0,0,0,0,0,0,0,0,0,0,4,5,12,2,2,0.8,1,2,0,1,1,1,6,0,0,0,0.0,0,0,0,0,0,0,0,0,0,0,0,0,0,0,0,0,0,0,0,0,0,0,0,0,0,0,0,0,0,0,1,0,63,0,0,0,0,0,0,0,0,0,0,0,0,0,0,0,0,0,0,0,0,0,1,0,2,0,0,0,0,66,384,0,0,0
mere d'isabelle,mere,isabelle,d',mere,isabelle,False,r_social_tie,True,,0,1,1,1,0,0,0,1,0,0,0,0,0,0,0,0,0,0,0,4,8,15,2,4,0.5,1,2,0,1,1,1,6,10,0,0,0.0,0,0,0,0,0,0,0,0,0,0,0,0,0,0,0,0,0,0,0,1,0,0,0,0,0,0,0,0,0,0,1,0,1,0,1,0,62,0,1,0,6,0,0,0,0,0,1,0,14,0,0,0,0,0,1,0,2,0,0,0,0,66,500,0,0,0
mere d'antoine,mere,antoine,d',mere,antoine,False,r_social_tie,True,,0,1,1,1,0,0,0,0,0,0,0,0,0,0,0,0,0,0,0,4,7,14,2,4,0.5714285714285714,1,2,0,1,1,1,6,0,0,0,0.0,0,0,0,0,0,0,0,0,0,0,0,0,0,0,0,0,0,0,0,0,0,0,0,0,0,0,0,0,0,0,0,0,0,0,0,0,0,0,0,0,0,0,0,0,0,0,0,0,0,0,0,0,0,0,0,0,0,0,0,0,0,66,149,0,0,0
patron d'anne,patron,anne,d',patron,anne,False,r_social_tie,True,,0,1,0,1,0,0,0,0,0,0,0,0,0,0,0,0,0,0,0,6,4,13,2,2,1.5,1,2,0,1,1,1,10,0,0,0,0.0,1,0,0,0,0,0,0,0,0,0,0,0,0,0,0,0,0,0,0,0,0,0,0,0,0,0,0,0,0,1,1,12,10,1,0,23,0,1,0,17,0,0,0,0,0,1,0,112,0,1,0,23,0,0,0,0,0,0,0,0,0,500,136,0,0,0
medecin d'isabelle,medecin,isabelle,d',medecin,isabelle,False,r_social_tie,True,,0,1,0,1,0,0,0,1,0,0,0,0,0,0,0,0,0,0,0,7,8,18,3,4,0.875,1,2,0,1,1,1,1,10,0,0,0.0,0,0,0,0,0,0,0,0,0,0,0,0,0,0,0,0,0,0,0,1,0,0,0,0,0,0,0,0,0,0,1,0,1,0,1,0,62,0,1,0,6,0,0,0,0,0,1,0,14,0,0,0,0,0,1,0,2,0,0,0,0,137,500,0,0,0
medecin d'henri,medecin,henri,d',medecin,henri,False,r_social_tie,True,,0,0,0,0,0,0,0,0,0,0,0,0,0,0,0,0,0,0,0,7,5,15,3,2,1.4,1,2,0,1,1,1,1,0,0,0,0.0,0,0,0,0,0,0,0,0,0,0,0,0,0,0,0,0,0,0,0,0,0,0,0,0,0,0,0,0,0,0,1,0,63,0,0,0,0,0,0,0,0,0,0,0,0,0,0,0,0,0,0,0,0,0,1,0,2,0,0,0,0,137,384,0,0,0
frere d'anne,frere,anne,d',frere,anne,False,r_social_tie,True,,0,1,1,1,0,0,0,0,0,0,0,0,0,0,0,0,0,0,0,5,4,12,2,2,1.25,1,2,0,1,1,1,1,0,0,0,0.0,0,0,0,0,0,0,0,0,0,0,0,0,0,0,0,0,0,0,0,0,0,0,0,0,0,0,0,0,0,0,1,0,10,0,0,0,0,0,0,0,0,0,0,0,0,1,0,1,0,0,0,0,0,0,0,0,0,0,0,0,0,2,136,0,0,0
groupe d'eau,groupe,eau,d',groupe,eau,False,r_quantificateur,True,,0,1,1,0,0,0,0,0,0,0,0,0,0,0,0,0,0,0,0,6,3,12,3,3,2.0,1,2,0,1,1,1,10,10,1,1,0.05263157894736842,0,0,0,0,0,0,0,0,0,1,0,0,0,0,0,0,0,0,0,0,0,0,0,0,1,1,1,0,0,1,1,70,10,1,1,33,12,0,1,0,58,1,1,5,18,1,1,10,8,1,1,8,39,1,0,2,0,0,0,0,0,500,500,0,0,0
part d'eau,part,eau,d',part,eau,False,r_quantificateur,True,,0,1,0,0,0,0,0,0,0,0,0,0,0,0,0,0,0,0,0,4,3,10,1,3,1.3333333333333333,1,2,0,1,1,1,10,10,0,0,0.0,1,0,0,0,0,0,0,0,0,0,0,0,0,0,0,0,0,0,1,0,0,0,0,0,0,1,0,0,0,1,1,50,10,1,1,3,12,1,1,1,58,0,1,0,18,1,1,7,8,1,1,2,39,1,0,3,0,0,0,0,0,500,500,0,0,0
lot d'oranges,lot,oranges,d',lot,orange,False,r_quantificateur,True,,0,1,0,1,0,0,0,0,0,0,0,0,0,0,0,0,0,0,1,3,6,13,1,3,0.5,1,2,0,1,1,1,4,10,0,0,0.0,0,0,0,0,0,0,0,0,0,0,0,0,0,0,0,0,0,0,0,0,0,0,0,0,0,0,0,0,0,1,1,37,3,0,1,0,2,0,1,0,5,1,1,1,2,1,0,1,0,1,1,7,7,0,1,0,35,0,0,0,0,500,500,0,0,0
ensemble d'eau,ensemble,eau,d',ensemble,eau,False,r_quantificateur,True,,1,1,1,0,0,0,0,1,0,0,0,0,0,0,0,0,0,0,0,8,3,14,3,3,2.6666666666666665,1,2,0,1,1,1,10,10,0,0,0.0,0,0,0,0,0,0,0,0,0,0,0,0,1,0,0,0,0,0,0,0,0,0,0,0,0,1,0,0,0,1,1,11,10,1,1,15,12,0,1,0,58,0,1,0,18,0,1,0,8,0,1,0,39,0,0,0,0,0,0,0,0,500,500,0,0,0
ensemble d'oranges,ensemble,oranges,d',ensemble,orange,False,r_quantificateur,True,,1,1,1,1,0,0,0,1,0,0,0,0,0,0,0,0,0,0,1,8,6,18,3,3,1.3333333333333333,1,2,0,1,1,1,10,10,0,0,0.0,0,0,0,0,0,0,0,0,0,0,0,0,1,0,0,0,0,0,0,0,0,0,0,0,0,0,0,0,0,1,1,11,3,1,1,15,2,0,1,0,5,0,1,0,2,0,0,0,0,0,1,0,7,0,1,0,35,0,0,0,0,500,500,0,0,0
paquet d'oranges,paquet,oranges,d',paquet,orange,False,r_quantificateur,True,,0,1,0,1,0,0,0,0,0,0,0,0,0,0,0,0,0,0,1,6,6,16,3,3,1.0,1,2,0,1,1,1,10,10,0,0,0.0,1,0,0,0,0,0,0,0,0,0,0,0,0,0,0,0,0,0,1,0,0,0,0,0,0,0,0,0,0,1,1,40,3,1,1,26,2,0,1,0,5,1,1,20,2,1,0,12,0,1,1,35,7,0,1,0,35,0,0,0,0,500,500,0,0,0
tas d'oranges,tas,oranges,d',ta,orange,False,r_quantificateur,True,,0,1,0,1,0,0,0,0,0,0,0,0,0,0,0,0,0,0,1,2,6,13,1,3,0.3333333333333333,1,2,0,1,1,1,1,10,0,0,0.0,0,0,0,0,0,0,0,0,0,0,0,0,0,0,0,0,0,0,0,0,0,0,0,0,0,0,0,0,0,1,1,7,3,0,1,0,2,0,1,0,5,0,1,0,2,0,0,0,0,0,1,0,7,0,1,0,35,0,0,0,0,500,500,0,0,0
tas d'eau,tas,eau,d',ta,eau,False,r_quantificateur,True,,0,1,0,0,0,0,0,0,0,0,0,0,0,0,0,0,0,0,0,2,3,9,1,3,0.6666666666666666,1,2,0,1,1,1,1,10,0,0,0.0,0,0,0,0,0,0,0,0,0,0,0,0,0,0,0,0,0,0,0,0,0,0,0,0,0,1,0,0,0,1,1,7,10,0,1,0,12,0,1,0,58,0,1,0,18,0,1,0,8,0,1,0,39,0,0,0,0,0,0,0,0,500,500,0,0,0
tranche d'oranges,tranche,oranges,d',tranche,orange,False,r_quantificateur,True,,0,1,1,1,0,0,0,0,0,0,0,0,0,0,0,0,0,0,1,7,6,17,2,3,1.1666666666666667,1,2,0,1,1,1,2,10,0,0,0.0,0,0,0,0,0,0,0,0,0,0,0,0,0,0,0,0,0,0,0,0,0,0,0,0,0,0,0,0,0,1,1,87,3,0,1,0,2,1,1,10,5,0,1,0,2,0,0,0,0,1,1,3,7,1,1,1,35,0,0,0,0,500,500,0,0,0
litre d'oranges,litre,oranges,d',litre,orange,False,r_quantificateur,True,,0,1,1,1,0,0,0,0,0,0,0,0,0,0,0,0,0,0,1,5,6,15,2,3,0.8333333333333334,1,2,0,1,1,1,10,10,0,0,0.0,0,0,0,0,0,0,0,0,0,0,0,0,0,0,0,0,0,0,0,0,0,0,0,0,0,0,0,0,0,1,1,17,3,0,1,0,2,0,1,0,5,0,1,0,2,1,0,1,0,0,1,0,7,0,1,0,35,0,0,0,0,500,500,0,0,0
centimetre d'oranges,centimetre,oranges,d',centimetre,orange,False,r_quantificateur,True,,0,1,1,1,0,0,0,0,0,0,0,0,0,0,0,0,0,0,1,10,6,20,4,3,1.6666666666666667,1,2,0,0,1,0,0,10,0,0,0.0,0,0,0,0,0,0,0,0,0,0,0,0,0,0,0,0,0,0,0,0,0,0,0,0,0,0,0,0,0,0,1,0,3,0,1,0,2,0,1,0,5,0,1,0,2,0,0,0,0,0,1,0,7,0,1,0,35,0,0,0,0,0,500,0,0,0
centimetre d'eau,centimetre,eau,d',centimetre,eau,False,r_quantificateur,True,,0,1,1,0,0,0,0,0,0,0,0,0,0,0,0,0,0,0,0,10,3,16,4,3,3.3333333333333335,1,2,0,0,1,0,0,10,0,0,0.0,0,0,0,0,0,0,0,0,0,0,0,0,0,0,0,0,0,0,0,0,0,0,0,0,0,1,0,0,0,0,1,0,10,0,1,0,12,0,1,0,58,0,1,0,18,0,1,0,8,0,1,0,39,0,0,0,0,0,0,0,0,0,500,0,0,0
metre d'eau,metre,eau,d',metre,eau,False,r_quantificateur,True,,0,1,1,0,0,0,0,0,0,0,0,0,0,0,0,0,0,0,0,5,3,11,2,3,1.6666666666666667,1,2,0,1,1,1,1,10,0,0,0.0,0,0,0,0,0,0,0,0,0,0,0,0,0,0,0,0,0,0,0,0,0,0,0,0,0,1,0,0,0,1,1,8,10,1,1,5,12,1,1,7,58,0,1,0,18,0,1,0,8,0,1,0,39,0,0,0,0,0,0,0,0,105,500,0,0,0
tasse d'eau,tasse,eau,d',tasse,eau,False,r_quantificateur,True,,0,1,1,0,0,0,0,0,0,0,0,0,0,0,0,0,0,0,0,5,3,11,2,3,1.6666666666666667,1,2,0,1,1,1,10,10,0,0,0.0,0,0,0,1,0,0,0,0,0,0,0,0,1,0,0,0,0,0,0,0,0,0,0,0,0,1,0,0,0,1,1,36,10,1,1,4,12,1,1,12,58,1,1,45,18,0,1,0,8,1,1,12,39,0,0,0,0,0,0,0,0,500,500,0,0,0
kilo d'oranges,kilo,oranges,d',kilo,orange,False,r_quantificateur,True,,0,1,0,1,0,0,0,0,0,0,0,0,0,0,0,0,0,0,1,4,6,14,2,3,0.6666666666666666,1,2,0,1,1,1,5,10,0,0,0.0,0,0,0,0,0,0,0,0,0,0,0,0,0,0,0,0,0,0,0,0,0,0,0,0,0,0,0,0,0,1,1,7,3,0,1,0,2,0,1,0,5,0,1,0,2,0,0,0,0,0,1,0,7,0,1,0,35,0,0,0,0,500,500,0,0,0
boite d'eau,boite,eau,d',boite,eau,False,r_quantificateur,True,,0,1,1,0,0,0,0,0,0,0,0,0,0,0,0,0,0,0,0,5,3,11,3,3,1.6666666666666667,1,2,0,1,1,1,10,10,1,1,0.05263157894736842,0,0,0,1,0,0,0,0,0,0,0,0,1,0,0,0,0,0,0,0,0,0,0,0,1,1,1,0,0,1,1,115,10,1,1,2,12,1,1,21,58,1,1,42,18,0,1,0,8,1,1,4,39,0,0,0,0,0,0,0,0,500,500,0,0,0
portrait de lascene,portrait,lascene,de,portrait,lascene,False,r_depic,True,,0,0,0,1,0,0,0,0,0,0,0,0,0,0,0,0,0,1,0,8,7,19,3,3,1.1428571428571428,0,3,0,1,0,0,10,0,0,0,0.0,0,0,0,0,0,0,0,0,0,0,0,0,0,0,0,0,0,0,0,0,0,0,0,0,0,0,0,0,0,1,0,31,0,1,0,3,0,1,0,3,0,0,0,0,0,1,0,1,0,1,0,25,0,0,0,0,0,0,0,0,0,500,0,0,0,0
portrait de lamontagne,portrait,lamontagne,de,portrait,lamontagne,False,r_depic,True,,0,0,0,1,0,0,0,0,0,0,0,0,0,0,0,0,0,1,0,8,10,22,3,4,0.8,0,3,0,1,0,0,10,0,0,0,0.0,0,0,0,0,0,0,0,0,0,0,0,0,0,0,0,0,0,0,0,0,0,0,0,0,0,0,0,0,0,1,0,31,0,1,0,3,0,1,0,3,0,0,0,0,0,1,0,1,0,1,0,25,0,0,0,0,0,0,0,0,0,500,0,0,0,0
portrait de lareine,portrait,lareine,de,portrait,lareine,False,r_depic,True,,0,0,0,1,0,0,0,0,0,0,0,0,0,0,0,0,0,1,0,8,7,19,3,4,1.1428571428571428,0,3,0,1,0,0,10,0,0,0,0.0,0,0,0,0,0,0,0,0,0,0,0,0,0,0,0,0,0,0,0,0,0,0,0,0,0,0,0,0,0,1,0,31,0,1,0,3,0,1,0,3,0,0,0,0,0,1,0,1,0,1,0,25,0,0,0,0,0,0,0,0,0,500,0,0,0,0
portrait de lapaysage,portrait,lapaysage,de,portrait,lapaysage,False,r_depic,True,,0,0,0,1,0,0,0,0,0,0,0,0,1,0,0,0,0,1,0,8,9,21,3,5,0.8888888888888888,0,3,0,1,0,0,10,0,0,0,0.0,0,0,0,0,0,0,0,0,0,0,0,0,0,0,0,0,0,0,0,0,0,0,0,0,0,0,0,0,0,1,0,31,0,1,0,3,0,1,0,3,0,0,0,0,0,1,0,1,0,1,0,25,0,0,0,0,0,0,0,0,0,500,0,0,0,0
portrait de l'animal,portrait,l'animal,de,portrait,l'animal,False,r_depic,True,,0,0,0,0,0,0,0,0,0,0,0,0,0,0,0,0,0,1,0,8,8,20,3,3,1.0,0,3,0,1,1,1,10,0,0,0,0.0,0,0,0,0,0,0,0,0,0,0,0,0,0,0,0,0,0,0,0,0,0,0,0,0,0,0,0,0,0,1,0,31,0,1,0,3,0,1,0,3,0,0,0,0,0,1,0,1,0,1,0,25,0,0,0,0,0,0,0,0,0,500,15,0,0,0
portrait de laville,portrait,laville,de,portrait,laville,False,r_depic,True,,0,0,0,1,0,0,0,1,0,0,0,0,1,0,0,0,0,1,0,8,7,19,3,3,1.1428571428571428,0,3,0,1,0,0,10,0,0,0,0.0,0,0,0,0,0,0,0,0,0,0,0,0,0,0,0,0,0,0,0,0,0,0,0,0,0,0,0,0,0,1,0,31,0,1,0,3,0,1,0,3,0,0,0,0,0,1,0,1,0,1,0,25,0,0,0,0,0,0,0,0,0,500,0,0,0,0
portrait de l'homme,portrait,l'homme,de,portrait,l'homme,False,r_depic,True,,0,0,0,1,0,0,0,0,0,0,1,0,0,0,0,0,0,1,0,8,7,19,3,2,1.1428571428571428,0,3,0,1,1,1,10,5,0,0,0.0,0,0,0,0,0,0,0,0,0,0,0,0,0,0,0,0,0,0,0,0,0,0,0,0,0,0,0,0,0,1,1,31,98,1,0,3,0,1,0,3,0,0,0,0,0,1,0,1,0,1,0,25,0,0,0,0,0,0,0,0,0,500,500,0,0,0
representation de l'homme,representation,l'homme,de,representation,l'homme,False,r_depic,True,,0,0,0,1,0,0,0,0,0,0,1,0,0,0,0,0,0,0,0,14,7,25,6,2,2.0,0,3,0,1,1,1,5,5,0,0,0.0,0,0,0,0,0,0,0,0,0,0,0,0,0,0,0,1,0,0,0,0,0,0,0,0,0,0,0,0,0,1,1,208,98,0,0,0,0,1,0,5,0,0,0,0,0,1,0,1,0,1,0,1,0,1,0,1,0,0,0,0,0,500,500,0,0,0
representation de lapaysage,representation,lapaysage,de,representation,lapaysage,False,r_depic,True,,0,0,0,1,0,0,0,0,0,0,0,0,1,0,0,0,0,0,0,14,9,27,6,5,1.5555555555555556,0,3,0,1,0,0,5,0,0,0,0.0,0,0,0,0,0,0,0,0,0,0,0,0,0,0,0,1,0,0,0,0,0,0,0,0,0,0,0,0,0,1,0,208,0,0,0,0,0,1,0,5,0,0,0,0,0,1,0,1,0,1,0,1,0,1,0,1,0,0,0,0,0,500,0,0,0,0
representation de labataille,representation,labataille,de,representation,labataille,False,r_depic,True,,0,0,0,1,0,0,0,1,0,0,0,0,0,0,0,0,0,0,0,14,10,28,6,5,1.4,0,3,0,1,0,0,5,0,0,0,0.0,0,0,0,0,0,0,0,0,0,0,0,0,0,0,0,1,0,0,0,0,0,0,0,0,0,0,0,0,0,1,0,208,0,0,0,0,0,1,0,5,0,0,0,0,0,1,0,1,0,1,0,1,0,1,0,1,0,0,0,0,0,500,0,0,0,0
representation de lascene,representation,lascene,de,representation,lascene,False,r_depic,True,,0,0,0,1,0,0,0,0,0,0,0,0,0,0,0,0,0,0,0,14,7,25,6,3,2.0,0,3,0,1,0,0,5,0,0,0,0.0,0,0,0,0,0,0,0,0,0,0,0,0,0,0,0,1,0,0,0,0,0,0,0,0,0,0,0,0,0,1,0,208,0,0,0,0,0,1,0,5,0,0,0,0,0,1,0,1,0,1,0,1,0,1,0,1,0,0,0,0,0,500,0,0,0,0
representation de laville,representation,laville,de,representation,laville,False,r_depic,True,,0,0,0,1,0,0,0,1,0,0,0,0,1,0,0,0,0,0,0,14,7,25,6,3,2.0,0,3,0,1,0,0,5,0,0,0,0.0,0,0,0,0,0,0,0,0,0,0,0,0,0,0,0,1,0,0,0,0,0,0,0,0,0,0,0,0,0,1,0,208,0,0,0,0,0,1,0,5,0,0,0,0,0,1,0,1,0,1,0,1,0,1,0,1,0,0,0,0,0,500,0,0,0,0
representation de lanature,representation,lanature,de,representation,lanature,False,r_depic,True,,0,0,0,1,0,0,0,0,0,0,0,0,0,0,0,0,0,0,0,14,8,26,6,4,1.75,0,3,0,1,0,0,5,0,0,0,0.0,0,0,0,0,0,0,0,0,0,0,0,0,0,0,0,1,0,0,0,0,0,0,0,0,0,0,0,0,0,1,0,208,0,0,0,0,0,1,0,5,0,0,0,0,0,1,0,1,0,1,0,1,0,1,0,1,0,0,0,0,0,500,0,0,0,0
representation de l'animal,representation,l'animal,de,representation,l'animal,False,r_depic,True,,0,0,0,0,0,0,0,0,0,0,0,0,0,0,0,0,0,0,0,14,8,26,6,3,1.75,0,3,0,1,1,1,5,0,0,0,0.0,0,0,0,0,0,0,0,0,0,0,0,0,0,0,0,1,0,0,0,0,0,0,0,0,0,0,0,0,0,1,0,208,0,0,0,0,0,1,0,5,0,0,0,0,0,1,0,1,0,1,0,1,0,1,0,1,0,0,0,0,0,500,15,0,0,0
sculpture de lareine,sculpture,lareine,de,sculpture,lareine,False,r_depic,True,,0,0,1,1,0,0,0,0,0,0,0,0,0,0,0,0,0,0,0,9,7,20,3,4,1.2857142857142858,0,3,0,1,0,0,10,0,0,0,0.0,0,0,0,0,0,0,0,0,0,0,0,0,1,0,0,1,0,0,0,0,0,0,0,0,0,0,0,0,0,1,0,4,0,0,0,0,0,1,0,1,0,0,0,0,0,0,0,0,0,1,0,7,0,0,0,0,0,0,0,0,0,500,0,0,0,0
sculpture de l'homme,sculpture,l'homme,de,sculpture,l'homme,False,r_depic,True,,0,0,1,1,0,0,0,0,0,0,1,0,0,0,0,0,0,0,0,9,7,20,3,2,1.2857142857142858,0,3,0,1,1,1,10,5,0,0,0.0,0,0,0,0,0,0,0,0,0,0,0,0,1,0,0,1,0,0,0,0,0,0,0,0,0,0,0,0,0,1,1,4,98,0,0,0,0,1,0,1,0,0,0,0,0,0,0,0,0,1,0,7,0,0,0,0,0,0,0,0,0,500,500,0,0,0
sculpture de lascene,sculpture,lascene,de,sculpture,lascene,False,r_depic,True,,0,0,1,1,0,0,0,0,0,0,0,0,0,0,0,0,0,0,0,9,7,20,3,3,1.2857142857142858,0,3,0,1,0,0,10,0,0,0,0.0,0,0,0,0,0,0,0,0,0,0,0,0,1,0,0,1,0,0,0,0,0,0,0,0,0,0,0,0,0,1,0,4,0,0,0,0,0,1,0,1,0,0,0,0,0,0,0,0,0,1,0,7,0,0,0,0,0,0,0,0,0,500,0,0,0,0
sculpture de lafemme,sculpture,lafemme,de,sculpture,lafemme,False,r_depic,True,,0,0,1,1,0,0,0,0,0,0,1,0,0,0,0,0,0,0,0,9,7,20,3,3,1.2857142857142858,0,3,0,1,0,0,10,0,0,0,0.0,0,0,0,0,0,0,0,0,0,0,0,0,1,0,0,1,0,0,0,0,0,0,0,0,0,0,0,0,0,1,0,4,0,0,0,0,0,1,0,1,0,0,0,0,0,0,0,0,0,1,0,7,0,0,0,0,0,0,0,0,0,500,0,0,0,0
dessin de lareine,dessin,lareine,de,dessin,lareine,False,r_depic,True,,0,0,0,1,0,0,0,0,0,0,0,0,0,0,0,0,0,0,0,6,7,17,2,4,0.8571428571428571,0,3,0,1,0,0,10,0,0,0,0.0,0,0,0,1,0,0,0,0,0,0,0,0,0,0,0,0,0,0,0,0,0,0,0,0,0,0,0,0,0,1,0,27,0,1,0,8,0,1,0,23,0,1,0,4,0,0,0,0,0,1,0,18,0,0,0,0,0,0,0,0,0,500,0,0,0,0
dessin de lamontagne,dessin,lamontagne,de,dessin,lamontagne,False,r_depic,True,,0,0,0,1,0,0,0,0,0,0,0,0,0,0,0,0,0,0,0,6,10,20,2,4,0.6,0,3,0,1,0,0,10,0,0,0,0.0,0,0,0,1,0,0,0,0,0,0,0,0,0,0,0,0,0,0,0,0,0,0,0,0,0,0,0,0,0,1,0,27,0,1,0,8,0,1,0,23,0,1,0,4,0,0,0,0,0,1,0,18,0,0,0,0,0,0,0,0,0,500,0,0,0,0
dessin de lapersonnage,dessin,lapersonnage,de,dessin,lapersonnage,False,r_depic,True,,0,0,0,1,0,0,0,0,0,0,0,0,0,0,0,0,0,0,0,6,12,22,2,5,0.5,0,3,0,1,0,0,10,0,0,0,0.0,0,0,0,1,0,0,0,0,0,0,0,0,0,0,0,0,0,0,0,0,0,0,0,0,0,0,0,0,0,1,0,27,0,1,0,8,0,1,0,23,0,1,0,4,0,0,0,0,0,1,0,18,0,0,0,0,0,0,0,0,0,500,0,0,0,0
dessin de laville,dessin,laville,de,dessin,laville,False,r_depic,True,,0,0,0,1,0,0,0,1,0,0,0,0,1,0,0,0,0,0,0,6,7,17,2,3,0.8571428571428571,0,3,0,1,0,0,10,0,0,0,0.0,0,0,0,1,0,0,0,0,0,0,0,0,0,0,0,0,0,0,0,0,0,0,0,0,0,0,0,0,0,1,0,27,0,1,0,8,0,1,0,23,0,1,0,4,0,0,0,0,0,1,0,18,0,0,0,0,0,0,0,0,0,500,0,0,0,0
dessin de lanature,dessin,lanature,de,dessin,lanature,False,r_depic,True,,0,0,0,1,0,0,0,0,0,0,0,0,0,0,0,0,0,0,0,6,8,18,2,4,0.75,0,3,0,1,0,0,10,0,0,0,0.0,0,0,0,1,0,0,0,0,0,0,0,0,0,0,0,0,0,0,0,0,0,0,0,0,0,0,0,0,0,1,0,27,0,1,0,8,0,1,0,23,0,1,0,4,0,0,0,0,0,1,0,18,0,0,0,0,0,0,0,0,0,500,0,0,0,0
dessin de l'homme,dessin,l'homme,de,dessin,l'homme,False,r_depic,True,,0,0,0,1,0,0,0,0,0,0,1,0,0,0,0,0,0,0,0,6,7,17,2,2,0.8571428571428571,0,3,0,1,1,1,10,5,0,0,0.0,0,0,0,1,0,0,0,0,0,0,0,0,0,0,0,0,0,0,0,0,0,0,0,0,0,0,0,0,0,1,1,27,98,1,0,8,0,1,0,23,0,1,0,4,0,0,0,0,0,1,0,18,0,0,0,0,0,0,0,0,0,500,500,0,0,0
esquisse de lapersonnage,esquisse,lapersonnage,de,esquisse,lapersonnage,False,r_depic,True,,1,0,1,1,0,0,0,0,0,0,0,0,0,0,0,0,0,0,0,8,12,24,4,5,0.6666666666666666,0,3,0,1,0,0,8,0,0,0,0.0,0,0,0,0,0,0,0,0,0,0,0,0,0,0,0,1,0,0,0,0,0,0,0,0,0,0,0,0,0,1,0,4,0,0,0,0,0,1,0,2,0,0,0,0,0,0,0,0,0,1,0,9,0,0,0,0,0,0,0,0,0,500,0,0,0,0
esquisse de lapaysage,esquisse,lapaysage,de,esquisse,lapaysage,False,r_depic,True,,1,0,1,1,0,0,0,0,0,0,0,0,1,0,0,0,0,0,0,8,9,21,4,5,0.8888888888888888,0,3,0,1,0,0,8,0,0,0,0.0,0,0,0,0,0,0,0,0,0,0,0,0,0,0,0,1,0,0,0,0,0,0,0,0,0,0,0,0,0,1,0,4,0,0,0,0,0,1,0,2,0,0,0,0,0,0,0,0,0,1,0,9,0,0,0,0,0,0,0,0,0,500,0,0,0,0
esquisse de l'animal,esquisse,l'animal,de,esquisse,l'animal,False,r_depic,True,,1,0,1,0,0,0,0,0,0,0,0,0,0,0,0,0,0,0,0,8,8,20,4,3,1.0,0,3,0,1,1,1,8,0,0,0,0.0,0,0,0,0,0,0,0,0,0,0,0,0,0,0,0,1,0,0,0,0,0,0,0,0,0,0,0,0,0,1,0,4,0,0,0,0,0,1,0,2,0,0,0,0,0,0,0,0,0,1,0,9,0,0,0,0,0,0,0,0,0,500,15,0,0,0
esquisse de l'enfant,esquisse,l'enfant,de,esquisse,l'enfant,False,r_depic,True,,1,0,1,0,0,0,0,0,0,0,1,0,0,0,0,0,0,0,0,8,8,20,4,2,1.0,0,3,0,1,1,1,8,0,0,0,0.0,0,0,0,0,0,0,0,0,0,0,0,0,0,0,0,1,0,0,0,0,0,0,0,0,0,0,0,0,0,1,0,4,0,0,0,0,0,1,0,2,0,0,0,0,0,0,0,0,0,1,0,9,0,0,0,0,0,0,0,0,0,500,465,0,0,0
esquisse de lafemme,esquisse,lafemme,de,esquisse,lafemme,False,r_depic,True,,1,0,1,1,0,0,0,0,0,0,1,0,0,0,0,0,0,0,0,8,7,19,4,3,1.1428571428571428,0,3,0,1,0,0,8,0,0,0,0.0,0,0,0,0,0,0,0,0,0,0,0,0,0,0,0,1,0,0,0,0,0,0,0,0,0,0,0,0,0,1,0,4,0,0,0,0,0,1,0,2,0,0,0,0,0,0,0,0,0,1,0,9,0,0,0,0,0,0,0,0,0,500,0,0,0,0
esquisse de lascene,esquisse,lascene,de,esquisse,lascene,False,r_depic,True,,1,0,1,1,0,0,0,0,0,0,0,0,0,0,0,0,0,0,0,8,7,19,4,3,1.1428571428571428,0,3,0,1,0,0,8,0,0,0,0.0,0,0,0,0,0,0,0,0,0,0,0,0,0,0,0,1,0,0,0,0,0,0,0,0,0,0,0,0,0,1,0,4,0,0,0,0,0,1,0,2,0,0,0,0,0,0,0,0,0,1,0,9,0,0,0,0,0,0,0,0,0,500,0,0,0,0
image de lanature,image,lanature,de,image,lanature,False,r_depic,True,,1,0,1,1,0,0,0,0,0,0,0,0,0,0,0,0,0,0,0,5,8,17,3,4,0.625,0,3,0,1,0,0,10,0,0,0,0.0,0,0,0,0,0,0,0,0,0,0,0,0,0,0,0,0,0,0,0,0,0,0,0,0,0,0,0,0,0,1,0,5,0,1,0,2,0,1,0,7,0,0,0,0,0,1,0,2,0,1,0,13,0,0,0,0,0,0,0,0,0,500,0,0,0,0
image de labataille,image,labataille,de,image,labataille,False,r_depic,True,,1,0,1,1,0,0,0,1,0,0,0,0,0,0,0,0,0,0,0,5,10,19,3,5,0.5,0,3,0,1,0,0,10,0,0,0,0.0,0,0,0,0,0,0,0,0,0,0,0,0,0,0,0,0,0,0,0,0,0,0,0,0,0,0,0,0,0,1,0,5,0,1,0,2,0,1,0,7,0,0,0,0,0,1,0,2,0,1,0,13,0,0,0,0,0,0,0,0,0,500,0,0,0,0
image de l'homme,image,l'homme,de,image,l'homme,False,r_depic,True,,1,0,1,1,0,0,0,0,0,0,1,0,0,0,0,0,0,0,0,5,7,16,3,2,0.7142857142857143,0,3,0,1,1,1,10,5,0,0,0.0,0,0,0,0,0,0,0,0,0,0,0,0,0,0,0,0,0,0,0,0,0,0,0,0,0,0,0,0,0,1,1,5,98,1,0,2,0,1,0,7,0,0,0,0,0,1,0,2,0,1,0,13,0,0,0,0,0,0,0,0,0,500,500,0,0,0
image de l'enfant,image,l'enfant,de,image,l'enfant,False,r_depic,True,,1,0,1,0,0,0,0,0,0,0,1,0,0,0,0,0,0,0,0,5,8,17,3,2,0.625,0,3,0,1,1,1,10,0,0,0,0.0,0,0,0,0,0,0,0,0,0,0,0,0,0,0,0,0,0,0,0,0,0,0,0,0,0,0,0,0,0,1,0,5,0,1,0,2,0,1,0,7,0,0,0,0,0,1,0,2,0,1,0,13,0,0,0,0,0,0,0,0,0,500,465,0,0,0
image de lareine,image,lareine,de,image,lareine,False,r_depic,True,,1,0,1,1,0,0,0,0,0,0,0,0,0,0,0,0,0,0,0,5,7,16,3,4,0.7142857142857143,0,3,0,1,0,0,10,0,0,0,0.0,0,0,0,0,0,0,0,0,0,0,0,0,0,0,0,0,0,0,0,0,0,0,0,0,0,0,0,0,0,1,0,5,0,1,0,2,0,1,0,7,0,0,0,0,0,1,0,2,0,1,0,13,0,0,0,0,0,0,0,0,0,500,0,0,0,0
image de lascene,image,lascene,de,image,lascene,False,r_depic,True,,1,0,1,1,0,0,0,0,0,0,0,0,0,0,0,0,0,0,0,5,7,16,3,3,0.7142857142857143,0,3,0,1,0,0,10,0,0,0,0.0,0,0,0,0,0,0,0,0,0,0,0,0,0,0,0,0,0,0,0,0,0,0,0,0,0,0,0,0,0,1,0,5,0,1,0,2,0,1,0,7,0,0,0,0,0,1,0,2,0,1,0,13,0,0,0,0,0,0,0,0,0,500,0,0,0,0
peinture de lareine,peinture,lareine,de,peinture,lareine,False,r_depic,True,,0,0,1,1,0,0,0,0,0,0,0,0,0,0,0,0,0,0,0,8,7,19,4,4,1.1428571428571428,0,3,0,1,0,0,10,0,0,0,0.0,0,0,0,0,0,0,0,0,0,0,0,0,0,0,0,0,0,0,0,0,0,0,0,0,0,0,0,0,0,1,0,32,0,1,0,11,0,1,0,20,0,1,0,13,0,0,0,0,0,1,0,12,0,0,0,0,0,0,0,0,0,500,0,0,0,0
peinture de lascene,peinture,lascene,de,peinture,lascene,False,r_depic,True,,0,0,1,1,0,0,0,0,0,0,0,0,0,0,0,0,0,0,0,8,7,19,4,3,1.1428571428571428,0,3,0,1,0,0,10,0,0,0,0.0,0,0,0,0,0,0,0,0,0,0,0,0,0,0,0,0,0,0,0,0,0,0,0,0,0,0,0,0,0,1,0,32,0,1,0,11,0,1,0,20,0,1,0,13,0,0,0,0,0,1,0,12,0,0,0,0,0,0,0,0,0,500,0,0,0,0
peinture de lafemme,peinture,lafemme,de,peinture,lafemme,False,r_depic,True,,0,0,1,1,0,0,0,0,0,0,1,0,0,0,0,0,0,0,0,8,7,19,4,3,1.1428571428571428,0,3,0,1,0,0,10,0,0,0,0.0,0,0,0,0,0,0,0,0,0,0,0,0,0,0,0,0,0,0,0,0,0,0,0,0,0,0,0,0,0,1,0,32,0,1,0,11,0,1,0,20,0,1,0,13,0,0,0,0,0,1,0,12,0,0,0,0,0,0,0,0,0,500,0,0,0,0
peinture de l'animal,peinture,l'animal,de,peinture,l'animal,False,r_depic,True,,0,0,1,0,0,0,0,0,0,0,0,0,0,0,0,0,0,0,0,8,8,20,4,3,1.0,0,3,0,1,1,1,10,0,0,0,0.0,0,0,0,0,0,0,0,0,0,0,0,0,0,0,0,0,0,0,0,0,0,0,0,0,0,0,0,0,0,1,0,32,0,1,0,11,0,1,0,20,0,1,0,13,0,0,0,0,0,1,0,12,0,0,0,0,0,0,0,0,0,500,15,0,0,0
peinture de l'enfant,peinture,l'enfant,de,peinture,l'enfant,False,r_depic,True,,0,0,1,0,0,0,0,0,0,0,1,0,0,0,0,0,0,0,0,8,8,20,4,2,1.0,0,3,0,1,1,1,10,0,0,0,0.0,0,0,0,0,0,0,0,0,0,0,0,0,0,0,0,0,0,0,0,0,0,0,0,0,0,0,0,0,0,1,0,32,0,1,0,11,0,1,0,20,0,1,0,13,0,0,0,0,0,1,0,12,0,0,0,0,0,0,0,0,0,500,465,0,0,0
peinture de l'homme,peinture,l'homme,de,peinture,l'homme,False,r_depic,True,,0,0,1,1,0,0,0,0,0,0,1,0,0,0,0,0,0,0,0,8,7,19,4,2,1.1428571428571428,0,3,0,1,1,1,10,5,0,0,0.0,0,0,0,0,0,0,0,0,0,0,0,0,0,0,0,0,0,0,0,0,0,0,0,0,0,0,0,0,0,1,1,32,98,1,0,11,0,1,0,20,0,1,0,13,0,0,0,0,0,1,0,12,0,0,0,0,0,0,0,0,0,500,500,0,0,0
peinture de laville,peinture,laville,de,peinture,laville,False,r_depic,True,,0,0,1,1,0,0,0,1,0,0,0,0,1,0,0,0,0,0,0,8,7,19,4,3,1.1428571428571428,0,3,0,1,0,0,10,0,0,0,0.0,0,0,0,0,0,0,0,0,0,0,0,0,0,0,0,0,0,0,0,0,0,0,0,0,0,0,0,0,0,1,0,32,0,1,0,11,0,1,0,20,0,1,0,13,0,0,0,0,0,1,0,12,0,0,0,0,0,0,0,0,0,500,0,0,0,0
croquis de lapersonnage,croquis,lapersonnage,de,croqui,lapersonnage,False,r_depic,True,,0,0,0,1,0,0,0,0,0,0,0,0,0,0,0,0,0,0,0,6,12,23,3,5,0.5,0,3,0,0,0,0,0,0,0,0,0.0,0,0,0,0,0,0,0,0,0,0,0,0,0,0,0,0,0,0,0,0,0,0,0,0,0,0,0,0,0,0,0,0,0,0,0,0,0,0,0,0,0,0,0,0,0,0,0,0,0,0,0,0,0,0,0,0,0,0,0,0,0,0,0,0,0,0
croquis de lapaysage,croquis,lapaysage,de,croqui,lapaysage,False,r_depic,True,,0,0,0,1,0,0,0,0,0,0,0,0,1,0,0,0,0,0,0,6,9,20,3,5,0.6666666666666666,0,3,0,0,0,0,0,0,0,0,0.0,0,0,0,0,0,0,0,0,0,0,0,0,0,0,0,0,0,0,0,0,0,0,0,0,0,0,0,0,0,0,0,0,0,0,0,0,0,0,0,0,0,0,0,0,0,0,0,0,0,0,0,0,0,0,0,0,0,0,0,0,0,0,0,0,0,0
croquis de lafemme,croquis,lafemme,de,croqui,lafemme,False,r_depic,True,,0,0,0,1,0,0,0,0,0,0,1,0,0,0,0,0,0,0,0,6,7,18,3,3,0.8571428571428571,0,3,0,0,0,0,0,0,0,0,0.0,0,0,0,0,0,0,0,0,0,0,0,0,0,0,0,0,0,0,0,0,0,0,0,0,0,0,0,0,0,0,0,0,0,0,0,0,0,0,0,0,0,0,0,0,0,0,0,0,0,0,0,0,0,0,0,0,0,0,0,0,0,0,0,0,0,0
croquis de l'homme,croquis,l'homme,de,croqui,l'homme,False,r_depic,True,,0,0,0,1,0,0,0,0,0,0,1,0,0,0,0,0,0,0,0,6,7,18,3,2,0.8571428571428571,0,3,0,0,1,0,0,5,0,0,0.0,0,0,0,0,0,0,0,0,0,0,0,0,0,0,0,0,0,0,0,0,0,0,0,0,0,0,0,0,0,0,1,0,98,0,0,0,0,0,0,0,0,0,0,0,0,0,0,0,0,0,0,0,0,0,0,0,0,0,0,0,0,0,500,0,0,0
croquis de labataille,croquis,labataille,de,croqui,labataille,False,r_depic,True,,0,0,0,1,0,0,0,1,0,0,0,0,0,0,0,0,0,0,0,6,10,21,3,5,0.6,0,3,0,0,0,0,0,0,0,0,0.0,0,0,0,0,0,0,0,0,0,0,0,0,0,0,0,0,0,0,0,0,0,0,0,0,0,0,0,0,0,0,0,0,0,0,0,0,0,0,0,0,0,0,0,0,0,0,0,0,0,0,0,0,0,0,0,0,0,0,0,0,0,0,0,0,0,0
gravure de lapersonnage,gravure,lapersonnage,de,gravure,lapersonnage,False,r_depic,True,,0,0,1,1,0,0,0,0,0,0,0,0,0,0,0,0,0,0,0,7,12,23,3,5,0.5833333333333334,0,3,0,1,0,0,4,0,0,0,0.0,0,0,0,0,0,0,0,0,0,0,0,0,0,0,0,1,0,0,0,0,0,0,0,0,0,0,0,0,0,1,0,28,0,0,0,0,0,0,0,0,0,0,0,0,0,0,0,0,0,1,0,1,0,0,0,0,0,0,0,0,0,500,0,0,0,0
gravure de labataille,gravure,labataille,de,gravure,labataille,False,r_depic,True,,0,0,1,1,0,0,0,1,0,0,0,0,0,0,0,0,0,0,0,7,10,21,3,5,0.7,0,3,0,1,0,0,4,0,0,0,0.0,0,0,0,0,0,0,0,0,0,0,0,0,0,0,0,1,0,0,0,0,0,0,0,0,0,0,0,0,0,1,0,28,0,0,0,0,0,0,0,0,0,0,0,0,0,0,0,0,0,1,0,1,0,0,0,0,0,0,0,0,0,500,0,0,0,0
gravure de l'homme,gravure,l'homme,de,gravure,l'homme,False,r_depic,True,,0,0,1,1,0,0,0,0,0,0,1,0,0,0,0,0,0,0,0,7,7,18,3,2,1.0,0,3,0,1,1,1,4,5,0,0,0.0,0,0,0,0,0,0,0,0,0,0,0,0,0,0,0,1,0,0,0,0,0,0,0,0,0,0,0,0,0,1,1,28,98,0,0,0,0,0,0,0,0,0,0,0,0,0,0,0,0,1,0,1,0,0,0,0,0,0,0,0,0,500,500,0,0,0
gravure de lanature,gravure,lanature,de,gravure,lanature,False,r_depic,True,,0,0,1,1,0,0,0,0,0,0,0,0,0,0,0,0,0,0,0,7,8,19,3,4,0.875,0,3,0,1,0,0,4,0,0,0,0.0,0,0,0,0,0,0,0,0,0,0,0,0,0,0,0,1,0,0,0,0,0,0,0,0,0,0,0,0,0,1,0,28,0,0,0,0,0,0,0,0,0,0,0,0,0,0,0,0,0,1,0,1,0,0,0,0,0,0,0,0,0,500,0,0,0,0
gravure de lamontagne,gravure,lamontagne,de,gravure,lamontagne,False,r_depic,True,,0,0,1,1,0,0,0,0,0,0,0,0,0,0,0,0,0,0,0,7,10,21,3,4,0.7,0,3,0,1,0,0,4,0,0,0,0.0,0,0,0,0,0,0,0,0,0,0,0,0,0,0,0,1,0,0,0,0,0,0,0,0,0,0,0,0,0,1,0,28,0,0,0,0,0,0,0,0,0,0,0,0,0,0,0,0,0,1,0,1,0,0,0,0,0,0,0,0,0,500,0,0,0,0
gravure de l'enfant,gravure,l'enfant,de,gravure,l'enfant,False,r_depic,True,,0,0,1,0,0,0,0,0,0,0,1,0,0,0,0,0,0,0,0,7,8,19,3,2,0.875,0,3,0,1,1,1,4,0,0,0,0.0,0,0,0,0,0,0,0,0,0,0,0,0,0,0,0,1,0,0,0,0,0,0,0,0,0,0,0,0,0,1,0,28,0,0,0,0,0,0,0,0,0,0,0,0,0,0,0,0,0,1,0,1,0,0,0,0,0,0,0,0,0,500,465,0,0,0
gravure de lapaysage,gravure,lapaysage,de,gravure,lapaysage,False,r_depic,True,,0,0,1,1,0,0,0,0,0,0,0,0,1,0,0,0,0,0,0,7,9,20,3,5,0.7777777777777778,0,3,0,1,0,0,4,0,0,0,0.0,0,0,0,0,0,0,0,0,0,0,0,0,0,0,0,1,0,0,0,0,0,0,0,0,0,0,0,0,0,1,0,28,0,0,0,0,0,0,0,0,0,0,0,0,0,0,0,0,0,1,0,1,0,0,0,0,0,0,0,0,0,500,0,0,0,0
gravure de l'animal,gravure,l'animal,de,gravure,l'animal,False,r_depic,True,,0,0,1,0,0,0,0,0,0,0,0,0,0,0,0,0,0,0,0,7,8,19,3,3,0.875,0,3,0,1,1,1,4,0,0,0,0.0,0,0,0,0,0,0,0,0,0,0,0,0,0,0,0,1,0,0,0,0,0,0,0,0,0,0,0,0,0,1,0,28,0,0,0,0,0,0,0,0,0,0,0,0,0,0,0,0,0,1,0,1,0,0,0,0,0,0,0,0,0,500,15,0,0,0
tableau de lamontagne,tableau,lamontagne,de,tableau,lamontagne,False,r_depic,True,,0,0,0,1,0,0,0,1,0,0,0,0,0,0,0,0,0,0,0,7,10,21,4,4,0.7,0,3,0,1,0,0,10,0,0,0,0.0,0,0,0,1,0,0,0,0,0,0,0,0,1,0,0,0,0,0,0,0,0,0,0,0,0,0,0,0,0,1,0,19,0,1,0,28,0,1,0,10,0,1,0,24,0,0,0,0,0,1,0,29,0,0,0,0,0,0,0,0,0,500,0,0,0,0
tableau de laville,tableau,laville,de,tableau,laville,False,r_depic,True,,0,0,0,1,0,0,0,1,0,0,0,0,1,0,0,0,0,0,0,7,7,18,4,3,1.0,0,3,0,1,0,0,10,0,0,0,0.0,0,0,0,1,0,0,0,0,0,0,0,0,1,0,0,0,0,0,0,0,0,0,0,0,0,0,0,0,0,1,0,19,0,1,0,28,0,1,0,10,0,1,0,24,0,0,0,0,0,1,0,29,0,0,0,0,0,0,0,0,0,500,0,0,0,0
tableau de l'enfant,tableau,l'enfant,de,tableau,l'enfant,False,r_depic,True,,0,0,0,0,0,0,0,1,0,0,1,0,0,0,0,0,0,0,0,7,8,19,4,2,0.875,0,3,0,1,1,1,10,0,0,0,0.0,0,0,0,1,0,0,0,0,0,0,0,0,1,0,0,0,0,0,0,0,0,0,0,0,0,0,0,0,0,1,0,19,0,1,0,28,0,1,0,10,0,1,0,24,0,0,0,0,0,1,0,29,0,0,0,0,0,0,0,0,0,500,465,0,0,0
tableau de lapersonnage,tableau,lapersonnage,de,tableau,lapersonnage,False,r_depic,True,,0,0,0,1,0,0,0,1,0,0,0,0,0,0,0,0,0,0,0,7,12,23,4,5,0.5833333333333334,0,3,0,1,0,0,10,0,0,0,0.0,0,0,0,1,0,0,0,0,0,0,0,0,1,0,0,0,0,0,0,0,0,0,0,0,0,0,0,0,0,1,0,19,0,1,0,28,0,1,0,10,0,1,0,24,0,0,0,0,0,1,0,29,0,0,0,0,0,0,0,0,0,500,0,0,0,0
tableau de l'animal,tableau,l'animal,de,tableau,l'animal,False,r_depic,True,,0,0,0,0,0,0,0,1,0,0,0,0,0,0,0,0,0,0,0,7,8,19,4,3,0.875,0,3,0,1,1,1,10,0,0,0,0.0,0,0,0,1,0,0,0,0,0,0,0,0,1,0,0,0,0,0,0,0,0,0,0,0,0,0,0,0,0,1,0,19,0,1,0,28,0,1,0,10,0,1,0,24,0,0,0,0,0,1,0,29,0,0,0,0,0,0,0,0,0,500,15,0,0,0
tableau de lapaysage,tableau,lapaysage,de,tableau,lapaysage,False,r_depic,True,,0,0,0,1,0,0,0,1,0,0,0,0,1,0,0,0,0,0,0,7,9,20,4,5,0.7777777777777778,0,3,0,1,0,0,10,0,0,0,0.0,0,0,0,1,0,0,0,0,0,0,0,0,1,0,0,0,0,0,0,0,0,0,0,0,0,0,0,0,0,1,0,19,0,1,0,28,0,1,0,10,0,1,0,24,0,0,0,0,0,1,0,29,0,0,0,0,0,0,0,0,0,500,0,0,0,0
statue de laville,statue,laville,de,statue,laville,False,r_depic,True,,0,0,1,1,0,0,0,1,0,0,0,0,1,0,0,0,0,0,0,6,7,17,3,3,0.8571428571428571,0,3,0,1,0,0,10,0,0,0,0.0,1,0,0,0,0,0,0,0,0,0,0,0,1,0,0,0,0,0,1,0,0,0,0,0,0,0,0,0,0,1,0,36,0,1,0,8,0,1,0,8,0,1,0,4,0,0,0,0,0,1,0,12,0,0,0,0,0,0,0,0,0,500,0,0,0,0
statue de lapersonnage,statue,lapersonnage,de,statue,lapersonnage,False,r_depic,True,,0,0,1,1,0,0,0,0,0,0,0,0,0,0,0,0,0,0,0,6,12,22,3,5,0.5,0,3,0,1,0,0,10,0,0,0,0.0,1,0,0,0,0,0,0,0,0,0,0,0,1,0,0,0,0,0,1,0,0,0,0,0,0,0,0,0,0,1,0,36,0,1,0,8,0,1,0,8,0,1,0,4,0,0,0,0,0,1,0,12,0,0,0,0,0,0,0,0,0,500,0,0,0,0
statue de lapaysage,statue,lapaysage,de,statue,lapaysage,False,r_depic,True,,0,0,1,1,0,0,0,0,0,0,0,0,1,0,0,0,0,0,0,6,9,19,3,5,0.6666666666666666,0,3,0,1,0,0,10,0,0,0,0.0,1,0,0,0,0,0,0,0,0,0,0,0,1,0,0,0,0,0,1,0,0,0,0,0,0,0,0,0,0,1,0,36,0,1,0,8,0,1,0,8,0,1,0,4,0,0,0,0,0,1,0,12,0,0,0,0,0,0,0,0,0,500,0,0,0,0
statue de l'homme,statue,l'homme,de,statue,l'homme,False,r_depic,True,,0,0,1,1,0,0,0,0,0,0,1,0,0,0,0,0,0,0,0,6,7,17,3,2,0.8571428571428571,0,3,0,1,1,1,10,5,0,0,0.0,1,0,0,0,0,0,0,0,0,0,0,0,1,0,0,0,0,0,1,0,0,0,0,0,0,0,0,0,0,1,1,36,98,1,0,8,0,1,0,8,0,1,0,4,0,0,0,0,0,1,0,12,0,0,0,0,0,0,0,0,0,500,500,0,0,0
statue de lascene,statue,lascene,de,statue,lascene,False,r_depic,True,,0,0,1,1,0,0,0,0,0,0,0,0,0,0,0,0,0,0,0,6,7,17,3,3,0.8571428571428571,0,3,0,1,0,0,10,0,0,0,0.0,1,0,0,0,0,0,0,0,0,0,0,0,1,0,0,0,0,0,1,0,0,0,0,0,0,0,0,0,0,1,0,36,0,1,0,8,0,1,0,8,0,1,0,4,0,0,0,0,0,1,0,12,0,0,0,0,0,0,0,0,0,500,0,0,0,0
statue de labataille,statue,labataille,de,statue,labataille,False,r_depic,True,,0,0,1,1,0,0,0,1,0,0,0,0,0,0,0,0,0,0,0,6,10,20,3,5,0.6,0,3,0,1,0,0,10,0,0,0,0.0,1,0,0,0,0,0,0,0,0,0,0,0,1,0,0,0,0,0,1,0,0,0,0,0,0,0,0,0,0,1,0,36,0,1,0,8,0,1,0,8,0,1,0,4,0,0,0,0,0,1,0,12,0,0,0,0,0,0,0,0,0,500,0,0,0,0
statue de l'animal,statue,l'animal,de,statue,l'animal,False,r_depic,True,,0,0,1,0,0,0,0,0,0,0,0,0,0,0,0,0,0,0,0,6,8,18,3,3,0.75,0,3,0,1,1,1,10,0,0,0,0.0,1,0,0,0,0,0,0,0,0,0,0,0,1,0,0,0,0,0,1,0,0,0,0,0,0,0,0,0,0,1,0,36,0,1,0,8,0,1,0,8,0,1,0,4,0,0,0,0,0,1,0,12,0,0,0,0,0,0,0,0,0,500,15,0,0,0
statue de lafemme,statue,lafemme,de,statue,lafemme,False,r_depic,True,,0,0,1,1,0,0,0,0,0,0,1,0,0,0,0,0,0,0,0,6,7,17,3,3,0.8571428571428571,0,3,0,1,0,0,10,0,0,0,0.0,1,0,0,0,0,0,0,0,0,0,0,0,1,0,0,0,0,0,1,0,0,0,0,0,0,0,0,0,0,1,0,36,0,1,0,8,0,1,0,8,0,1,0,4,0,0,0,0,0,1,0,12,0,0,0,0,0,0,0,0,0,500,0,0,0,0
photo de laville,photo,laville,de,photo,laville,False,r_depic,True,,0,0,0,1,0,0,0,1,0,0,0,0,1,0,0,0,0,0,0,5,7,16,2,3,0.7142857142857143,0,3,0,1,0,0,10,0,0,0,0.0,0,0,0,1,0,0,0,0,0,0,0,0,0,0,0,0,0,0,0,0,0,0,0,0,0,0,0,0,0,1,0,16,0,1,0,4,0,1,0,25,0,1,0,4,0,1,0,1,0,1,0,27,0,0,0,0,0,0,0,0,0,500,0,0,0,0
photo de l'homme,photo,l'homme,de,photo,l'homme,False,r_depic,True,,0,0,0,1,0,0,0,0,0,0,1,0,0,0,0,0,0,0,0,5,7,16,2,2,0.7142857142857143,0,3,0,1,1,1,10,5,0,0,0.0,0,0,0,1,0,0,0,0,0,0,0,0,0,0,0,0,0,0,0,0,0,0,0,0,0,0,0,0,0,1,1,16,98,1,0,4,0,1,0,25,0,1,0,4,0,1,0,1,0,1,0,27,0,0,0,0,0,0,0,0,0,500,500,0,0,0
photo de labataille,photo,labataille,de,photo,labataille,False,r_depic,True,,0,0,0,1,0,0,0,1,0,0,0,0,0,0,0,0,0,0,0,5,10,19,2,5,0.5,0,3,0,1,0,0,10,0,0,0,0.0,0,0,0,1,0,0,0,0,0,0,0,0,0,0,0,0,0,0,0,0,0,0,0,0,0,0,0,0,0,1,0,16,0,1,0,4,0,1,0,25,0,1,0,4,0,1,0,1,0,1,0,27,0,0,0,0,0,0,0,0,0,500,0,0,0,0
photo de l'enfant,photo,l'enfant,de,photo,l'enfant,False,r_depic,True,,0,0,0,0,0,0,0,0,0,0,1,0,0,0,0,0,0,0,0,5,8,17,2,2,0.625,0,3,0,1,1,1,10,0,0,0,0.0,0,0,0,1,0,0,0,0,0,0,0,0,0,0,0,0,0,0,0,0,0,0,0,0,0,0,0,0,0,1,0,16,0,1,0,4,0,1,0,25,0,1,0,4,0,1,0,1,0,1,0,27,0,0,0,0,0,0,0,0,0,500,465,0,0,0
photo de l'animal,photo,l'animal,de,photo,l'animal,False,r_depic,True,,0,0,0,0,0,0,0,0,0,0,0,0,0,0,0,0,0,0,0,5,8,17,2,3,0.625,0,3,0,1,1,1,10,0,0,0,0.0,0,0,0,1,0,0,0,0,0,0,0,0,0,0,0,0,0,0,0,0,0,0,0,0,0,0,0,0,0,1,0,16,0,1,0,4,0,1,0,25,0,1,0,4,0,1,0,1,0,1,0,27,0,0,0,0,0,0,0,0,0,500,15,0,0,0
photo de lapaysage,photo,lapaysage,de,photo,lapaysage,False,r_depic,True,,0,0,0,1,0,0,0,0,0,0,0,0,1,0,0,0,0,0,0,5,9,18,2,5,0.5555555555555556,0,3,0,1,0,0,10,0,0,0,0.0,0,0,0,1,0,0,0,0,0,0,0,0,0,0,0,0,0,0,0,0,0,0,0,0,0,0,0,0,0,1,0,16,0,1,0,4,0,1,0,25,0,1,0,4,0,1,0,1,0,1,0,27,0,0,0,0,0,0,0,0,0,500,0,0,0,0
illustration de labataille,illustration,labataille,de,illustration,labataille,False,r_depic,True,,1,0,0,1,0,0,0,1,0,0,0,0,0,0,0,0,0,0,0,12,10,26,5,5,1.2,0,3,0,1,0,0,5,0,0,0,0.0,0,0,0,0,0,0,0,0,0,0,0,0,1,0,0,1,0,0,0,0,0,0,0,0,0,0,0,0,0,1,0,16,0,1,0,2,0,1,0,9,0,0,0,0,0,0,0,0,0,1,0,1,0,1,0,1,0,0,0,0,0,500,0,0,0,0
illustration de lapaysage,illustration,lapaysage,de,illustration,lapaysage,False,r_depic,True,,1,0,0,1,0,0,0,0,0,0,0,0,1,0,0,0,0,0,0,12,9,25,5,5,1.3333333333333333,0,3,0,1,0,0,5,0,0,0,0.0,0,0,0,0,0,0,0,0,0,0,0,0,1,0,0,1,0,0,0,0,0,0,0,0,0,0,0,0,0,1,0,16,0,1,0,2,0,1,0,9,0,0,0,0,0,0,0,0,0,1,0,1,0,1,0,1,0,0,0,0,0,500,0,0,0,0
illustration de l'animal,illustration,l'animal,de,illustration,l'animal,False,r_depic,True,,1,0,0,0,0,0,0,0,0,0,0,0,0,0,0,0,0,0,0,12,8,24,5,3,1.5,0,3,0,1,1,1,5,0,0,0,0.0,0,0,0,0,0,0,0,0,0,0,0,0,1,0,0,1,0,0,0,0,0,0,0,0,0,0,0,0,0,1,0,16,0,1,0,2,0,1,0,9,0,0,0,0,0,0,0,0,0,1,0,1,0,1,0,1,0,0,0,0,0,500,15,0,0,0
illustration de lanature,illustration,lanature,de,illustration,lanature,False,r_depic,True,,1,0,0,1,0,0,0,0,0,0,0,0,0,0,0,0,0,0,0,12,8,24,5,4,1.5,0,3,0,1,0,0,5,0,0,0,0.0,0,0,0,0,0,0,0,0,0,0,0,0,1,0,0,1,0,0,0,0,0,0,0,0,0,0,0,0,0,1,0,16,0,1,0,2,0,1,0,9,0,0,0,0,0,0,0,0,0,1,0,1,0,1,0,1,0,0,0,0,0,500,0,0,0,0
illustration de lascene,illustration,lascene,de,illustration,lascene,False,r_depic,True,,1,0,0,1,0,0,0,0,0,0,0,0,0,0,0,0,0,0,0,12,7,23,5,3,1.7142857142857142,0,3,0,1,0,0,5,0,0,0,0.0,0,0,0,0,0,0,0,0,0,0,0,0,1,0,0,1,0,0,0,0,0,0,0,0,0,0,0,0,0,1,0,16,0,1,0,2,0,1,0,9,0,0,0,0,0,0,0,0,0,1,0,1,0,1,0,1,0,0,0,0,0,500,0,0,0,0
illustration de l'enfant,illustration,l'enfant,de,illustration,l'enfant,False,r_depic,True,,1,0,0,0,0,0,0,0,0,0,1,0,0,0,0,0,0,0,0,12,8,24,5,2,1.5,0,3,0,1,1,1,5,0,0,0,0.0,0,0,0,0,0,0,0,0,0,0,0,0,1,0,0,1,0,0,0,0,0,0,0,0,0,0,0,0,0,1,0,16,0,1,0,2,0,1,0,9,0,0,0,0,0,0,0,0,0,1,0,1,0,1,0,1,0,0,0,0,0,500,465,0,0,0
illustration de laville,illustration,laville,de,illustration,laville,False,r_depic,True,,1,0,0,1,0,0,0,1,0,0,0,0,1,0,0,0,0,0,0,12,7,23,5,3,1.7142857142857142,0,3,0,1,0,0,5,0,0,0,0.0,0,0,0,0,0,0,0,0,0,0,0,0,1,0,0,1,0,0,0,0,0,0,0,0,0,0,0,0,0,1,0,16,0,1,0,2,0,1,0,9,0,0,0,0,0,0,0,0,0,1,0,1,0,1,0,1,0,0,0,0,0,500,0,0,0,0
retard de l'inondation,retard,l'inondation,de,retard,l'inondation,False,r_has_causatif,True,,0,0,0,0,0,0,0,0,0,0,0,0,0,0,0,0,0,0,0,6,12,22,2,5,0.5,0,3,0,1,0,0,5,0,0,0,0.0,0,0,0,0,0,0,0,0,0,0,0,0,0,0,0,1,0,0,0,0,0,0,0,0,0,0,0,0,0,1,0,3,0,0,0,0,0,0,0,0,0,0,0,0,0,1,0,2,0,1,0,2,0,0,0,0,0,0,0,0,0,500,0,0,0,0
retard de laseisme,retard,laseisme,de,retard,laseisme,False,r_has_causatif,True,,0,0,0,1,0,0,0,0,0,0,0,0,0,0,0,0,0,0,0,6,8,18,2,4,0.75,0,3,0,1,0,0,5,0,0,0,0.0,0,0,0,0,0,0,0,0,0,0,0,0,0,0,0,1,0,0,0,0,0,0,0,0,0,0,0,0,0,1,0,3,0,0,0,0,0,0,0,0,0,0,0,0,0,1,0,2,0,1,0,2,0,0,0,0,0,0,0,0,0,500,0,0,0,0
retard de l'accident,retard,l'accident,de,retard,l'accident,False,r_has_causatif,True,,0,0,0,0,0,0,0,0,0,0,0,0,0,0,0,0,0,0,0,6,10,20,2,3,0.6,0,3,0,1,0,0,5,0,0,0,0.0,0,0,0,0,0,0,0,0,0,0,0,0,0,0,0,1,0,0,0,0,0,0,0,0,0,0,0,0,0,1,0,3,0,0,0,0,0,0,0,0,0,0,0,0,0,1,0,2,0,1,0,2,0,0,0,0,0,0,0,0,0,500,0,0,0,0
retard de l'orage,retard,l'orage,de,retard,l'orage,False,r_has_causatif,True,,0,0,0,1,0,0,0,0,0,0,0,0,0,0,0,0,0,0,1,6,7,17,2,3,0.8571428571428571,0,3,0,1,1,1,5,0,0,0,0.0,0,0,0,0,0,0,0,0,0,0,0,0,0,0,0,1,0,0,0,0,0,0,0,0,0,0,0,0,0,1,0,3,0,0,0,0,0,0,0,0,0,0,0,0,0,1,0,2,0,1,0,2,0,0,0,0,0,0,0,0,0,500,6,0,0,0
retard de laneige,retard,laneige,de,retard,laneige,False,r_has_causatif,True,,0,0,0,1,0,0,0,0,0,0,0,0,0,0,0,0,0,0,0,6,7,17,2,4,0.8571428571428571,0,3,0,1,0,0,5,0,0,0,0.0,0,0,0,0,0,0,0,0,0,0,0,0,0,0,0,1,0,0,0,0,0,0,0,0,0,0,0,0,0,1,0,3,0,0,0,0,0,0,0,0,0,0,0,0,0,1,0,2,0,1,0,2,0,0,0,0,0,0,0,0,0,500,0,0,0,0
retard de lafatigue,retard,lafatigue,de,retard,lafatigue,False,r_has_causatif,True,,0,0,0,1,0,0,0,0,0,0,0,0,0,0,0,0,0,0,0,6,9,19,2,5,0.6666666666666666,0,3,0,1,0,0,5,0,0,0,0.0,0,0,0,0,0,0,0,0,0,0,0,0,0,0,0,1,0,0,0,0,0,0,0,0,0,0,0,0,0,1,0,3,0,0,0,0,0,0,0,0,0,0,0,0,0,1,0,2,0,1,0,2,0,0,0,0,0,0,0,0,0,500,0,0,0,0
retard de lagreve,retard,lagreve,de,retard,lagreve,False,r_has_causatif,True,,0,0,0,1,0,0,0,0,0,0,0,0,0,0,0,0,0,0,0,6,7,17,2,3,0.8571428571428571,0,3,0,1,0,0,5,0,0,0,0.0,0,0,0,0,0,0,0,0,0,0,0,0,0,0,0,1,0,0,0,0,0,0,0,0,0,0,0,0,0,1,0,3,0,0,0,0,0,0,0,0,0,0,0,0,0,1,0,2,0,1,0,2,0,0,0,0,0,0,0,0,0,500,0,0,0,0
accident de laguerre,accident,laguerre,de,accident,laguerre,False,r_has_causatif,True,,1,0,0,1,0,0,0,0,0,0,0,0,0,0,0,0,0,0,0,8,8,20,3,4,1.0,0,3,0,1,0,0,10,0,0,0,0.0,0,0,0,0,0,0,0,0,0,0,0,0,0,0,0,0,0,0,0,0,0,0,0,0,0,0,0,0,0,1,0,13,0,0,0,0,0,0,0,0,0,1,0,3,0,1,0,4,0,1,0,7,0,0,0,0,0,0,0,0,0,500,0,0,0,0
accident de l'inondation,accident,l'inondation,de,accident,l'inondation,False,r_has_causatif,True,,1,0,0,0,0,0,0,0,0,0,0,0,0,0,0,0,0,0,0,8,12,24,3,5,0.6666666666666666,0,3,0,1,0,0,10,0,0,0,0.0,0,0,0,0,0,0,0,0,0,0,0,0,0,0,0,0,0,0,0,0,0,0,0,0,0,0,0,0,0,1,0,13,0,0,0,0,0,0,0,0,0,1,0,3,0,1,0,4,0,1,0,7,0,0,0,0,0,0,0,0,0,500,0,0,0,0
accident de l'accident,accident,l'accident,de,accident,l'accident,False,r_has_causatif,True,,1,0,0,0,0,0,0,0,0,0,0,0,0,0,0,0,0,0,0,8,10,22,3,3,0.8,0,3,0,1,0,0,10,0,0,0,0.0,0,0,0,0,0,0,0,0,0,0,0,0,0,0,0,0,0,0,0,0,0,0,0,0,0,0,0,0,0,1,0,13,0,0,0,0,0,0,0,0,0,1,0,3,0,1,0,4,0,1,0,7,0,0,0,0,0,0,0,0,0,500,0,0,0,0
accident de l'orage,accident,l'orage,de,accident,l'orage,False,r_has_causatif,True,,1,0,0,1,0,0,0,0,0,0,0,0,0,0,0,0,0,0,1,8,7,19,3,3,1.1428571428571428,0,3,0,1,1,1,10,0,0,0,0.0,0,0,0,0,0,0,0,0,0,0,0,0,0,0,0,0,0,0,0,0,0,0,0,0,0,0,0,0,0,1,0,13,0,0,0,0,0,0,0,0,0,1,0,3,0,1,0,4,0,1,0,7,0,0,0,0,0,0,0,0,0,500,6,0,0,0
accident de laseisme,accident,laseisme,de,accident,laseisme,False,r_has_causatif,True,,1,0,0,1,0,0,0,0,0,0,0,0,0,0,0,0,0,0,0,8,8,20,3,4,1.0,0,3,0,1,0,0,10,0,0,0,0.0,0,0,0,0,0,0,0,0,0,0,0,0,0,0,0,0,0,0,0,0,0,0,0,0,0,0,0,0,0,1,0,13,0,0,0,0,0,0,0,0,0,1,0,3,0,1,0,4,0,1,0,7,0,0,0,0,0,0,0,0,0,500,0,0,0,0
accident de lapluie,accident,lapluie,de,accident,lapluie,False,r_has_causatif,True,,1,0,0,1,0,0,0,0,0,0,0,0,0,0,0,0,0,0,0,8,7,19,3,4,1.1428571428571428,0,3,0,1,0,0,10,0,0,0,0.0,0,0,0,0,0,0,0,0,0,0,0,0,0,0,0,0,0,0,0,0,0,0,0,0,0,0,0,0,0,1,0,13,0,0,0,0,0,0,0,0,0,1,0,3,0,1,0,4,0,1,0,7,0,0,0,0,0,0,0,0,0,500,0,0,0,0
probleme de laseisme,probleme,laseisme,de,probleme,laseisme,False,r_has_causatif,True,,0,0,1,1,0,0,0,1,0,0,0,0,0,0,0,0,0,0,0,8,8,20,3,4,1.0,0,3,0,1,0,0,0,0,0,0,0.0,0,0,0,0,0,0,0,0,0,0,0,0,0,0,0,0,0,0,0,0,0,0,0,0,0,0,0,0,0,1,0,11,0,0,0,0,0,0,0,0,0,0,0,0,0,0,0,0,0,0,0,0,0,0,0,0,0,0,0,0,0,41,0,0,0,0
probleme de l'inondation,probleme,l'inondation,de,probleme,l'inondation,False,r_has_causatif,True,,0,0,1,0,0,0,0,1,0,0,0,0,0,0,0,0,0,0,0,8,12,24,3,5,0.6666666666666666,0,3,0,1,0,0,0,0,0,0,0.0,0,0,0,0,0,0,0,0,0,0,0,0,0,0,0,0,0,0,0,0,0,0,0,0,0,0,0,0,0,1,0,11,0,0,0,0,0,0,0,0,0,0,0,0,0,0,0,0,0,0,0,0,0,0,0,0,0,0,0,0,0,41,0,0,0,0
probleme de lagreve,probleme,lagreve,de,probleme,lagreve,False,r_has_causatif,True,,0,0,1,1,0,0,0,1,0,0,0,0,0,0,0,0,0,0,0,8,7,19,3,3,1.1428571428571428,0,3,0,1,0,0,0,0,0,0,0.0,0,0,0,0,0,0,0,0,0,0,0,0,0,0,0,0,0,0,0,0,0,0,0,0,0,0,0,0,0,1,0,11,0,0,0,0,0,0,0,0,0,0,0,0,0,0,0,0,0,0,0,0,0,0,0,0,0,0,0,0,0,41,0,0,0,0
probleme de l'orage,probleme,l'orage,de,probleme,l'orage,False,r_has_causatif,True,,0,0,1,1,0,0,0,1,0,0,0,0,0,0,0,0,0,0,1,8,7,19,3,3,1.1428571428571428,0,3,0,1,1,1,0,0,0,0,0.0,0,0,0,0,0,0,0,0,0,0,0,0,0,0,0,0,0,0,0,0,0,0,0,0,0,0,0,0,0,1,0,11,0,0,0,0,0,0,0,0,0,0,0,0,0,0,0,0,0,0,0,0,0,0,0,0,0,0,0,0,0,41,6,0,0,0
probleme de laneige,probleme,laneige,de,probleme,laneige,False,r_has_causatif,True,,0,0,1,1,0,0,0,1,0,0,0,0,0,0,0,0,0,0,0,8,7,19,3,4,1.1428571428571428,0,3,0,1,0,0,0,0,0,0,0.0,0,0,0,0,0,0,0,0,0,0,0,0,0,0,0,0,0,0,0,0,0,0,0,0,0,0,0,0,0,1,0,11,0,0,0,0,0,0,0,0,0,0,0,0,0,0,0,0,0,0,0,0,0,0,0,0,0,0,0,0,0,41,0,0,0,0
probleme de lafatigue,probleme,lafatigue,de,probleme,lafatigue,False,r_has_causatif,True,,0,0,1,1,0,0,0,1,0,0,0,0,0,0,0,0,0,0,0,8,9,21,3,5,0.8888888888888888,0,3,0,1,0,0,0,0,0,0,0.0,0,0,0,0,0,0,0,0,0,0,0,0,0,0,0,0,0,0,0,0,0,0,0,0,0,0,0,0,0,1,0,11,0,0,0,0,0,0,0,0,0,0,0,0,0,0,0,0,0,0,0,0,0,0,0,0,0,0,0,0,0,41,0,0,0,0
incident de laguerre,incident,laguerre,de,incident,laguerre,False,r_has_causatif,True,,1,0,0,1,0,0,0,0,0,0,0,0,0,0,0,0,0,0,0,8,8,20,3,4,1.0,0,3,0,1,0,0,3,0,0,0,0.0,0,0,0,0,0,0,0,0,0,0,0,0,0,0,0,0,0,0,0,0,0,0,0,0,0,0,0,0,0,1,0,38,0,0,0,0,0,0,0,0,0,0,0,0,0,0,0,0,0,1,0,9,0,0,0,0,0,0,0,0,0,500,0,0,0,0
incident de l'accident,incident,l'accident,de,incident,l'accident,False,r_has_causatif,True,,1,0,0,0,0,0,0,0,0,0,0,0,0,0,0,0,0,0,0,8,10,22,3,3,0.8,0,3,0,1,0,0,3,0,0,0,0.0,0,0,0,0,0,0,0,0,0,0,0,0,0,0,0,0,0,0,0,0,0,0,0,0,0,0,0,0,0,1,0,38,0,0,0,0,0,0,0,0,0,0,0,0,0,0,0,0,0,1,0,9,0,0,0,0,0,0,0,0,0,500,0,0,0,0
incident de lamaladie,incident,lamaladie,de,incident,lamaladie,False,r_has_causatif,True,,1,0,0,1,0,0,0,0,0,0,0,0,0,0,0,0,0,0,0,8,9,21,3,5,0.8888888888888888,0,3,0,1,0,0,3,0,0,0,0.0,0,0,0,0,0,0,0,0,0,0,0,0,0,0,0,0,0,0,0,0,0,0,0,0,0,0,0,0,0,1,0,38,0,0,0,0,0,0,0,0,0,0,0,0,0,0,0,0,0,1,0,9,0,0,0,0,0,0,0,0,0,500,0,0,0,0
incident de lagreve,incident,lagreve,de,incident,lagreve,False,r_has_causatif,True,,1,0,0,1,0,0,0,0,0,0,0,0,0,0,0,0,0,0,0,8,7,19,3,3,1.1428571428571428,0,3,0,1,0,0,3,0,0,0,0.0,0,0,0,0,0,0,0,0,0,0,0,0,0,0,0,0,0,0,0,0,0,0,0,0,0,0,0,0,0,1,0,38,0,0,0,0,0,0,0,0,0,0,0,0,0,0,0,0,0,1,0,9,0,0,0,0,0,0,0,0,0,500,0,0,0,0
incident de l'incendie,incident,l'incendie,de,incident,l'incendie,False,r_has_causatif,True,,1,0,0,1,0,0,0,0,0,0,0,0,0,0,0,0,0,0,0,8,10,22,3,4,0.8,0,3,0,1,1,1,3,0,0,0,0.0,0,0,0,0,0,0,0,0,0,0,0,0,0,0,0,0,0,0,0,0,0,0,0,0,0,0,0,0,0,1,0,38,0,0,0,0,0,0,0,0,0,0,0,0,0,0,0,0,0,1,0,9,0,0,0,0,0,0,0,0,0,500,11,0,0,0
incident de lapluie,incident,lapluie,de,incident,lapluie,False,r_has_causatif,True,,1,0,0,1,0,0,0,0,0,0,0,0,0,0,0,0,0,0,0,8,7,19,3,4,1.1428571428571428,0,3,0,1,0,0,3,0,0,0,0.0,0,0,0,0,0,0,0,0,0,0,0,0,0,0,0,0,0,0,0,0,0,0,0,0,0,0,0,0,0,1,0,38,0,0,0,0,0,0,0,0,0,0,0,0,0,0,0,0,0,1,0,9,0,0,0,0,0,0,0,0,0,500,0,0,0,0
incident de latempete,incident,latempete,de,incident,latempete,False,r_has_causatif,True,,1,0,0,1,0,0,0,0,0,0,0,0,0,0,0,0,0,0,0,8,9,21,3,4,0.8888888888888888,0,3,0,1,0,0,3,0,0,0,0.0,0,0,0,0,0,0,0,0,0,0,0,0,0,0,0,0,0,0,0,0,0,0,0,0,0,0,0,0,0,1,0,38,0,0,0,0,0,0,0,0,0,0,0,0,0,0,0,0,0,1,0,9,0,0,0,0,0,0,0,0,0,500,0,0,0,0
incident de l'orage,incident,l'orage,de,incident,l'orage,False,r_has_causatif,True,,1,0,0,1,0,0,0,0,0,0,0,0,0,0,0,0,0,0,1,8,7,19,3,3,1.1428571428571428,0,3,0,1,1,1,3,0,0,0,0.0,0,0,0,0,0,0,0,0,0,0,0,0,0,0,0,0,0,0,0,0,0,0,0,0,0,0,0,0,0,1,0,38,0,0,0,0,0,0,0,0,0,0,0,0,0,0,0,0,0,1,0,9,0,0,0,0,0,0,0,0,0,500,6,0,0,0
effet de latempete,effet,latempete,de,effet,latempete,False,r_has_causatif,True,,1,0,0,1,0,0,0,0,0,0,0,0,0,0,0,0,0,0,0,5,9,18,2,4,0.5555555555555556,0,3,0,1,0,0,4,0,0,0,0.0,0,0,0,0,0,0,0,0,0,0,0,0,0,0,0,0,0,0,0,0,0,0,0,0,0,0,0,0,0,1,0,20,0,0,0,0,0,0,0,0,0,0,0,0,0,0,0,0,0,1,0,1,0,0,0,0,0,0,0,0,0,500,0,0,0,0
effet de laguerre,effet,laguerre,de,effet,laguerre,False,r_has_causatif,True,,1,0,0,1,0,0,0,0,0,0,0,0,0,0,0,0,0,0,0,5,8,17,2,4,0.625,0,3,0,1,0,0,4,0,0,0,0.0,0,0,0,0,0,0,0,0,0,0,0,0,0,0,0,0,0,0,0,0,0,0,0,0,0,0,0,0,0,1,0,20,0,0,0,0,0,0,0,0,0,0,0,0,0,0,0,0,0,1,0,1,0,0,0,0,0,0,0,0,0,500,0,0,0,0
effet de l'orage,effet,l'orage,de,effet,l'orage,False,r_has_causatif,True,,1,0,0,1,0,0,0,0,0,0,0,0,0,0,0,0,0,0,1,5,7,16,2,3,0.7142857142857143,0,3,0,1,1,1,4,0,0,0,0.0,0,0,0,0,0,0,0,0,0,0,0,0,0,0,0,0,0,0,0,0,0,0,0,0,0,0,0,0,0,1,0,20,0,0,0,0,0,0,0,0,0,0,0,0,0,0,0,0,0,1,0,1,0,0,0,0,0,0,0,0,0,500,6,0,0,0
effet de l'accident,effet,l'accident,de,effet,l'accident,False,r_has_causatif,True,,1,0,0,0,0,0,0,0,0,0,0,0,0,0,0,0,0,0,0,5,10,19,2,3,0.5,0,3,0,1,0,0,4,0,0,0,0.0,0,0,0,0,0,0,0,0,0,0,0,0,0,0,0,0,0,0,0,0,0,0,0,0,0,0,0,0,0,1,0,20,0,0,0,0,0,0,0,0,0,0,0,0,0,0,0,0,0,1,0,1,0,0,0,0,0,0,0,0,0,500,0,0,0,0
effet de lafatigue,effet,lafatigue,de,effet,lafatigue,False,r_has_causatif,True,,1,0,0,1,0,0,0,0,0,0,0,0,0,0,0,0,0,0,0,5,9,18,2,5,0.5555555555555556,0,3,0,1,0,0,4,0,0,0,0.0,0,0,0,0,0,0,0,0,0,0,0,0,0,0,0,0,0,0,0,0,0,0,0,0,0,0,0,0,0,1,0,20,0,0,0,0,0,0,0,0,0,0,0,0,0,0,0,0,0,1,0,1,0,0,0,0,0,0,0,0,0,500,0,0,0,0
effet de laneige,effet,laneige,de,effet,laneige,False,r_has_causatif,True,,1,0,0,1,0,0,0,0,0,0,0,0,0,0,0,0,0,0,0,5,7,16,2,4,0.7142857142857143,0,3,0,1,0,0,4,0,0,0,0.0,0,0,0,0,0,0,0,0,0,0,0,0,0,0,0,0,0,0,0,0,0,0,0,0,0,0,0,0,0,1,0,20,0,0,0,0,0,0,0,0,0,0,0,0,0,0,0,0,0,1,0,1,0,0,0,0,0,0,0,0,0,500,0,0,0,0
effet de lapluie,effet,lapluie,de,effet,lapluie,False,r_has_causatif,True,,1,0,0,1,0,0,0,0,0,0,0,0,0,0,0,0,0,0,0,5,7,16,2,4,0.7142857142857143,0,3,0,1,0,0,4,0,0,0,0.0,0,0,0,0,0,0,0,0,0,0,0,0,0,0,0,0,0,0,0,0,0,0,0,0,0,0,0,0,0,1,0,20,0,0,0,0,0,0,0,0,0,0,0,0,0,0,0,0,0,1,0,1,0,0,0,0,0,0,0,0,0,500,0,0,0,0
difficulte de l'orage,difficulte,l'orage,de,difficulte,l'orage,False,r_has_causatif,True,,0,0,1,1,0,0,0,0,0,0,0,0,0,0,0,0,0,0,1,10,7,21,4,3,1.4285714285714286,0,3,0,1,1,1,0,0,0,0,0.0,0,0,0,0,0,0,0,0,0,0,0,0,0,0,0,0,0,0,0,0,0,0,0,0,0,0,0,0,0,0,0,0,0,0,0,0,0,0,0,0,0,0,0,0,0,0,0,0,0,0,0,0,0,0,0,0,0,0,0,0,0,8,6,0,0,0
difficulte de laguerre,difficulte,laguerre,de,difficulte,laguerre,False,r_has_causatif,True,,0,0,1,1,0,0,0,0,0,0,0,0,0,0,0,0,0,0,0,10,8,22,4,4,1.25,0,3,0,1,0,0,0,0,0,0,0.0,0,0,0,0,0,0,0,0,0,0,0,0,0,0,0,0,0,0,0,0,0,0,0,0,0,0,0,0,0,0,0,0,0,0,0,0,0,0,0,0,0,0,0,0,0,0,0,0,0,0,0,0,0,0,0,0,0,0,0,0,0,8,0,0,0,0
difficulte de lagreve,difficulte,lagreve,de,difficulte,lagreve,False,r_has_causatif,True,,0,0,1,1,0,0,0,0,0,0,0,0,0,0,0,0,0,0,0,10,7,21,4,3,1.4285714285714286,0,3,0,1,0,0,0,0,0,0,0.0,0,0,0,0,0,0,0,0,0,0,0,0,0,0,0,0,0,0,0,0,0,0,0,0,0,0,0,0,0,0,0,0,0,0,0,0,0,0,0,0,0,0,0,0,0,0,0,0,0,0,0,0,0,0,0,0,0,0,0,0,0,8,0,0,0,0
difficulte de l'incendie,difficulte,l'incendie,de,difficulte,l'incendie,False,r_has_causatif,True,,0,0,1,1,0,0,0,0,0,0,0,0,0,0,0,0,0,0,0,10,10,24,4,4,1.0,0,3,0,1,1,1,0,0,0,0,0.0,0,0,0,0,0,0,0,0,0,0,0,0,0,0,0,0,0,0,0,0,0,0,0,0,0,0,0,0,0,0,0,0,0,0,0,0,0,0,0,0,0,0,0,0,0,0,0,0,0,0,0,0,0,0,0,0,0,0,0,0,0,8,11,0,0,0
difficulte de l'inondation,difficulte,l'inondation,de,difficulte,l'inondation,False,r_has_causatif,True,,0,0,1,0,0,0,0,0,0,0,0,0,0,0,0,0,0,0,0,10,12,26,4,5,0.8333333333333334,0,3,0,1,0,0,0,0,0,0,0.0,0,0,0,0,0,0,0,0,0,0,0,0,0,0,0,0,0,0,0,0,0,0,0,0,0,0,0,0,0,0,0,0,0,0,0,0,0,0,0,0,0,0,0,0,0,0,0,0,0,0,0,0,0,0,0,0,0,0,0,0,0,8,0,0,0,0
difficulte de l'accident,difficulte,l'accident,de,difficulte,l'accident,False,r_has_causatif,True,,0,0,1,0,0,0,0,0,0,0,0,0,0,0,0,0,0,0,0,10,10,24,4,3,1.0,0,3,0,1,0,0,0,0,0,0,0.0,0,0,0,0,0,0,0,0,0,0,0,0,0,0,0,0,0,0,0,0,0,0,0,0,0,0,0,0,0,0,0,0,0,0,0,0,0,0,0,0,0,0,0,0,0,0,0,0,0,0,0,0,0,0,0,0,0,0,0,0,0,8,0,0,0,0
difficulte de latempete,difficulte,latempete,de,difficulte,latempete,False,r_has_causatif,True,,0,0,1,1,0,0,0,0,0,0,0,0,0,0,0,0,0,0,0,10,9,23,4,4,1.1111111111111112,0,3,0,1,0,0,0,0,0,0,0.0,0,0,0,0,0,0,0,0,0,0,0,0,0,0,0,0,0,0,0,0,0,0,0,0,0,0,0,0,0,0,0,0,0,0,0,0,0,0,0,0,0,0,0,0,0,0,0,0,0,0,0,0,0,0,0,0,0,0,0,0,0,8,0,0,0,0
resultat de l'accident,resultat,l'accident,de,resultat,l'accident,False,r_has_causatif,True,,0,0,0,0,0,0,0,0,0,0,0,0,0,0,0,0,0,0,0,8,10,22,3,3,0.8,0,3,0,1,0,0,0,0,0,0,0.0,0,0,0,0,0,0,0,0,0,0,0,0,0,0,0,0,0,0,0,0,0,0,0,0,0,0,0,0,0,0,0,0,0,0,0,0,0,0,0,0,0,0,0,0,0,0,0,0,0,0,0,0,0,0,0,0,0,0,0,0,0,58,0,0,0,0
resultat de l'incendie,resultat,l'incendie,de,resultat,l'incendie,False,r_has_causatif,True,,0,0,0,1,0,0,0,0,0,0,0,0,0,0,0,0,0,0,0,8,10,22,3,4,0.8,0,3,0,1,1,1,0,0,0,0,0.0,0,0,0,0,0,0,0,0,0,0,0,0,0,0,0,0,0,0,0,0,0,0,0,0,0,0,0,0,0,0,0,0,0,0,0,0,0,0,0,0,0,0,0,0,0,0,0,0,0,0,0,0,0,0,0,0,0,0,0,0,0,58,11,0,0,0
resultat de lamaladie,resultat,lamaladie,de,resultat,lamaladie,False,r_has_causatif,True,,0,0,0,1,0,0,0,0,0,0,0,0,0,0,0,0,0,0,0,8,9,21,3,5,0.8888888888888888,0,3,0,1,0,0,0,0,0,0,0.0,0,0,0,0,0,0,0,0,0,0,0,0,0,0,0,0,0,0,0,0,0,0,0,0,0,0,0,0,0,0,0,0,0,0,0,0,0,0,0,0,0,0,0,0,0,0,0,0,0,0,0,0,0,0,0,0,0,0,0,0,0,58,0,0,0,0
resultat de laguerre,resultat,laguerre,de,resultat,laguerre,False,r_has_causatif,True,,0,0,0,1,0,0,0,0,0,0,0,0,0,0,0,0,0,0,0,8,8,20,3,4,1.0,0,3,0,1,0,0,0,0,0,0,0.0,0,0,0,0,0,0,0,0,0,0,0,0,0,0,0,0,0,0,0,0,0,0,0,0,0,0,0,0,0,0,0,0,0,0,0,0,0,0,0,0,0,0,0,0,0,0,0,0,0,0,0,0,0,0,0,0,0,0,0,0,0,58,0,0,0,0
resultat de l'inondation,resultat,l'inondation,de,resultat,l'inondation,False,r_has_causatif,True,,0,0,0,0,0,0,0,0,0,0,0,0,0,0,0,0,0,0,0,8,12,24,3,5,0.6666666666666666,0,3,0,1,0,0,0,0,0,0,0.0,0,0,0,0,0,0,0,0,0,0,0,0,0,0,0,0,0,0,0,0,0,0,0,0,0,0,0,0,0,0,0,0,0,0,0,0,0,0,0,0,0,0,0,0,0,0,0,0,0,0,0,0,0,0,0,0,0,0,0,0,0,58,0,0,0,0
resultat de lagreve,resultat,lagreve,de,resultat,lagreve,False,r_has_causatif,True,,0,0,0,1,0,0,0,0,0,0,0,0,0,0,0,0,0,0,0,8,7,19,3,3,1.1428571428571428,0,3,0,1,0,0,0,0,0,0,0.0,0,0,0,0,0,0,0,0,0,0,0,0,0,0,0,0,0,0,0,0,0,0,0,0,0,0,0,0,0,0,0,0,0,0,0,0,0,0,0,0,0,0,0,0,0,0,0,0,0,0,0,0,0,0,0,0,0,0,0,0,0,58,0,0,0,0
resultat de latempete,resultat,latempete,de,resultat,latempete,False,r_has_causatif,True,,0,0,0,1,0,0,0,0,0,0,0,0,0,0,0,0,0,0,0,8,9,21,3,4,0.8888888888888888,0,3,0,1,0,0,0,0,0,0,0.0,0,0,0,0,0,0,0,0,0,0,0,0,0,0,0,0,0,0,0,0,0,0,0,0,0,0,0,0,0,0,0,0,0,0,0,0,0,0,0,0,0,0,0,0,0,0,0,0,0,0,0,0,0,0,0,0,0,0,0,0,0,58,0,0,0,0
resultat de laseisme,resultat,laseisme,de,resultat,laseisme,False,r_has_causatif,True,,0,0,0,1,0,0,0,0,0,0,0,0,0,0,0,0,0,0,0,8,8,20,3,4,1.0,0,3,0,1,0,0,0,0,0,0,0.0,0,0,0,0,0,0,0,0,0,0,0,0,0,0,0,0,0,0,0,0,0,0,0,0,0,0,0,0,0,0,0,0,0,0,0,0,0,0,0,0,0,0,0,0,0,0,0,0,0,0,0,0,0,0,0,0,0,0,0,0,0,58,0,0,0,0
resultat de lafatigue,resultat,lafatigue,de,resultat,lafatigue,False,r_has_causatif,True,,0,0,0,1,0,0,0,0,0,0,0,0,0,0,0,0,0,0,0,8,9,21,3,5,0.8888888888888888,0,3,0,1,0,0,0,0,0,0,0.0,0,0,0,0,0,0,0,0,0,0,0,0,0,0,0,0,0,0,0,0,0,0,0,0,0,0,0,0,0,0,0,0,0,0,0,0,0,0,0,0,0,0,0,0,0,0,0,0,0,0,0,0,0,0,0,0,0,0,0,0,0,58,0,0,0,0
suite de laguerre,suite,laguerre,de,suite,laguerre,False,r_has_causatif,True,,0,0,1,1,0,0,0,0,0,0,0,0,0,0,0,0,0,0,0,5,8,17,3,4,0.625,0,3,0,1,0,0,10,0,0,0,0.0,0,0,0,0,0,0,0,0,0,0,0,0,0,0,0,0,0,0,0,0,0,0,0,0,0,0,0,0,0,1,0,49,0,1,0,14,0,1,0,2,0,1,0,1,0,1,0,1,0,1,0,1,0,0,0,0,0,0,0,0,0,500,0,0,0,0
suite de laneige,suite,laneige,de,suite,laneige,False,r_has_causatif,True,,0,0,1,1,0,0,0,0,0,0,0,0,0,0,0,0,0,0,0,5,7,16,3,4,0.7142857142857143,0,3,0,1,0,0,10,0,0,0,0.0,0,0,0,0,0,0,0,0,0,0,0,0,0,0,0,0,0,0,0,0,0,0,0,0,0,0,0,0,0,1,0,49,0,1,0,14,0,1,0,2,0,1,0,1,0,1,0,1,0,1,0,1,0,0,0,0,0,0,0,0,0,500,0,0,0,0
suite de l'inondation,suite,l'inondation,de,suite,l'inondation,False,r_has_causatif,True,,0,0,1,0,0,0,0,0,0,0,0,0,0,0,0,0,0,0,0,5,12,21,3,5,0.4166666666666667,0,3,0,1,0,0,10,0,0,0,0.0,0,0,0,0,0,0,0,0,0,0,0,0,0,0,0,0,0,0,0,0,0,0,0,0,0,0,0,0,0,1,0,49,0,1,0,14,0,1,0,2,0,1,0,1,0,1,0,1,0,1,0,1,0,0,0,0,0,0,0,0,0,500,0,0,0,0
suite de laseisme,suite,laseisme,de,suite,laseisme,False,r_has_causatif,True,,0,0,1,1,0,0,0,0,0,0,0,0,0,0,0,0,0,0,0,5,8,17,3,4,0.625,0,3,0,1,0,0,10,0,0,0,0.0,0,0,0,0,0,0,0,0,0,0,0,0,0,0,0,0,0,0,0,0,0,0,0,0,0,0,0,0,0,1,0,49,0,1,0,14,0,1,0,2,0,1,0,1,0,1,0,1,0,1,0,1,0,0,0,0,0,0,0,0,0,500,0,0,0,0
suite de lafatigue,suite,lafatigue,de,suite,lafatigue,False,r_has_causatif,True,,0,0,1,1,0,0,0,0,0,0,0,0,0,0,0,0,0,0,0,5,9,18,3,5,0.5555555555555556,0,3,0,1,0,0,10,0,0,0,0.0,0,0,0,0,0,0,0,0,0,0,0,0,0,0,0,0,0,0,0,0,0,0,0,0,0,0,0,0,0,1,0,49,0,1,0,14,0,1,0,2,0,1,0,1,0,1,0,1,0,1,0,1,0,0,0,0,0,0,0,0,0,500,0,0,0,0
suite de lamaladie,suite,lamaladie,de,suite,lamaladie,False,r_has_causatif,True,,0,0,1,1,0,0,0,0,0,0,0,0,0,0,0,0,0,0,0,5,9,18,3,5,0.5555555555555556,0,3,0,1,0,0,10,0,0,0,0.0,0,0,0,0,0,0,0,0,0,0,0,0,0,0,0,0,0,0,0,0,0,0,0,0,0,0,0,0,0,1,0,49,0,1,0,14,0,1,0,2,0,1,0,1,0,1,0,1,0,1,0,1,0,0,0,0,0,0,0,0,0,500,0,0,0,0
suite de latempete,suite,latempete,de,suite,latempete,False,r_has_causatif,True,,0,0,1,1,0,0,0,0,0,0,0,0,0,0,0,0,0,0,0,5,9,18,3,4,0.5555555555555556,0,3,0,1,0,0,10,0,0,0,0.0,0,0,0,0,0,0,0,0,0,0,0,0,0,0,0,0,0,0,0,0,0,0,0,0,0,0,0,0,0,1,0,49,0,1,0,14,0,1,0,2,0,1,0,1,0,1,0,1,0,1,0,1,0,0,0,0,0,0,0,0,0,500,0,0,0,0
suite de l'incendie,suite,l'incendie,de,suite,l'incendie,False,r_has_causatif,True,,0,0,1,1,0,0,0,0,0,0,0,0,0,0,0,0,0,0,0,5,10,19,3,4,0.5,0,3,0,1,1,1,10,0,0,0,0.0,0,0,0,0,0,0,0,0,0,0,0,0,0,0,0,0,0,0,0,0,0,0,0,0,0,0,0,0,0,1,0,49,0,1,0,14,0,1,0,2,0,1,0,1,0,1,0,1,0,1,0,1,0,0,0,0,0,0,0,0,0,500,11,0,0,0
impact de lapluie,impact,lapluie,de,impact,lapluie,False,r_has_causatif,True,,1,0,0,1,0,0,0,0,0,0,0,0,0,0,0,0,0,0,0,6,7,17,2,4,0.8571428571428571,0,3,0,1,0,0,4,0,0,0,0.0,0,0,0,0,0,0,0,0,0,1,0,0,0,0,0,1,0,0,0,0,0,0,0,0,0,0,0,0,0,1,0,11,0,0,0,0,0,0,0,0,0,0,0,0,0,0,0,0,0,0,0,0,0,1,0,4,0,0,0,0,0,500,0,0,0,0
impact de latempete,impact,latempete,de,impact,latempete,False,r_has_causatif,True,,1,0,0,1,0,0,0,0,0,0,0,0,0,0,0,0,0,0,0,6,9,19,2,4,0.6666666666666666,0,3,0,1,0,0,4,0,0,0,0.0,0,0,0,0,0,0,0,0,0,1,0,0,0,0,0,1,0,0,0,0,0,0,0,0,0,0,0,0,0,1,0,11,0,0,0,0,0,0,0,0,0,0,0,0,0,0,0,0,0,0,0,0,0,1,0,4,0,0,0,0,0,500,0,0,0,0
impact de lafatigue,impact,lafatigue,de,impact,lafatigue,False,r_has_causatif,True,,1,0,0,1,0,0,0,0,0,0,0,0,0,0,0,0,0,0,0,6,9,19,2,5,0.6666666666666666,0,3,0,1,0,0,4,0,0,0,0.0,0,0,0,0,0,0,0,0,0,1,0,0,0,0,0,1,0,0,0,0,0,0,0,0,0,0,0,0,0,1,0,11,0,0,0,0,0,0,0,0,0,0,0,0,0,0,0,0,0,0,0,0,0,1,0,4,0,0,0,0,0,500,0,0,0,0
impact de lamaladie,impact,lamaladie,de,impact,lamaladie,False,r_has_causatif,True,,1,0,0,1,0,0,0,0,0,0,0,0,0,0,0,0,0,0,0,6,9,19,2,5,0.6666666666666666,0,3,0,1,0,0,4,0,0,0,0.0,0,0,0,0,0,0,0,0,0,1,0,0,0,0,0,1,0,0,0,0,0,0,0,0,0,0,0,0,0,1,0,11,0,0,0,0,0,0,0,0,0,0,0,0,0,0,0,0,0,0,0,0,0,1,0,4,0,0,0,0,0,500,0,0,0,0
impact de laguerre,impact,laguerre,de,impact,laguerre,False,r_has_causatif,True,,1,0,0,1,0,0,0,0,0,0,0,0,0,0,0,0,0,0,0,6,8,18,2,4,0.75,0,3,0,1,0,0,4,0,0,0,0.0,0,0,0,0,0,0,0,0,0,1,0,0,0,0,0,1,0,0,0,0,0,0,0,0,0,0,0,0,0,1,0,11,0,0,0,0,0,0,0,0,0,0,0,0,0,0,0,0,0,0,0,0,0,1,0,4,0,0,0,0,0,500,0,0,0,0
impact de l'accident,impact,l'accident,de,impact,l'accident,False,r_has_causatif,True,,1,0,0,0,0,0,0,0,0,0,0,0,0,0,0,0,0,0,0,6,10,20,2,3,0.6,0,3,0,1,0,0,4,0,0,0,0.0,0,0,0,0,0,0,0,0,0,1,0,0,0,0,0,1,0,0,0,0,0,0,0,0,0,0,0,0,0,1,0,11,0,0,0,0,0,0,0,0,0,0,0,0,0,0,0,0,0,0,0,0,0,1,0,4,0,0,0,0,0,500,0,0,0,0
consequence de laguerre,consequence,laguerre,de,consequence,laguerre,False,r_has_causatif,True,,0,0,1,1,0,0,0,0,0,0,0,0,0,0,0,0,0,0,0,11,8,23,5,4,1.375,0,3,0,1,0,0,0,0,0,0,0.0,0,0,0,0,0,0,0,0,0,0,0,0,0,0,0,0,0,0,0,0,0,0,0,0,0,0,0,0,0,1,0,67,0,0,0,0,0,0,0,0,0,0,0,0,0,0,0,0,0,0,0,0,0,1,0,1,0,0,0,0,0,465,0,0,0,0
consequence de lagreve,consequence,lagreve,de,consequence,lagreve,False,r_has_causatif,True,,0,0,1,1,0,0,0,0,0,0,0,0,0,0,0,0,0,0,0,11,7,22,5,3,1.5714285714285714,0,3,0,1,0,0,0,0,0,0,0.0,0,0,0,0,0,0,0,0,0,0,0,0,0,0,0,0,0,0,0,0,0,0,0,0,0,0,0,0,0,1,0,67,0,0,0,0,0,0,0,0,0,0,0,0,0,0,0,0,0,0,0,0,0,1,0,1,0,0,0,0,0,465,0,0,0,0
consequence de laseisme,consequence,laseisme,de,consequence,laseisme,False,r_has_causatif,True,,0,0,1,1,0,0,0,0,0,0,0,0,0,0,0,0,0,0,0,11,8,23,5,4,1.375,0,3,0,1,0,0,0,0,0,0,0.0,0,0,0,0,0,0,0,0,0,0,0,0,0,0,0,0,0,0,0,0,0,0,0,0,0,0,0,0,0,1,0,67,0,0,0,0,0,0,0,0,0,0,0,0,0,0,0,0,0,0,0,0,0,1,0,1,0,0,0,0,0,465,0,0,0,0
consequence de l'orage,consequence,l'orage,de,consequence,l'orage,False,r_has_causatif,True,,0,0,1,1,0,0,0,0,0,0,0,0,0,0,0,0,0,0,1,11,7,22,5,3,1.5714285714285714,0,3,0,1,1,1,0,0,0,0,0.0,0,0,0,0,0,0,0,0,0,0,0,0,0,0,0,0,0,0,0,0,0,0,0,0,0,0,0,0,0,1,0,67,0,0,0,0,0,0,0,0,0,0,0,0,0,0,0,0,0,0,0,0,0,1,0,1,0,0,0,0,0,465,6,0,0,0
consequence de lamaladie,consequence,lamaladie,de,consequence,lamaladie,False,r_has_causatif,True,,0,0,1,1,0,0,0,0,0,0,0,0,0,0,0,0,0,0,0,11,9,24,5,5,1.2222222222222223,0,3,0,1,0,0,0,0,0,0,0.0,0,0,0,0,0,0,0,0,0,0,0,0,0,0,0,0,0,0,0,0,0,0,0,0,0,0,0,0,0,1,0,67,0,0,0,0,0,0,0,0,0,0,0,0,0,0,0,0,0,0,0,0,0,1,0,1,0,0,0,0,0,465,0,0,0,0
