,accuracy,f1_macro,precision_macro,recall_macro,training_time
random_forest,1.0,1.0,1.0,1.0,0.154473
gradient_boosting,1.0,1.0,1.0,1.0,1.675956
svm_linear,0.9556213017751479,0.955569054346741,0.9635117056856187,0.9562582345191042,0.034425
svm_rbf,0.9230769230769231,0.9243150806052653,0.9365425971877586,0.9229249011857709,0.042601
logistic_regression,0.8609467455621301,0.86017713021933,0.8749232158354966,0.8615283267457181,0.113145
