{
  "mode": "DA_S",
  "stable": true,
  "students": {
    "ranks_0based": {
      "0": 1,
      "1": 6,
      "2": 0,
      "3": 3,
      "4": 7,
      "5": 1,
      "6": 2,
      "7": 0,
      "8": 1,
      "9": 0
    },
    "n_agents": 10,
    "mean_rank_1based": 3.1,
    "median_rank_1based": 2.0,
    "std_rank": 2.3853720883753127,
    "top1_rate": 0.3,
    "top3_rate": 0.7,
    "mean_score": 0.7666666666666666,
    "gini_score": 0.17826086956521747,
    "hist_1based": {
      "1": 3,
      "2": 3,
      "3": 1,
      "4": 1,
      "5": 0,
      "6": 0,
      "7": 1,
      "8": 1,
      "9": 0,
      "10": 0
    }
  },
  "schools": {
    "ranks_0based": {
      "0": 1,
      "1": 0,
      "2": 1,
      "3": 2,
      "4": 0,
      "5": 2,
      "6": 0,
      "7": 3,
      "8": 0,
      "9": 5
    },
    "n_agents": 10,
    "mean_rank_1based": 2.4,
    "median_rank_1based": 2.0,
    "std_rank": 1.5620499351813308,
    "top1_rate": 0.4,
    "top3_rate": 0.8,
    "mean_score": 0.8444444444444444,
    "gini_score": 0.10789473684210527,
    "hist_1based": {
      "1": 4,
      "2": 2,
      "3": 2,
      "4": 1,
      "5": 0,
      "6": 1,
      "7": 0,
      "8": 0,
      "9": 0,
      "10": 0
    }
  }
}