{
  "mode": "DA_E",
  "stable": true,
  "students": {
    "ranks_0based": {
      "0": 1,
      "1": 0,
      "2": 0,
      "3": 1,
      "4": 0,
      "5": 1,
      "6": 0,
      "7": 2,
      "8": 3,
      "9": 2
    },
    "n_agents": 10,
    "mean_rank_1based": 2,
    "median_rank_1based": 2.0,
    "std_rank": 1.0,
    "top1_rate": 0.4,
    "top3_rate": 0.9,
    "mean_score": 0.8888888888888888,
    "gini_score": 0.0674999999999999,
    "hist_1based": {
      "1": 4,
      "2": 3,
      "3": 2,
      "4": 1,
      "5": 0,
      "6": 0,
      "7": 0,
      "8": 0,
      "9": 0,
      "10": 0
    }
  },
  "schools": {
    "ranks_0based": {
      "0": 1,
      "1": 8,
      "2": 3,
      "3": 6,
      "4": 4,
      "5": 1,
      "6": 6,
      "7": 6,
      "8": 3,
      "9": 3
    },
    "n_agents": 10,
    "mean_rank_1based": 5.1,
    "median_rank_1based": 4.5,
    "std_rank": 2.211334438749598,
    "top1_rate": 0.0,
    "top3_rate": 0.2,
    "mean_score": 0.5444444444444445,
    "gini_score": 0.25102040816326565,
    "hist_1based": {
      "1": 0,
      "2": 2,
      "3": 0,
      "4": 3,
      "5": 1,
      "6": 0,
      "7": 3,
      "8": 0,
      "9": 1,
      "10": 0
    }
  }
}