{
  "mode": "DA_S",
  "stable": true,
  "students": {
    "ranks_0based": {
      "0": 2,
      "1": 6,
      "2": 5,
      "3": 4,
      "4": 2,
      "5": 3,
      "6": 0,
      "7": 2,
      "8": 6,
      "9": 3
    },
    "n_agents": 10,
    "mean_rank_1based": 4.3,
    "median_rank_1based": 4.0,
    "std_rank": 1.8466185312619388,
    "top1_rate": 0.1,
    "top3_rate": 0.4,
    "mean_score": 0.6333333333333333,
    "gini_score": 0.18070175438596503,
    "hist_1based": {
      "1": 1,
      "2": 0,
      "3": 3,
      "4": 2,
      "5": 1,
      "6": 1,
      "7": 2,
      "8": 0,
      "9": 0,
      "10": 0
    }
  },
  "schools": {
    "ranks_0based": {
      "0": 0,
      "1": 0,
      "2": 1,
      "3": 0,
      "4": 1,
      "5": 0,
      "6": 1,
      "7": 2,
      "8": 0,
      "9": 2
    },
    "n_agents": 10,
    "mean_rank_1based": 1.7,
    "median_rank_1based": 1.5,
    "std_rank": 0.7810249675906654,
    "top1_rate": 0.5,
    "top3_rate": 1.0,
    "mean_score": 0.9222222222222222,
    "gini_score": 0.049397590361445864,
    "hist_1based": {
      "1": 5,
      "2": 3,
      "3": 2,
      "4": 0,
      "5": 0,
      "6": 0,
      "7": 0,
      "8": 0,
      "9": 0,
      "10": 0
    }
  }
}