{
  "mode": "DA_E",
  "stable": true,
  "students": {
    "ranks_0based": {
      "0": 2,
      "1": 1,
      "2": 0,
      "3": 0,
      "4": 0,
      "5": 2,
      "6": 0,
      "7": 0,
      "8": 0,
      "9": 3,
      "10": 4,
      "11": 2,
      "12": 1,
      "13": 2,
      "14": 3,
      "15": 9,
      "16": 1,
      "17": 2,
      "18": 2,
      "19": 1,
      "20": 3,
      "21": 8,
      "22": 1,
      "23": 2,
      "24": 2,
      "25": 6,
      "26": 3,
      "27": 1,
      "28": 1,
      "29": 0,
      "30": 7,
      "31": 3,
      "32": 0,
      "33": 1,
      "34": 1,
      "35": 0,
      "36": 0,
      "37": 3,
      "38": 5,
      "39": 2,
      "40": 3,
      "41": 4,
      "42": 1,
      "43": 1,
      "44": 1,
      "45": 9,
      "46": 0,
      "47": 1,
      "48": 1,
      "49": 5
    },
    "n_agents": 50,
    "mean_rank_1based": 3.2,
    "median_rank_1based": 2.5,
    "std_rank": 2.2978250586152114,
    "top1_rate": 0.22,
    "top3_rate": 0.68,
    "mean_score": 0.9551020408163265,
    "gini_score": 0.024905982905983226,
    "hist_1based": {
      "1": 11,
      "2": 14,
      "3": 9,
      "4": 7,
      "5": 2,
      "6": 2,
      "7": 1,
      "8": 1,
      "9": 1,
      "10": 2,
      "11": 0,
      "12": 0,
      "13": 0,
      "14": 0,
      "15": 0,
      "16": 0,
      "17": 0,
      "18": 0,
      "19": 0,
      "20": 0,
      "21": 0,
      "22": 0,
      "23": 0,
      "24": 0,
      "25": 0,
      "26": 0,
      "27": 0,
      "28": 0,
      "29": 0,
      "30": 0,
      "31": 0,
      "32": 0,
      "33": 0,
      "34": 0,
      "35": 0,
      "36": 0,
      "37": 0,
      "38": 0,
      "39": 0,
      "40": 0,
      "41": 0,
      "42": 0,
      "43": 0,
      "44": 0,
      "45": 0,
      "46": 0,
      "47": 0,
      "48": 0,
      "49": 0,
      "50": 0
    }
  },
  "schools": {
    "ranks_0based": {
      "0": 1,
      "1": 4,
      "2": 4,
      "3": 3,
      "4": 0,
      "5": 9,
      "6": 5,
      "7": 1,
      "8": 3,
      "9": 15,
      "10": 23,
      "11": 7,
      "12": 14,
      "13": 18,
      "14": 47,
      "15": 1,
      "16": 0,
      "17": 32,
      "18": 11,
      "19": 2,
      "20": 5,
      "21": 3,
      "22": 4,
      "23": 15,
      "24": 21,
      "25": 9,
      "26": 26,
      "27": 7,
      "28": 9,
      "29": 37,
      "30": 0,
      "31": 28,
      "32": 0,
      "33": 2,
      "34": 24,
      "35": 7,
      "36": 6,
      "37": 3,
      "38": 11,
      "39": 12,
      "40": 38,
      "41": 16,
      "42": 19,
      "43": 1,
      "44": 35,
      "45": 12,
      "46": 2,
      "47": 3,
      "48": 0,
      "49": 5
    },
    "n_agents": 50,
    "mean_rank_1based": 12.2,
    "median_rank_1based": 8.0,
    "std_rank": 11.603447763488228,
    "top1_rate": 0.1,
    "top3_rate": 0.24,
    "mean_score": 0.7714285714285715,
    "gini_score": 0.16067724867724897,
    "hist_1based": {
      "1": 5,
      "2": 4,
      "3": 3,
      "4": 5,
      "5": 3,
      "6": 3,
      "7": 1,
      "8": 3,
      "9": 0,
      "10": 3,
      "11": 0,
      "12": 2,
      "13": 2,
      "14": 0,
      "15": 1,
      "16": 2,
      "17": 1,
      "18": 0,
      "19": 1,
      "20": 1,
      "21": 0,
      "22": 1,
      "23": 0,
      "24": 1,
      "25": 1,
      "26": 0,
      "27": 1,
      "28": 0,
      "29": 1,
      "30": 0,
      "31": 0,
      "32": 0,
      "33": 1,
      "34": 0,
      "35": 0,
      "36": 1,
      "37": 0,
      "38": 1,
      "39": 1,
      "40": 0,
      "41": 0,
      "42": 0,
      "43": 0,
      "44": 0,
      "45": 0,
      "46": 0,
      "47": 0,
      "48": 1,
      "49": 0,
      "50": 0
    }
  }
}