{
  "mode": "DA_E",
  "stable": true,
  "students": {
    "ranks_0based": {
      "0": 2,
      "1": 4,
      "2": 0,
      "3": 4,
      "4": 7,
      "5": 1,
      "6": 2,
      "7": 6,
      "8": 0,
      "9": 0,
      "10": 8,
      "11": 1,
      "12": 0,
      "13": 10,
      "14": 4,
      "15": 2,
      "16": 3,
      "17": 6,
      "18": 0,
      "19": 2,
      "20": 3,
      "21": 2,
      "22": 0,
      "23": 3,
      "24": 9,
      "25": 3,
      "26": 0,
      "27": 0,
      "28": 1,
      "29": 1,
      "30": 3,
      "31": 2,
      "32": 0,
      "33": 0,
      "34": 2,
      "35": 1,
      "36": 2,
      "37": 1,
      "38": 1,
      "39": 2,
      "40": 0,
      "41": 5,
      "42": 0,
      "43": 7,
      "44": 10,
      "45": 19,
      "46": 1,
      "47": 2,
      "48": 3,
      "49": 1
    },
    "n_agents": 50,
    "mean_rank_1based": 3.92,
    "median_rank_1based": 3.0,
    "std_rank": 3.537456713516082,
    "top1_rate": 0.24,
    "top3_rate": 0.62,
    "mean_score": 0.9404081632653061,
    "gini_score": 0.036423611111111365,
    "hist_1based": {
      "1": 12,
      "2": 9,
      "3": 10,
      "4": 6,
      "5": 3,
      "6": 1,
      "7": 2,
      "8": 2,
      "9": 1,
      "10": 1,
      "11": 2,
      "12": 0,
      "13": 0,
      "14": 0,
      "15": 0,
      "16": 0,
      "17": 0,
      "18": 0,
      "19": 0,
      "20": 1,
      "21": 0,
      "22": 0,
      "23": 0,
      "24": 0,
      "25": 0,
      "26": 0,
      "27": 0,
      "28": 0,
      "29": 0,
      "30": 0,
      "31": 0,
      "32": 0,
      "33": 0,
      "34": 0,
      "35": 0,
      "36": 0,
      "37": 0,
      "38": 0,
      "39": 0,
      "40": 0,
      "41": 0,
      "42": 0,
      "43": 0,
      "44": 0,
      "45": 0,
      "46": 0,
      "47": 0,
      "48": 0,
      "49": 0,
      "50": 0
    }
  },
  "schools": {
    "ranks_0based": {
      "0": 2,
      "1": 14,
      "2": 20,
      "3": 2,
      "4": 7,
      "5": 43,
      "6": 8,
      "7": 9,
      "8": 9,
      "9": 3,
      "10": 9,
      "11": 13,
      "12": 10,
      "13": 2,
      "14": 18,
      "15": 14,
      "16": 47,
      "17": 5,
      "18": 15,
      "19": 12,
      "20": 15,
      "21": 29,
      "22": 4,
      "23": 20,
      "24": 10,
      "25": 22,
      "26": 14,
      "27": 10,
      "28": 35,
      "29": 30,
      "30": 31,
      "31": 4,
      "32": 0,
      "33": 1,
      "34": 23,
      "35": 5,
      "36": 10,
      "37": 17,
      "38": 7,
      "39": 24,
      "40": 6,
      "41": 18,
      "42": 1,
      "43": 1,
      "44": 5,
      "45": 5,
      "46": 5,
      "47": 12,
      "48": 5,
      "49": 6
    },
    "n_agents": 50,
    "mean_rank_1based": 13.74,
    "median_rank_1based": 11.0,
    "std_rank": 10.745808485172253,
    "top1_rate": 0.02,
    "top3_rate": 0.14,
    "mean_score": 0.74,
    "gini_score": 0.1562824048538336,
    "hist_1based": {
      "1": 1,
      "2": 3,
      "3": 3,
      "4": 1,
      "5": 2,
      "6": 6,
      "7": 2,
      "8": 2,
      "9": 1,
      "10": 3,
      "11": 4,
      "12": 0,
      "13": 2,
      "14": 1,
      "15": 3,
      "16": 2,
      "17": 0,
      "18": 1,
      "19": 2,
      "20": 0,
      "21": 2,
      "22": 0,
      "23": 1,
      "24": 1,
      "25": 1,
      "26": 0,
      "27": 0,
      "28": 0,
      "29": 0,
      "30": 1,
      "31": 1,
      "32": 1,
      "33": 0,
      "34": 0,
      "35": 0,
      "36": 1,
      "37": 0,
      "38": 0,
      "39": 0,
      "40": 0,
      "41": 0,
      "42": 0,
      "43": 0,
      "44": 1,
      "45": 0,
      "46": 0,
      "47": 0,
      "48": 1,
      "49": 0,
      "50": 0
    }
  }
}