{
  "mode": "DA_E",
  "stable": true,
  "students": {
    "ranks_0based": {
      "0": 4,
      "1": 9,
      "2": 3,
      "3": 1,
      "4": 0,
      "5": 6,
      "6": 1,
      "7": 2,
      "8": 0,
      "9": 1
    },
    "n_agents": 10,
    "mean_rank_1based": 3.7,
    "median_rank_1based": 2.5,
    "std_rank": 2.7586228448267445,
    "top1_rate": 0.2,
    "top3_rate": 0.6,
    "mean_score": 0.7,
    "gini_score": 0.23015873015873,
    "hist_1based": {
      "1": 2,
      "2": 3,
      "3": 1,
      "4": 1,
      "5": 1,
      "6": 0,
      "7": 1,
      "8": 0,
      "9": 0,
      "10": 1
    }
  },
  "schools": {
    "ranks_0based": {
      "0": 1,
      "1": 2,
      "2": 9,
      "3": 2,
      "4": 0,
      "5": 0,
      "6": 0,
      "7": 0,
      "8": 6,
      "9": 1
    },
    "n_agents": 10,
    "mean_rank_1based": 3.1,
    "median_rank_1based": 2.0,
    "std_rank": 2.8792360097775935,
    "top1_rate": 0.4,
    "top3_rate": 0.8,
    "mean_score": 0.7666666666666666,
    "gini_score": 0.20144927536231894,
    "hist_1based": {
      "1": 4,
      "2": 2,
      "3": 2,
      "4": 0,
      "5": 0,
      "6": 0,
      "7": 1,
      "8": 0,
      "9": 0,
      "10": 1
    }
  }
}