{
  "mode": "DA_E",
  "stable": true,
  "students": {
    "ranks_0based": {
      "0": 0,
      "1": 3,
      "2": 1,
      "3": 1,
      "4": 2,
      "5": 3,
      "6": 3,
      "7": 4,
      "8": 4,
      "9": 1,
      "10": 2,
      "11": 0,
      "12": 0,
      "13": 3,
      "14": 4,
      "15": 5,
      "16": 3,
      "17": 0,
      "18": 2,
      "19": 2
    },
    "n_agents": 20,
    "mean_rank_1based": 3.15,
    "median_rank_1based": 3.0,
    "std_rank": 1.49248115565993,
    "top1_rate": 0.2,
    "top3_rate": 0.55,
    "mean_score": 0.8868421052631579,
    "gini_score": 0.04999999999999982,
    "hist_1based": {
      "1": 4,
      "2": 3,
      "3": 4,
      "4": 5,
      "5": 3,
      "6": 1,
      "7": 0,
      "8": 0,
      "9": 0,
      "10": 0,
      "11": 0,
      "12": 0,
      "13": 0,
      "14": 0,
      "15": 0,
      "16": 0,
      "17": 0,
      "18": 0,
      "19": 0,
      "20": 0
    }
  },
  "schools": {
    "ranks_0based": {
      "0": 3,
      "1": 2,
      "2": 12,
      "3": 3,
      "4": 3,
      "5": 2,
      "6": 8,
      "7": 6,
      "8": 1,
      "9": 1,
      "10": 4,
      "11": 1,
      "12": 1,
      "13": 0,
      "14": 1,
      "15": 9,
      "16": 4,
      "17": 17,
      "18": 3,
      "19": 6
    },
    "n_agents": 20,
    "mean_rank_1based": 5.35,
    "median_rank_1based": 4.0,
    "std_rank": 4.198511641046146,
    "top1_rate": 0.05,
    "top3_rate": 0.4,
    "mean_score": 0.7710526315789474,
    "gini_score": 0.14419795221843001,
    "hist_1based": {
      "1": 1,
      "2": 5,
      "3": 2,
      "4": 4,
      "5": 2,
      "6": 0,
      "7": 2,
      "8": 0,
      "9": 1,
      "10": 1,
      "11": 0,
      "12": 0,
      "13": 1,
      "14": 0,
      "15": 0,
      "16": 0,
      "17": 0,
      "18": 1,
      "19": 0,
      "20": 0
    }
  }
}