{
  "mode": "DA_S",
  "stable": true,
  "students": {
    "ranks_0based": {
      "0": 1,
      "1": 3,
      "2": 28,
      "3": 3,
      "4": 2,
      "5": 2,
      "6": 1,
      "7": 16,
      "8": 10,
      "9": 6,
      "10": 20,
      "11": 2,
      "12": 1,
      "13": 17,
      "14": 6,
      "15": 23,
      "16": 5,
      "17": 1,
      "18": 2,
      "19": 1,
      "20": 7,
      "21": 16,
      "22": 4,
      "23": 22,
      "24": 23,
      "25": 8,
      "26": 5,
      "27": 15,
      "28": 24,
      "29": 3,
      "30": 7,
      "31": 14,
      "32": 12,
      "33": 11,
      "34": 8,
      "35": 11,
      "36": 30,
      "37": 0,
      "38": 15,
      "39": 0,
      "40": 29,
      "41": 23,
      "42": 3,
      "43": 14,
      "44": 32,
      "45": 6,
      "46": 13,
      "47": 0,
      "48": 4,
      "49": 1
    },
    "n_agents": 50,
    "mean_rank_1based": 11.2,
    "median_rank_1based": 8.0,
    "std_rank": 9.12797896579522,
    "top1_rate": 0.06,
    "top3_rate": 0.26,
    "mean_score": 0.7918367346938775,
    "gini_score": 0.12958762886598008,
    "hist_1based": {
      "1": 3,
      "2": 6,
      "3": 4,
      "4": 4,
      "5": 2,
      "6": 2,
      "7": 3,
      "8": 2,
      "9": 2,
      "10": 0,
      "11": 1,
      "12": 2,
      "13": 1,
      "14": 1,
      "15": 2,
      "16": 2,
      "17": 2,
      "18": 1,
      "19": 0,
      "20": 0,
      "21": 1,
      "22": 0,
      "23": 1,
      "24": 3,
      "25": 1,
      "26": 0,
      "27": 0,
      "28": 0,
      "29": 1,
      "30": 1,
      "31": 1,
      "32": 0,
      "33": 1,
      "34": 0,
      "35": 0,
      "36": 0,
      "37": 0,
      "38": 0,
      "39": 0,
      "40": 0,
      "41": 0,
      "42": 0,
      "43": 0,
      "44": 0,
      "45": 0,
      "46": 0,
      "47": 0,
      "48": 0,
      "49": 0,
      "50": 0
    }
  },
  "schools": {
    "ranks_0based": {
      "0": 4,
      "1": 5,
      "2": 4,
      "3": 0,
      "4": 12,
      "5": 2,
      "6": 2,
      "7": 2,
      "8": 2,
      "9": 1,
      "10": 0,
      "11": 3,
      "12": 1,
      "13": 4,
      "14": 0,
      "15": 4,
      "16": 4,
      "17": 5,
      "18": 4,
      "19": 1,
      "20": 2,
      "21": 0,
      "22": 1,
      "23": 1,
      "24": 6,
      "25": 0,
      "26": 1,
      "27": 0,
      "28": 3,
      "29": 1,
      "30": 1,
      "31": 5,
      "32": 4,
      "33": 1,
      "34": 0,
      "35": 1,
      "36": 3,
      "37": 0,
      "38": 0,
      "39": 6,
      "40": 0,
      "41": 0,
      "42": 7,
      "43": 5,
      "44": 10,
      "45": 3,
      "46": 2,
      "47": 4,
      "48": 1,
      "49": 1
    },
    "n_agents": 50,
    "mean_rank_1based": 3.58,
    "median_rank_1based": 3.0,
    "std_rank": 2.5775181861628056,
    "top1_rate": 0.22,
    "top3_rate": 0.58,
    "mean_score": 0.9473469387755102,
    "gini_score": 0.028789314950452338,
    "hist_1based": {
      "1": 11,
      "2": 12,
      "3": 6,
      "4": 4,
      "5": 8,
      "6": 4,
      "7": 2,
      "8": 1,
      "9": 0,
      "10": 0,
      "11": 1,
      "12": 0,
      "13": 1,
      "14": 0,
      "15": 0,
      "16": 0,
      "17": 0,
      "18": 0,
      "19": 0,
      "20": 0,
      "21": 0,
      "22": 0,
      "23": 0,
      "24": 0,
      "25": 0,
      "26": 0,
      "27": 0,
      "28": 0,
      "29": 0,
      "30": 0,
      "31": 0,
      "32": 0,
      "33": 0,
      "34": 0,
      "35": 0,
      "36": 0,
      "37": 0,
      "38": 0,
      "39": 0,
      "40": 0,
      "41": 0,
      "42": 0,
      "43": 0,
      "44": 0,
      "45": 0,
      "46": 0,
      "47": 0,
      "48": 0,
      "49": 0,
      "50": 0
    }
  }
}