{
  "mode": "DA_E",
  "stable": true,
  "students": {
    "ranks_0based": {
      "0": 8,
      "1": 5,
      "2": 12,
      "3": 3,
      "4": 7,
      "5": 12,
      "6": 1,
      "7": 3,
      "8": 7,
      "9": 18,
      "10": 15,
      "11": 2,
      "12": 3,
      "13": 7,
      "14": 2,
      "15": 0,
      "16": 3,
      "17": 7,
      "18": 3,
      "19": 0,
      "20": 1,
      "21": 0,
      "22": 1,
      "23": 0,
      "24": 6,
      "25": 10,
      "26": 6,
      "27": 3,
      "28": 8,
      "29": 4,
      "30": 8,
      "31": 0,
      "32": 1,
      "33": 3,
      "34": 5,
      "35": 1,
      "36": 3,
      "37": 3,
      "38": 9,
      "39": 2,
      "40": 30,
      "41": 11,
      "42": 1,
      "43": 4,
      "44": 2,
      "45": 7,
      "46": 0,
      "47": 0,
      "48": 3,
      "49": 3,
      "50": 11,
      "51": 4,
      "52": 19,
      "53": 6,
      "54": 0,
      "55": 0,
      "56": 2,
      "57": 0,
      "58": 2,
      "59": 2,
      "60": 2,
      "61": 1,
      "62": 7,
      "63": 0,
      "64": 12,
      "65": 6,
      "66": 8,
      "67": 2,
      "68": 4,
      "69": 4,
      "70": 2,
      "71": 5,
      "72": 2,
      "73": 0,
      "74": 1,
      "75": 18,
      "76": 2,
      "77": 10,
      "78": 2,
      "79": 14,
      "80": 3,
      "81": 2,
      "82": 8,
      "83": 0,
      "84": 2,
      "85": 8,
      "86": 2,
      "87": 0,
      "88": 1,
      "89": 1,
      "90": 0,
      "91": 2,
      "92": 0,
      "93": 8,
      "94": 1,
      "95": 4,
      "96": 2,
      "97": 10,
      "98": 13,
      "99": 3
    },
    "n_agents": 100,
    "mean_rank_1based": 5.71,
    "median_rank_1based": 4.0,
    "std_rank": 5.091748226297133,
    "top1_rate": 0.16,
    "top3_rate": 0.45,
    "mean_score": 0.9524242424242424,
    "gini_score": 0.026803478629759292,
    "hist_1based": {
      "1": 16,
      "2": 11,
      "3": 18,
      "4": 13,
      "5": 6,
      "6": 3,
      "7": 4,
      "8": 6,
      "9": 7,
      "10": 1,
      "11": 3,
      "12": 2,
      "13": 3,
      "14": 1,
      "15": 1,
      "16": 1,
      "17": 0,
      "18": 0,
      "19": 2,
      "20": 1,
      "21": 0,
      "22": 0,
      "23": 0,
      "24": 0,
      "25": 0,
      "26": 0,
      "27": 0,
      "28": 0,
      "29": 0,
      "30": 0,
      "31": 1,
      "32": 0,
      "33": 0,
      "34": 0,
      "35": 0,
      "36": 0,
      "37": 0,
      "38": 0,
      "39": 0,
      "40": 0,
      "41": 0,
      "42": 0,
      "43": 0,
      "44": 0,
      "45": 0,
      "46": 0,
      "47": 0,
      "48": 0,
      "49": 0,
      "50": 0,
      "51": 0,
      "52": 0,
      "53": 0,
      "54": 0,
      "55": 0,
      "56": 0,
      "57": 0,
      "58": 0,
      "59": 0,
      "60": 0,
      "61": 0,
      "62": 0,
      "63": 0,
      "64": 0,
      "65": 0,
      "66": 0,
      "67": 0,
      "68": 0,
      "69": 0,
      "70": 0,
      "71": 0,
      "72": 0,
      "73": 0,
      "74": 0,
      "75": 0,
      "76": 0,
      "77": 0,
      "78": 0,
      "79": 0,
      "80": 0,
      "81": 0,
      "82": 0,
      "83": 0,
      "84": 0,
      "85": 0,
      "86": 0,
      "87": 0,
      "88": 0,
      "89": 0,
      "90": 0,
      "91": 0,
      "92": 0,
      "93": 0,
      "94": 0,
      "95": 0,
      "96": 0,
      "97": 0,
      "98": 0,
      "99": 0,
      "100": 0
    }
  },
  "schools": {
    "ranks_0based": {
      "0": 25,
      "1": 18,
      "2": 39,
      "3": 15,
      "4": 85,
      "5": 5,
      "6": 9,
      "7": 55,
      "8": 40,
      "9": 22,
      "10": 3,
      "11": 20,
      "12": 23,
      "13": 20,
      "14": 6,
      "15": 32,
      "16": 0,
      "17": 0,
      "18": 1,
      "19": 0,
      "20": 1,
      "21": 26,
      "22": 35,
      "23": 16,
      "24": 14,
      "25": 14,
      "26": 4,
      "27": 0,
      "28": 12,
      "29": 6,
      "30": 4,
      "31": 2,
      "32": 27,
      "33": 5,
      "34": 7,
      "35": 11,
      "36": 18,
      "37": 8,
      "38": 3,
      "39": 38,
      "40": 0,
      "41": 2,
      "42": 22,
      "43": 5,
      "44": 0,
      "45": 18,
      "46": 74,
      "47": 15,
      "48": 2,
      "49": 3,
      "50": 21,
      "51": 23,
      "52": 7,
      "53": 21,
      "54": 4,
      "55": 18,
      "56": 68,
      "57": 5,
      "58": 61,
      "59": 20,
      "60": 2,
      "61": 2,
      "62": 5,
      "63": 0,
      "64": 19,
      "65": 34,
      "66": 3,
      "67": 49,
      "68": 23,
      "69": 0,
      "70": 10,
      "71": 11,
      "72": 1,
      "73": 7,
      "74": 8,
      "75": 2,
      "76": 3,
      "77": 4,
      "78": 25,
      "79": 9,
      "80": 12,
      "81": 6,
      "82": 22,
      "83": 10,
      "84": 18,
      "85": 25,
      "86": 3,
      "87": 4,
      "88": 16,
      "89": 20,
      "90": 1,
      "91": 11,
      "92": 16,
      "93": 45,
      "94": 11,
      "95": 3,
      "96": 23,
      "97": 5,
      "98": 17,
      "99": 2
    },
    "n_agents": 100,
    "mean_rank_1based": 16.45,
    "median_rank_1based": 12.0,
    "std_rank": 16.62791327858069,
    "top1_rate": 0.08,
    "top3_rate": 0.19,
    "mean_score": 0.843939393939394,
    "gini_score": 0.09852184320766066,
    "hist_1based": {
      "1": 8,
      "2": 4,
      "3": 7,
      "4": 7,
      "5": 5,
      "6": 6,
      "7": 3,
      "8": 3,
      "9": 2,
      "10": 2,
      "11": 2,
      "12": 4,
      "13": 2,
      "14": 0,
      "15": 2,
      "16": 2,
      "17": 3,
      "18": 1,
      "19": 5,
      "20": 1,
      "21": 4,
      "22": 2,
      "23": 3,
      "24": 4,
      "25": 0,
      "26": 3,
      "27": 1,
      "28": 1,
      "29": 0,
      "30": 0,
      "31": 0,
      "32": 0,
      "33": 1,
      "34": 0,
      "35": 1,
      "36": 1,
      "37": 0,
      "38": 0,
      "39": 1,
      "40": 1,
      "41": 1,
      "42": 0,
      "43": 0,
      "44": 0,
      "45": 0,
      "46": 1,
      "47": 0,
      "48": 0,
      "49": 0,
      "50": 1,
      "51": 0,
      "52": 0,
      "53": 0,
      "54": 0,
      "55": 0,
      "56": 1,
      "57": 0,
      "58": 0,
      "59": 0,
      "60": 0,
      "61": 0,
      "62": 1,
      "63": 0,
      "64": 0,
      "65": 0,
      "66": 0,
      "67": 0,
      "68": 0,
      "69": 1,
      "70": 0,
      "71": 0,
      "72": 0,
      "73": 0,
      "74": 0,
      "75": 1,
      "76": 0,
      "77": 0,
      "78": 0,
      "79": 0,
      "80": 0,
      "81": 0,
      "82": 0,
      "83": 0,
      "84": 0,
      "85": 0,
      "86": 1,
      "87": 0,
      "88": 0,
      "89": 0,
      "90": 0,
      "91": 0,
      "92": 0,
      "93": 0,
      "94": 0,
      "95": 0,
      "96": 0,
      "97": 0,
      "98": 0,
      "99": 0,
      "100": 0
    }
  }
}