{
  "mode": "DA_E",
  "stable": true,
  "students": {
    "ranks_0based": {
      "0": 2,
      "1": 0,
      "2": 2,
      "3": 0,
      "4": 1,
      "5": 0,
      "6": 1,
      "7": 0,
      "8": 0,
      "9": 0,
      "10": 0,
      "11": 1,
      "12": 4,
      "13": 1,
      "14": 1,
      "15": 0,
      "16": 1,
      "17": 6,
      "18": 0,
      "19": 1
    },
    "n_agents": 20,
    "mean_rank_1based": 2.05,
    "median_rank_1based": 2.0,
    "std_rank": 1.499166435056495,
    "top1_rate": 0.45,
    "top3_rate": 0.9,
    "mean_score": 0.9447368421052632,
    "gini_score": 0.038022284122562366,
    "hist_1based": {
      "1": 9,
      "2": 7,
      "3": 2,
      "4": 0,
      "5": 1,
      "6": 0,
      "7": 1,
      "8": 0,
      "9": 0,
      "10": 0,
      "11": 0,
      "12": 0,
      "13": 0,
      "14": 0,
      "15": 0,
      "16": 0,
      "17": 0,
      "18": 0,
      "19": 0,
      "20": 0
    }
  },
  "schools": {
    "ranks_0based": {
      "0": 1,
      "1": 13,
      "2": 7,
      "3": 5,
      "4": 6,
      "5": 6,
      "6": 14,
      "7": 11,
      "8": 6,
      "9": 13,
      "10": 2,
      "11": 14,
      "12": 8,
      "13": 0,
      "14": 12,
      "15": 12,
      "16": 8,
      "17": 2,
      "18": 0,
      "19": 2
    },
    "n_agents": 20,
    "mean_rank_1based": 8.1,
    "median_rank_1based": 7.5,
    "std_rank": 4.763402145525822,
    "top1_rate": 0.1,
    "top3_rate": 0.3,
    "mean_score": 0.6263157894736843,
    "gini_score": 0.22815126050420154,
    "hist_1based": {
      "1": 2,
      "2": 1,
      "3": 3,
      "4": 0,
      "5": 0,
      "6": 1,
      "7": 3,
      "8": 1,
      "9": 2,
      "10": 0,
      "11": 0,
      "12": 1,
      "13": 2,
      "14": 2,
      "15": 2,
      "16": 0,
      "17": 0,
      "18": 0,
      "19": 0,
      "20": 0
    }
  }
}