{
  "mode": "DA_E",
  "stable": true,
  "students": {
    "ranks_0based": {
      "0": 5,
      "1": 3,
      "2": 10,
      "3": 1,
      "4": 3,
      "5": 4,
      "6": 5,
      "7": 2,
      "8": 4,
      "9": 2,
      "10": 5,
      "11": 6,
      "12": 5,
      "13": 4,
      "14": 9,
      "15": 1,
      "16": 2,
      "17": 3,
      "18": 13,
      "19": 2,
      "20": 1,
      "21": 8,
      "22": 1,
      "23": 10,
      "24": 0,
      "25": 3,
      "26": 8,
      "27": 3,
      "28": 8,
      "29": 0,
      "30": 0,
      "31": 1,
      "32": 4,
      "33": 12,
      "34": 4,
      "35": 2,
      "36": 1,
      "37": 5,
      "38": 7,
      "39": 3,
      "40": 2,
      "41": 11,
      "42": 6,
      "43": 2,
      "44": 1,
      "45": 6,
      "46": 3,
      "47": 4,
      "48": 0,
      "49": 3,
      "50": 1,
      "51": 5,
      "52": 2,
      "53": 1,
      "54": 5,
      "55": 0,
      "56": 4,
      "57": 3,
      "58": 1,
      "59": 3,
      "60": 1,
      "61": 8,
      "62": 1,
      "63": 0,
      "64": 1,
      "65": 17,
      "66": 10,
      "67": 0,
      "68": 2,
      "69": 1,
      "70": 3,
      "71": 4,
      "72": 4,
      "73": 4,
      "74": 1,
      "75": 9,
      "76": 14,
      "77": 3,
      "78": 4,
      "79": 6,
      "80": 4,
      "81": 4,
      "82": 2,
      "83": 1,
      "84": 0,
      "85": 1,
      "86": 4,
      "87": 0,
      "88": 1,
      "89": 3,
      "90": 1,
      "91": 1,
      "92": 2,
      "93": 17,
      "94": 0,
      "95": 5,
      "96": 4,
      "97": 2,
      "98": 4,
      "99": 2
    },
    "n_agents": 100,
    "mean_rank_1based": 4.84,
    "median_rank_1based": 4.0,
    "std_rank": 3.5908773301242136,
    "top1_rate": 0.1,
    "top3_rate": 0.43,
    "mean_score": 0.9612121212121212,
    "gini_score": 0.019178226145439847,
    "hist_1based": {
      "1": 10,
      "2": 20,
      "3": 13,
      "4": 13,
      "5": 16,
      "6": 8,
      "7": 4,
      "8": 1,
      "9": 4,
      "10": 2,
      "11": 3,
      "12": 1,
      "13": 1,
      "14": 1,
      "15": 1,
      "16": 0,
      "17": 0,
      "18": 2,
      "19": 0,
      "20": 0,
      "21": 0,
      "22": 0,
      "23": 0,
      "24": 0,
      "25": 0,
      "26": 0,
      "27": 0,
      "28": 0,
      "29": 0,
      "30": 0,
      "31": 0,
      "32": 0,
      "33": 0,
      "34": 0,
      "35": 0,
      "36": 0,
      "37": 0,
      "38": 0,
      "39": 0,
      "40": 0,
      "41": 0,
      "42": 0,
      "43": 0,
      "44": 0,
      "45": 0,
      "46": 0,
      "47": 0,
      "48": 0,
      "49": 0,
      "50": 0,
      "51": 0,
      "52": 0,
      "53": 0,
      "54": 0,
      "55": 0,
      "56": 0,
      "57": 0,
      "58": 0,
      "59": 0,
      "60": 0,
      "61": 0,
      "62": 0,
      "63": 0,
      "64": 0,
      "65": 0,
      "66": 0,
      "67": 0,
      "68": 0,
      "69": 0,
      "70": 0,
      "71": 0,
      "72": 0,
      "73": 0,
      "74": 0,
      "75": 0,
      "76": 0,
      "77": 0,
      "78": 0,
      "79": 0,
      "80": 0,
      "81": 0,
      "82": 0,
      "83": 0,
      "84": 0,
      "85": 0,
      "86": 0,
      "87": 0,
      "88": 0,
      "89": 0,
      "90": 0,
      "91": 0,
      "92": 0,
      "93": 0,
      "94": 0,
      "95": 0,
      "96": 0,
      "97": 0,
      "98": 0,
      "99": 0,
      "100": 0
    }
  },
  "schools": {
    "ranks_0based": {
      "0": 8,
      "1": 7,
      "2": 35,
      "3": 5,
      "4": 46,
      "5": 13,
      "6": 81,
      "7": 6,
      "8": 34,
      "9": 10,
      "10": 4,
      "11": 26,
      "12": 13,
      "13": 20,
      "14": 42,
      "15": 28,
      "16": 15,
      "17": 9,
      "18": 25,
      "19": 38,
      "20": 8,
      "21": 7,
      "22": 0,
      "23": 56,
      "24": 16,
      "25": 1,
      "26": 42,
      "27": 5,
      "28": 2,
      "29": 30,
      "30": 8,
      "31": 5,
      "32": 0,
      "33": 14,
      "34": 6,
      "35": 99,
      "36": 3,
      "37": 5,
      "38": 3,
      "39": 10,
      "40": 95,
      "41": 13,
      "42": 33,
      "43": 22,
      "44": 2,
      "45": 44,
      "46": 2,
      "47": 5,
      "48": 25,
      "49": 2,
      "50": 5,
      "51": 14,
      "52": 1,
      "53": 0,
      "54": 29,
      "55": 39,
      "56": 6,
      "57": 3,
      "58": 35,
      "59": 0,
      "60": 6,
      "61": 6,
      "62": 12,
      "63": 3,
      "64": 33,
      "65": 5,
      "66": 8,
      "67": 5,
      "68": 6,
      "69": 2,
      "70": 4,
      "71": 53,
      "72": 4,
      "73": 33,
      "74": 1,
      "75": 12,
      "76": 6,
      "77": 3,
      "78": 35,
      "79": 82,
      "80": 20,
      "81": 15,
      "82": 16,
      "83": 25,
      "84": 32,
      "85": 54,
      "86": 32,
      "87": 36,
      "88": 24,
      "89": 0,
      "90": 34,
      "91": 40,
      "92": 99,
      "93": 21,
      "94": 10,
      "95": 5,
      "96": 1,
      "97": 40,
      "98": 15,
      "99": 20
    },
    "n_agents": 100,
    "mean_rank_1based": 21.18,
    "median_rank_1based": 13.5,
    "std_rank": 21.879844606395174,
    "top1_rate": 0.05,
    "top3_rate": 0.14,
    "mean_score": 0.7961616161616162,
    "gini_score": 0.1382161887845732,
    "hist_1based": {
      "1": 5,
      "2": 4,
      "3": 5,
      "4": 5,
      "5": 3,
      "6": 9,
      "7": 7,
      "8": 2,
      "9": 4,
      "10": 1,
      "11": 3,
      "12": 0,
      "13": 2,
      "14": 3,
      "15": 2,
      "16": 3,
      "17": 2,
      "18": 0,
      "19": 0,
      "20": 0,
      "21": 3,
      "22": 1,
      "23": 1,
      "24": 0,
      "25": 1,
      "26": 3,
      "27": 1,
      "28": 0,
      "29": 1,
      "30": 1,
      "31": 1,
      "32": 0,
      "33": 2,
      "34": 3,
      "35": 2,
      "36": 3,
      "37": 1,
      "38": 0,
      "39": 1,
      "40": 1,
      "41": 2,
      "42": 0,
      "43": 2,
      "44": 0,
      "45": 1,
      "46": 0,
      "47": 1,
      "48": 0,
      "49": 0,
      "50": 0,
      "51": 0,
      "52": 0,
      "53": 0,
      "54": 1,
      "55": 1,
      "56": 0,
      "57": 1,
      "58": 0,
      "59": 0,
      "60": 0,
      "61": 0,
      "62": 0,
      "63": 0,
      "64": 0,
      "65": 0,
      "66": 0,
      "67": 0,
      "68": 0,
      "69": 0,
      "70": 0,
      "71": 0,
      "72": 0,
      "73": 0,
      "74": 0,
      "75": 0,
      "76": 0,
      "77": 0,
      "78": 0,
      "79": 0,
      "80": 0,
      "81": 0,
      "82": 1,
      "83": 1,
      "84": 0,
      "85": 0,
      "86": 0,
      "87": 0,
      "88": 0,
      "89": 0,
      "90": 0,
      "91": 0,
      "92": 0,
      "93": 0,
      "94": 0,
      "95": 0,
      "96": 1,
      "97": 0,
      "98": 0,
      "99": 0,
      "100": 2
    }
  }
}