{
  "mode": "DA_S",
  "stable": true,
  "students": {
    "ranks_0based": {
      "0": 14,
      "1": 32,
      "2": 3,
      "3": 1,
      "4": 7,
      "5": 12,
      "6": 20,
      "7": 5,
      "8": 4,
      "9": 15,
      "10": 17,
      "11": 25,
      "12": 48,
      "13": 68,
      "14": 4,
      "15": 8,
      "16": 2,
      "17": 22,
      "18": 13,
      "19": 6,
      "20": 19,
      "21": 3,
      "22": 1,
      "23": 44,
      "24": 5,
      "25": 11,
      "26": 1,
      "27": 23,
      "28": 7,
      "29": 33,
      "30": 57,
      "31": 2,
      "32": 6,
      "33": 19,
      "34": 24,
      "35": 24,
      "36": 11,
      "37": 4,
      "38": 12,
      "39": 2,
      "40": 14,
      "41": 11,
      "42": 17,
      "43": 14,
      "44": 4,
      "45": 11,
      "46": 22,
      "47": 49,
      "48": 5,
      "49": 5,
      "50": 8,
      "51": 8,
      "52": 17,
      "53": 7,
      "54": 3,
      "55": 2,
      "56": 1,
      "57": 87,
      "58": 42,
      "59": 17,
      "60": 10,
      "61": 17,
      "62": 54,
      "63": 13,
      "64": 15,
      "65": 3,
      "66": 9,
      "67": 47,
      "68": 1,
      "69": 19,
      "70": 5,
      "71": 1,
      "72": 7,
      "73": 3,
      "74": 25,
      "75": 1,
      "76": 15,
      "77": 21,
      "78": 4,
      "79": 4,
      "80": 10,
      "81": 23,
      "82": 68,
      "83": 6,
      "84": 5,
      "85": 5,
      "86": 7,
      "87": 4,
      "88": 27,
      "89": 16,
      "90": 78,
      "91": 2,
      "92": 14,
      "93": 18,
      "94": 10,
      "95": 20,
      "96": 16,
      "97": 14,
      "98": 12,
      "99": 4
    },
    "n_agents": 100,
    "mean_rank_1based": 17.11,
    "median_rank_1based": 12.0,
    "std_rank": 17.266091045746283,
    "top1_rate": 0.0,
    "top3_rate": 0.12,
    "mean_score": 0.8372727272727273,
    "gini_score": 0.09937869465556881,
    "hist_1based": {
      "1": 0,
      "2": 7,
      "3": 5,
      "4": 5,
      "5": 8,
      "6": 7,
      "7": 3,
      "8": 5,
      "9": 3,
      "10": 1,
      "11": 3,
      "12": 4,
      "13": 3,
      "14": 2,
      "15": 5,
      "16": 3,
      "17": 2,
      "18": 5,
      "19": 1,
      "20": 3,
      "21": 2,
      "22": 1,
      "23": 2,
      "24": 2,
      "25": 2,
      "26": 2,
      "27": 0,
      "28": 1,
      "29": 0,
      "30": 0,
      "31": 0,
      "32": 0,
      "33": 1,
      "34": 1,
      "35": 0,
      "36": 0,
      "37": 0,
      "38": 0,
      "39": 0,
      "40": 0,
      "41": 0,
      "42": 0,
      "43": 1,
      "44": 0,
      "45": 1,
      "46": 0,
      "47": 0,
      "48": 1,
      "49": 1,
      "50": 1,
      "51": 0,
      "52": 0,
      "53": 0,
      "54": 0,
      "55": 1,
      "56": 0,
      "57": 0,
      "58": 1,
      "59": 0,
      "60": 0,
      "61": 0,
      "62": 0,
      "63": 0,
      "64": 0,
      "65": 0,
      "66": 0,
      "67": 0,
      "68": 0,
      "69": 2,
      "70": 0,
      "71": 0,
      "72": 0,
      "73": 0,
      "74": 0,
      "75": 0,
      "76": 0,
      "77": 0,
      "78": 0,
      "79": 1,
      "80": 0,
      "81": 0,
      "82": 0,
      "83": 0,
      "84": 0,
      "85": 0,
      "86": 0,
      "87": 0,
      "88": 1,
      "89": 0,
      "90": 0,
      "91": 0,
      "92": 0,
      "93": 0,
      "94": 0,
      "95": 0,
      "96": 0,
      "97": 0,
      "98": 0,
      "99": 0,
      "100": 0
    }
  },
  "schools": {
    "ranks_0based": {
      "0": 2,
      "1": 3,
      "2": 15,
      "3": 5,
      "4": 6,
      "5": 0,
      "6": 11,
      "7": 4,
      "8": 1,
      "9": 2,
      "10": 9,
      "11": 0,
      "12": 2,
      "13": 3,
      "14": 3,
      "15": 8,
      "16": 5,
      "17": 2,
      "18": 0,
      "19": 11,
      "20": 1,
      "21": 2,
      "22": 1,
      "23": 0,
      "24": 4,
      "25": 17,
      "26": 4,
      "27": 1,
      "28": 3,
      "29": 2,
      "30": 0,
      "31": 20,
      "32": 12,
      "33": 0,
      "34": 1,
      "35": 0,
      "36": 6,
      "37": 7,
      "38": 8,
      "39": 9,
      "40": 3,
      "41": 0,
      "42": 18,
      "43": 0,
      "44": 9,
      "45": 28,
      "46": 6,
      "47": 2,
      "48": 3,
      "49": 0,
      "50": 20,
      "51": 0,
      "52": 0,
      "53": 1,
      "54": 1,
      "55": 1,
      "56": 7,
      "57": 2,
      "58": 0,
      "59": 1,
      "60": 9,
      "61": 1,
      "62": 1,
      "63": 1,
      "64": 4,
      "65": 7,
      "66": 11,
      "67": 3,
      "68": 4,
      "69": 1,
      "70": 5,
      "71": 3,
      "72": 0,
      "73": 1,
      "74": 3,
      "75": 0,
      "76": 2,
      "77": 1,
      "78": 3,
      "79": 11,
      "80": 6,
      "81": 2,
      "82": 9,
      "83": 16,
      "84": 0,
      "85": 2,
      "86": 0,
      "87": 4,
      "88": 9,
      "89": 1,
      "90": 1,
      "91": 4,
      "92": 3,
      "93": 2,
      "94": 5,
      "95": 2,
      "96": 11,
      "97": 3,
      "98": 1,
      "99": 9
    },
    "n_agents": 100,
    "mean_rank_1based": 5.53,
    "median_rank_1based": 4.0,
    "std_rank": 5.244911820040447,
    "top1_rate": 0.17,
    "top3_rate": 0.48,
    "mean_score": 0.9542424242424242,
    "gini_score": 0.027300730390600325,
    "hist_1based": {
      "1": 17,
      "2": 18,
      "3": 13,
      "4": 12,
      "5": 7,
      "6": 4,
      "7": 4,
      "8": 3,
      "9": 2,
      "10": 7,
      "11": 0,
      "12": 5,
      "13": 1,
      "14": 0,
      "15": 0,
      "16": 1,
      "17": 1,
      "18": 1,
      "19": 1,
      "20": 0,
      "21": 2,
      "22": 0,
      "23": 0,
      "24": 0,
      "25": 0,
      "26": 0,
      "27": 0,
      "28": 0,
      "29": 1,
      "30": 0,
      "31": 0,
      "32": 0,
      "33": 0,
      "34": 0,
      "35": 0,
      "36": 0,
      "37": 0,
      "38": 0,
      "39": 0,
      "40": 0,
      "41": 0,
      "42": 0,
      "43": 0,
      "44": 0,
      "45": 0,
      "46": 0,
      "47": 0,
      "48": 0,
      "49": 0,
      "50": 0,
      "51": 0,
      "52": 0,
      "53": 0,
      "54": 0,
      "55": 0,
      "56": 0,
      "57": 0,
      "58": 0,
      "59": 0,
      "60": 0,
      "61": 0,
      "62": 0,
      "63": 0,
      "64": 0,
      "65": 0,
      "66": 0,
      "67": 0,
      "68": 0,
      "69": 0,
      "70": 0,
      "71": 0,
      "72": 0,
      "73": 0,
      "74": 0,
      "75": 0,
      "76": 0,
      "77": 0,
      "78": 0,
      "79": 0,
      "80": 0,
      "81": 0,
      "82": 0,
      "83": 0,
      "84": 0,
      "85": 0,
      "86": 0,
      "87": 0,
      "88": 0,
      "89": 0,
      "90": 0,
      "91": 0,
      "92": 0,
      "93": 0,
      "94": 0,
      "95": 0,
      "96": 0,
      "97": 0,
      "98": 0,
      "99": 0,
      "100": 0
    }
  }
}