{
  "mode": "DA_E",
  "stable": true,
  "students": {
    "ranks_0based": {
      "0": 11,
      "1": 0,
      "2": 5,
      "3": 4,
      "4": 4,
      "5": 1,
      "6": 1,
      "7": 2,
      "8": 3,
      "9": 9,
      "10": 1,
      "11": 7,
      "12": 0,
      "13": 0,
      "14": 0,
      "15": 0,
      "16": 1,
      "17": 8,
      "18": 5,
      "19": 6,
      "20": 1,
      "21": 5,
      "22": 13,
      "23": 0,
      "24": 14,
      "25": 6,
      "26": 2,
      "27": 2,
      "28": 15,
      "29": 0,
      "30": 4,
      "31": 19,
      "32": 5,
      "33": 3,
      "34": 0,
      "35": 3,
      "36": 0,
      "37": 5,
      "38": 8,
      "39": 0,
      "40": 7,
      "41": 2,
      "42": 4,
      "43": 0,
      "44": 11,
      "45": 8,
      "46": 2,
      "47": 0,
      "48": 7,
      "49": 2,
      "50": 2,
      "51": 0,
      "52": 2,
      "53": 0,
      "54": 21,
      "55": 2,
      "56": 1,
      "57": 1,
      "58": 0,
      "59": 0,
      "60": 5,
      "61": 9,
      "62": 0,
      "63": 1,
      "64": 3,
      "65": 0,
      "66": 4,
      "67": 5,
      "68": 1,
      "69": 3,
      "70": 11,
      "71": 2,
      "72": 18,
      "73": 3,
      "74": 0,
      "75": 0,
      "76": 0,
      "77": 6,
      "78": 30,
      "79": 1,
      "80": 9,
      "81": 0,
      "82": 2,
      "83": 8,
      "84": 16,
      "85": 2,
      "86": 5,
      "87": 4,
      "88": 2,
      "89": 16,
      "90": 14,
      "91": 5,
      "92": 2,
      "93": 9,
      "94": 4,
      "95": 15,
      "96": 4,
      "97": 2,
      "98": 11,
      "99": 6
    },
    "n_agents": 100,
    "mean_rank_1based": 5.83,
    "median_rank_1based": 4.0,
    "std_rank": 5.52096911782705,
    "top1_rate": 0.22,
    "top3_rate": 0.47,
    "mean_score": 0.9512121212121212,
    "gini_score": 0.029347987681852095,
    "hist_1based": {
      "1": 22,
      "2": 10,
      "3": 15,
      "4": 6,
      "5": 8,
      "6": 9,
      "7": 4,
      "8": 3,
      "9": 4,
      "10": 4,
      "11": 0,
      "12": 4,
      "13": 0,
      "14": 1,
      "15": 2,
      "16": 2,
      "17": 2,
      "18": 0,
      "19": 1,
      "20": 1,
      "21": 0,
      "22": 1,
      "23": 0,
      "24": 0,
      "25": 0,
      "26": 0,
      "27": 0,
      "28": 0,
      "29": 0,
      "30": 0,
      "31": 1,
      "32": 0,
      "33": 0,
      "34": 0,
      "35": 0,
      "36": 0,
      "37": 0,
      "38": 0,
      "39": 0,
      "40": 0,
      "41": 0,
      "42": 0,
      "43": 0,
      "44": 0,
      "45": 0,
      "46": 0,
      "47": 0,
      "48": 0,
      "49": 0,
      "50": 0,
      "51": 0,
      "52": 0,
      "53": 0,
      "54": 0,
      "55": 0,
      "56": 0,
      "57": 0,
      "58": 0,
      "59": 0,
      "60": 0,
      "61": 0,
      "62": 0,
      "63": 0,
      "64": 0,
      "65": 0,
      "66": 0,
      "67": 0,
      "68": 0,
      "69": 0,
      "70": 0,
      "71": 0,
      "72": 0,
      "73": 0,
      "74": 0,
      "75": 0,
      "76": 0,
      "77": 0,
      "78": 0,
      "79": 0,
      "80": 0,
      "81": 0,
      "82": 0,
      "83": 0,
      "84": 0,
      "85": 0,
      "86": 0,
      "87": 0,
      "88": 0,
      "89": 0,
      "90": 0,
      "91": 0,
      "92": 0,
      "93": 0,
      "94": 0,
      "95": 0,
      "96": 0,
      "97": 0,
      "98": 0,
      "99": 0,
      "100": 0
    }
  },
  "schools": {
    "ranks_0based": {
      "0": 13,
      "1": 13,
      "2": 5,
      "3": 8,
      "4": 15,
      "5": 15,
      "6": 39,
      "7": 0,
      "8": 19,
      "9": 17,
      "10": 17,
      "11": 19,
      "12": 4,
      "13": 12,
      "14": 0,
      "15": 9,
      "16": 0,
      "17": 1,
      "18": 6,
      "19": 4,
      "20": 27,
      "21": 4,
      "22": 23,
      "23": 16,
      "24": 40,
      "25": 26,
      "26": 4,
      "27": 16,
      "28": 2,
      "29": 0,
      "30": 5,
      "31": 6,
      "32": 5,
      "33": 51,
      "34": 15,
      "35": 36,
      "36": 37,
      "37": 7,
      "38": 1,
      "39": 13,
      "40": 20,
      "41": 31,
      "42": 12,
      "43": 19,
      "44": 2,
      "45": 6,
      "46": 19,
      "47": 5,
      "48": 15,
      "49": 33,
      "50": 0,
      "51": 14,
      "52": 7,
      "53": 10,
      "54": 77,
      "55": 18,
      "56": 17,
      "57": 3,
      "58": 22,
      "59": 0,
      "60": 12,
      "61": 2,
      "62": 5,
      "63": 4,
      "64": 54,
      "65": 8,
      "66": 16,
      "67": 3,
      "68": 2,
      "69": 5,
      "70": 2,
      "71": 6,
      "72": 18,
      "73": 0,
      "74": 29,
      "75": 43,
      "76": 5,
      "77": 4,
      "78": 1,
      "79": 9,
      "80": 20,
      "81": 17,
      "82": 2,
      "83": 17,
      "84": 3,
      "85": 23,
      "86": 0,
      "87": 11,
      "88": 1,
      "89": 14,
      "90": 4,
      "91": 20,
      "92": 2,
      "93": 40,
      "94": 6,
      "95": 42,
      "96": 43,
      "97": 4,
      "98": 3,
      "99": 11
    },
    "n_agents": 100,
    "mean_rank_1based": 14.91,
    "median_rank_1based": 11.5,
    "std_rank": 14.071314792868504,
    "top1_rate": 0.08,
    "top3_rate": 0.19,
    "mean_score": 0.8594949494949495,
    "gini_score": 0.08419438241861621,
    "hist_1based": {
      "1": 8,
      "2": 4,
      "3": 7,
      "4": 4,
      "5": 8,
      "6": 7,
      "7": 5,
      "8": 2,
      "9": 2,
      "10": 2,
      "11": 1,
      "12": 2,
      "13": 3,
      "14": 3,
      "15": 2,
      "16": 4,
      "17": 3,
      "18": 5,
      "19": 2,
      "20": 4,
      "21": 3,
      "22": 0,
      "23": 1,
      "24": 2,
      "25": 0,
      "26": 0,
      "27": 1,
      "28": 1,
      "29": 0,
      "30": 1,
      "31": 0,
      "32": 1,
      "33": 0,
      "34": 1,
      "35": 0,
      "36": 0,
      "37": 1,
      "38": 1,
      "39": 0,
      "40": 1,
      "41": 2,
      "42": 0,
      "43": 1,
      "44": 2,
      "45": 0,
      "46": 0,
      "47": 0,
      "48": 0,
      "49": 0,
      "50": 0,
      "51": 0,
      "52": 1,
      "53": 0,
      "54": 0,
      "55": 1,
      "56": 0,
      "57": 0,
      "58": 0,
      "59": 0,
      "60": 0,
      "61": 0,
      "62": 0,
      "63": 0,
      "64": 0,
      "65": 0,
      "66": 0,
      "67": 0,
      "68": 0,
      "69": 0,
      "70": 0,
      "71": 0,
      "72": 0,
      "73": 0,
      "74": 0,
      "75": 0,
      "76": 0,
      "77": 0,
      "78": 1,
      "79": 0,
      "80": 0,
      "81": 0,
      "82": 0,
      "83": 0,
      "84": 0,
      "85": 0,
      "86": 0,
      "87": 0,
      "88": 0,
      "89": 0,
      "90": 0,
      "91": 0,
      "92": 0,
      "93": 0,
      "94": 0,
      "95": 0,
      "96": 0,
      "97": 0,
      "98": 0,
      "99": 0,
      "100": 0
    }
  }
}