{
  "mode": "DA_E",
  "stable": true,
  "students": {
    "ranks_0based": {
      "0": 2,
      "1": 2,
      "2": 8,
      "3": 3,
      "4": 7,
      "5": 6,
      "6": 5,
      "7": 4,
      "8": 2,
      "9": 0,
      "10": 2,
      "11": 0,
      "12": 0,
      "13": 0,
      "14": 1,
      "15": 1,
      "16": 2,
      "17": 7,
      "18": 1,
      "19": 7,
      "20": 6,
      "21": 3,
      "22": 0,
      "23": 3,
      "24": 4,
      "25": 1,
      "26": 0,
      "27": 3,
      "28": 5,
      "29": 0,
      "30": 3,
      "31": 0,
      "32": 1,
      "33": 0,
      "34": 1,
      "35": 0,
      "36": 2,
      "37": 2,
      "38": 0,
      "39": 1,
      "40": 1,
      "41": 2,
      "42": 3,
      "43": 1,
      "44": 6,
      "45": 7,
      "46": 1,
      "47": 4,
      "48": 1,
      "49": 1
    },
    "n_agents": 50,
    "mean_rank_1based": 3.44,
    "median_rank_1based": 3.0,
    "std_rank": 2.307899477880265,
    "top1_rate": 0.22,
    "top3_rate": 0.62,
    "mean_score": 0.950204081632653,
    "gini_score": 0.026890034364261295,
    "hist_1based": {
      "1": 11,
      "2": 12,
      "3": 8,
      "4": 6,
      "5": 3,
      "6": 2,
      "7": 3,
      "8": 4,
      "9": 1,
      "10": 0,
      "11": 0,
      "12": 0,
      "13": 0,
      "14": 0,
      "15": 0,
      "16": 0,
      "17": 0,
      "18": 0,
      "19": 0,
      "20": 0,
      "21": 0,
      "22": 0,
      "23": 0,
      "24": 0,
      "25": 0,
      "26": 0,
      "27": 0,
      "28": 0,
      "29": 0,
      "30": 0,
      "31": 0,
      "32": 0,
      "33": 0,
      "34": 0,
      "35": 0,
      "36": 0,
      "37": 0,
      "38": 0,
      "39": 0,
      "40": 0,
      "41": 0,
      "42": 0,
      "43": 0,
      "44": 0,
      "45": 0,
      "46": 0,
      "47": 0,
      "48": 0,
      "49": 0,
      "50": 0
    }
  },
  "schools": {
    "ranks_0based": {
      "0": 28,
      "1": 24,
      "2": 19,
      "3": 2,
      "4": 16,
      "5": 2,
      "6": 11,
      "7": 9,
      "8": 23,
      "9": 11,
      "10": 15,
      "11": 20,
      "12": 11,
      "13": 15,
      "14": 18,
      "15": 23,
      "16": 15,
      "17": 0,
      "18": 2,
      "19": 12,
      "20": 22,
      "21": 2,
      "22": 0,
      "23": 6,
      "24": 8,
      "25": 33,
      "26": 5,
      "27": 26,
      "28": 4,
      "29": 10,
      "30": 10,
      "31": 1,
      "32": 45,
      "33": 13,
      "34": 1,
      "35": 12,
      "36": 3,
      "37": 18,
      "38": 8,
      "39": 22,
      "40": 7,
      "41": 5,
      "42": 1,
      "43": 2,
      "44": 1,
      "45": 9,
      "46": 39,
      "47": 36,
      "48": 1,
      "49": 2
    },
    "n_agents": 50,
    "mean_rank_1based": 13.56,
    "median_rank_1based": 11.5,
    "std_rank": 10.903504023936526,
    "top1_rate": 0.04,
    "top3_rate": 0.26,
    "mean_score": 0.7436734693877551,
    "gini_score": 0.16294182217343622,
    "hist_1based": {
      "1": 2,
      "2": 5,
      "3": 6,
      "4": 1,
      "5": 1,
      "6": 2,
      "7": 1,
      "8": 1,
      "9": 2,
      "10": 2,
      "11": 2,
      "12": 3,
      "13": 2,
      "14": 1,
      "15": 0,
      "16": 3,
      "17": 1,
      "18": 0,
      "19": 2,
      "20": 1,
      "21": 1,
      "22": 0,
      "23": 2,
      "24": 2,
      "25": 1,
      "26": 0,
      "27": 1,
      "28": 0,
      "29": 1,
      "30": 0,
      "31": 0,
      "32": 0,
      "33": 0,
      "34": 1,
      "35": 0,
      "36": 0,
      "37": 1,
      "38": 0,
      "39": 0,
      "40": 1,
      "41": 0,
      "42": 0,
      "43": 0,
      "44": 0,
      "45": 0,
      "46": 1,
      "47": 0,
      "48": 0,
      "49": 0,
      "50": 0
    }
  }
}