{
  "mode": "DA_S",
  "stable": true,
  "students": {
    "ranks_0based": {
      "0": 29,
      "1": 13,
      "2": 18,
      "3": 11,
      "4": 18,
      "5": 8,
      "6": 33,
      "7": 6,
      "8": 55,
      "9": 9,
      "10": 35,
      "11": 4,
      "12": 14,
      "13": 26,
      "14": 0,
      "15": 3,
      "16": 19,
      "17": 2,
      "18": 33,
      "19": 2,
      "20": 17,
      "21": 15,
      "22": 96,
      "23": 7,
      "24": 7,
      "25": 9,
      "26": 3,
      "27": 14,
      "28": 31,
      "29": 5,
      "30": 19,
      "31": 7,
      "32": 7,
      "33": 15,
      "34": 1,
      "35": 0,
      "36": 9,
      "37": 17,
      "38": 21,
      "39": 12,
      "40": 10,
      "41": 2,
      "42": 29,
      "43": 21,
      "44": 5,
      "45": 12,
      "46": 12,
      "47": 19,
      "48": 4,
      "49": 2,
      "50": 8,
      "51": 16,
      "52": 15,
      "53": 11,
      "54": 7,
      "55": 3,
      "56": 24,
      "57": 25,
      "58": 26,
      "59": 13,
      "60": 15,
      "61": 0,
      "62": 1,
      "63": 2,
      "64": 7,
      "65": 12,
      "66": 4,
      "67": 35,
      "68": 2,
      "69": 1,
      "70": 5,
      "71": 7,
      "72": 18,
      "73": 9,
      "74": 2,
      "75": 2,
      "76": 10,
      "77": 23,
      "78": 7,
      "79": 0,
      "80": 3,
      "81": 7,
      "82": 1,
      "83": 3,
      "84": 15,
      "85": 14,
      "86": 5,
      "87": 0,
      "88": 7,
      "89": 5,
      "90": 19,
      "91": 2,
      "92": 1,
      "93": 25,
      "94": 21,
      "95": 13,
      "96": 38,
      "97": 18,
      "98": 18,
      "99": 12
    },
    "n_agents": 100,
    "mean_rank_1based": 14.03,
    "median_rank_1based": 11.0,
    "std_rank": 13.238168302299227,
    "top1_rate": 0.05,
    "top3_rate": 0.19,
    "mean_score": 0.8683838383838384,
    "gini_score": 0.07286844247993574,
    "hist_1based": {
      "1": 5,
      "2": 5,
      "3": 9,
      "4": 5,
      "5": 3,
      "6": 5,
      "7": 1,
      "8": 10,
      "9": 2,
      "10": 4,
      "11": 2,
      "12": 2,
      "13": 5,
      "14": 3,
      "15": 3,
      "16": 5,
      "17": 1,
      "18": 2,
      "19": 5,
      "20": 4,
      "21": 0,
      "22": 3,
      "23": 0,
      "24": 1,
      "25": 1,
      "26": 2,
      "27": 2,
      "28": 0,
      "29": 0,
      "30": 2,
      "31": 0,
      "32": 1,
      "33": 0,
      "34": 2,
      "35": 0,
      "36": 2,
      "37": 0,
      "38": 0,
      "39": 1,
      "40": 0,
      "41": 0,
      "42": 0,
      "43": 0,
      "44": 0,
      "45": 0,
      "46": 0,
      "47": 0,
      "48": 0,
      "49": 0,
      "50": 0,
      "51": 0,
      "52": 0,
      "53": 0,
      "54": 0,
      "55": 0,
      "56": 1,
      "57": 0,
      "58": 0,
      "59": 0,
      "60": 0,
      "61": 0,
      "62": 0,
      "63": 0,
      "64": 0,
      "65": 0,
      "66": 0,
      "67": 0,
      "68": 0,
      "69": 0,
      "70": 0,
      "71": 0,
      "72": 0,
      "73": 0,
      "74": 0,
      "75": 0,
      "76": 0,
      "77": 0,
      "78": 0,
      "79": 0,
      "80": 0,
      "81": 0,
      "82": 0,
      "83": 0,
      "84": 0,
      "85": 0,
      "86": 0,
      "87": 0,
      "88": 0,
      "89": 0,
      "90": 0,
      "91": 0,
      "92": 0,
      "93": 0,
      "94": 0,
      "95": 0,
      "96": 0,
      "97": 1,
      "98": 0,
      "99": 0,
      "100": 0
    }
  },
  "schools": {
    "ranks_0based": {
      "0": 1,
      "1": 6,
      "2": 18,
      "3": 0,
      "4": 0,
      "5": 0,
      "6": 1,
      "7": 1,
      "8": 0,
      "9": 4,
      "10": 5,
      "11": 0,
      "12": 2,
      "13": 3,
      "14": 0,
      "15": 3,
      "16": 1,
      "17": 5,
      "18": 4,
      "19": 11,
      "20": 11,
      "21": 0,
      "22": 17,
      "23": 11,
      "24": 2,
      "25": 0,
      "26": 1,
      "27": 3,
      "28": 8,
      "29": 1,
      "30": 0,
      "31": 13,
      "32": 0,
      "33": 5,
      "34": 20,
      "35": 0,
      "36": 14,
      "37": 0,
      "38": 1,
      "39": 15,
      "40": 6,
      "41": 5,
      "42": 6,
      "43": 1,
      "44": 8,
      "45": 8,
      "46": 0,
      "47": 2,
      "48": 17,
      "49": 9,
      "50": 1,
      "51": 6,
      "52": 13,
      "53": 7,
      "54": 0,
      "55": 9,
      "56": 0,
      "57": 12,
      "58": 5,
      "59": 21,
      "60": 2,
      "61": 18,
      "62": 6,
      "63": 2,
      "64": 8,
      "65": 2,
      "66": 1,
      "67": 2,
      "68": 2,
      "69": 5,
      "70": 10,
      "71": 0,
      "72": 1,
      "73": 6,
      "74": 7,
      "75": 1,
      "76": 5,
      "77": 2,
      "78": 9,
      "79": 12,
      "80": 2,
      "81": 2,
      "82": 2,
      "83": 3,
      "84": 2,
      "85": 2,
      "86": 1,
      "87": 3,
      "88": 5,
      "89": 5,
      "90": 3,
      "91": 13,
      "92": 3,
      "93": 3,
      "94": 6,
      "95": 0,
      "96": 11,
      "97": 2,
      "98": 6,
      "99": 14
    },
    "n_agents": 100,
    "mean_rank_1based": 6.12,
    "median_rank_1based": 4.0,
    "std_rank": 5.223562003077976,
    "top1_rate": 0.17,
    "top3_rate": 0.45,
    "mean_score": 0.9482828282828283,
    "gini_score": 0.029463144439710653,
    "hist_1based": {
      "1": 17,
      "2": 13,
      "3": 15,
      "4": 8,
      "5": 2,
      "6": 9,
      "7": 8,
      "8": 2,
      "9": 4,
      "10": 3,
      "11": 1,
      "12": 4,
      "13": 2,
      "14": 3,
      "15": 2,
      "16": 1,
      "17": 0,
      "18": 2,
      "19": 2,
      "20": 0,
      "21": 1,
      "22": 1,
      "23": 0,
      "24": 0,
      "25": 0,
      "26": 0,
      "27": 0,
      "28": 0,
      "29": 0,
      "30": 0,
      "31": 0,
      "32": 0,
      "33": 0,
      "34": 0,
      "35": 0,
      "36": 0,
      "37": 0,
      "38": 0,
      "39": 0,
      "40": 0,
      "41": 0,
      "42": 0,
      "43": 0,
      "44": 0,
      "45": 0,
      "46": 0,
      "47": 0,
      "48": 0,
      "49": 0,
      "50": 0,
      "51": 0,
      "52": 0,
      "53": 0,
      "54": 0,
      "55": 0,
      "56": 0,
      "57": 0,
      "58": 0,
      "59": 0,
      "60": 0,
      "61": 0,
      "62": 0,
      "63": 0,
      "64": 0,
      "65": 0,
      "66": 0,
      "67": 0,
      "68": 0,
      "69": 0,
      "70": 0,
      "71": 0,
      "72": 0,
      "73": 0,
      "74": 0,
      "75": 0,
      "76": 0,
      "77": 0,
      "78": 0,
      "79": 0,
      "80": 0,
      "81": 0,
      "82": 0,
      "83": 0,
      "84": 0,
      "85": 0,
      "86": 0,
      "87": 0,
      "88": 0,
      "89": 0,
      "90": 0,
      "91": 0,
      "92": 0,
      "93": 0,
      "94": 0,
      "95": 0,
      "96": 0,
      "97": 0,
      "98": 0,
      "99": 0,
      "100": 0
    }
  }
}