{
  "mode": "DA_S",
  "stable": true,
  "students": {
    "ranks_0based": {
      "0": 0,
      "1": 0,
      "2": 7,
      "3": 0,
      "4": 1,
      "5": 0,
      "6": 0,
      "7": 1,
      "8": 4,
      "9": 0
    },
    "n_agents": 10,
    "mean_rank_1based": 2.3,
    "median_rank_1based": 1.0,
    "std_rank": 2.238302928559939,
    "top1_rate": 0.6,
    "top3_rate": 0.8,
    "mean_score": 0.8555555555555555,
    "gini_score": 0.12857142857142856,
    "hist_1based": {
      "1": 6,
      "2": 2,
      "3": 0,
      "4": 0,
      "5": 1,
      "6": 0,
      "7": 0,
      "8": 1,
      "9": 0,
      "10": 0
    }
  },
  "schools": {
    "ranks_0based": {
      "0": 5,
      "1": 1,
      "2": 2,
      "3": 1,
      "4": 0,
      "5": 1,
      "6": 6,
      "7": 1,
      "8": 2,
      "9": 1
    },
    "n_agents": 10,
    "mean_rank_1based": 3,
    "median_rank_1based": 2.0,
    "std_rank": 1.8439088914585775,
    "top1_rate": 0.1,
    "top3_rate": 0.8,
    "mean_score": 0.7777777777777778,
    "gini_score": 0.12857142857142811,
    "hist_1based": {
      "1": 1,
      "2": 5,
      "3": 2,
      "4": 0,
      "5": 0,
      "6": 1,
      "7": 1,
      "8": 0,
      "9": 0,
      "10": 0
    }
  }
}