{
  "mode": "DA_S",
  "stable": true,
  "students": {
    "ranks_0based": {
      "0": 5,
      "1": 7,
      "2": 4,
      "3": 4,
      "4": 7,
      "5": 2,
      "6": 4,
      "7": 4,
      "8": 2,
      "9": 1
    },
    "n_agents": 10,
    "mean_rank_1based": 5,
    "median_rank_1based": 5.0,
    "std_rank": 1.8973665961010275,
    "top1_rate": 0.0,
    "top3_rate": 0.3,
    "mean_score": 0.5555555555555556,
    "gini_score": 0.20799999999999996,
    "hist_1based": {
      "1": 0,
      "2": 1,
      "3": 2,
      "4": 0,
      "5": 4,
      "6": 1,
      "7": 0,
      "8": 2,
      "9": 0,
      "10": 0
    }
  },
  "schools": {
    "ranks_0based": {
      "0": 1,
      "1": 1,
      "2": 0,
      "3": 0,
      "4": 1,
      "5": 1,
      "6": 0,
      "7": 1,
      "8": 0,
      "9": 2
    },
    "n_agents": 10,
    "mean_rank_1based": 1.7,
    "median_rank_1based": 2.0,
    "std_rank": 0.6403124237432849,
    "top1_rate": 0.4,
    "top3_rate": 1.0,
    "mean_score": 0.9222222222222222,
    "gini_score": 0.03975903614457832,
    "hist_1based": {
      "1": 4,
      "2": 5,
      "3": 1,
      "4": 0,
      "5": 0,
      "6": 0,
      "7": 0,
      "8": 0,
      "9": 0,
      "10": 0
    }
  }
}