{
  "mode": "DA_E",
  "stable": true,
  "students": {
    "ranks_0based": {
      "0": 0,
      "1": 4,
      "2": 2,
      "3": 2,
      "4": 0,
      "5": 0,
      "6": 1,
      "7": 0,
      "8": 4,
      "9": 0
    },
    "n_agents": 10,
    "mean_rank_1based": 2.3,
    "median_rank_1based": 1.5,
    "std_rank": 1.5524174696260025,
    "top1_rate": 0.5,
    "top3_rate": 0.8,
    "mean_score": 0.8555555555555555,
    "gini_score": 0.10519480519480506,
    "hist_1based": {
      "1": 5,
      "2": 1,
      "3": 2,
      "4": 0,
      "5": 2,
      "6": 0,
      "7": 0,
      "8": 0,
      "9": 0,
      "10": 0
    }
  },
  "schools": {
    "ranks_0based": {
      "0": 1,
      "1": 3,
      "2": 0,
      "3": 7,
      "4": 2,
      "5": 4,
      "6": 2,
      "7": 6,
      "8": 0,
      "9": 2
    },
    "n_agents": 10,
    "mean_rank_1based": 3.7,
    "median_rank_1based": 3.0,
    "std_rank": 2.238302928559939,
    "top1_rate": 0.2,
    "top3_rate": 0.6,
    "mean_score": 0.7,
    "gini_score": 0.195238095238095,
    "hist_1based": {
      "1": 2,
      "2": 1,
      "3": 3,
      "4": 1,
      "5": 1,
      "6": 0,
      "7": 1,
      "8": 1,
      "9": 0,
      "10": 0
    }
  }
}