{
  "mode": "DA_E",
  "stable": true,
  "students": {
    "ranks_0based": {
      "0": 0,
      "1": 0,
      "2": 5,
      "3": 3,
      "4": 2,
      "5": 3,
      "6": 0,
      "7": 8,
      "8": 1,
      "9": 1
    },
    "n_agents": 10,
    "mean_rank_1based": 3.3,
    "median_rank_1based": 2.5,
    "std_rank": 2.4515301344262523,
    "top1_rate": 0.3,
    "top3_rate": 0.6,
    "mean_score": 0.7444444444444445,
    "gini_score": 0.19253731343283587,
    "hist_1based": {
      "1": 3,
      "2": 2,
      "3": 1,
      "4": 2,
      "5": 0,
      "6": 1,
      "7": 0,
      "8": 0,
      "9": 1,
      "10": 0
    }
  },
  "schools": {
    "ranks_0based": {
      "0": 0,
      "1": 0,
      "2": 3,
      "3": 8,
      "4": 2,
      "5": 5,
      "6": 1,
      "7": 0,
      "8": 0,
      "9": 0
    },
    "n_agents": 10,
    "mean_rank_1based": 2.9,
    "median_rank_1based": 1.5,
    "std_rank": 2.5865034312755126,
    "top1_rate": 0.5,
    "top3_rate": 0.7,
    "mean_score": 0.7888888888888889,
    "gini_score": 0.1816901408450704,
    "hist_1based": {
      "1": 5,
      "2": 1,
      "3": 1,
      "4": 1,
      "5": 0,
      "6": 1,
      "7": 0,
      "8": 0,
      "9": 1,
      "10": 0
    }
  }
}