{
  "mode": "DA_S",
  "stable": true,
  "students": {
    "ranks_0based": {
      "0": 10,
      "1": 10,
      "2": 2,
      "3": 9,
      "4": 32,
      "5": 8,
      "6": 0,
      "7": 17,
      "8": 29,
      "9": 2,
      "10": 2,
      "11": 28,
      "12": 1,
      "13": 7,
      "14": 2,
      "15": 13,
      "16": 1,
      "17": 11,
      "18": 0,
      "19": 12,
      "20": 23,
      "21": 12,
      "22": 5,
      "23": 2,
      "24": 1,
      "25": 1,
      "26": 0,
      "27": 7,
      "28": 12,
      "29": 3,
      "30": 2,
      "31": 1,
      "32": 21,
      "33": 2,
      "34": 6,
      "35": 0,
      "36": 5,
      "37": 7,
      "38": 12,
      "39": 8,
      "40": 13,
      "41": 1,
      "42": 1,
      "43": 41,
      "44": 12,
      "45": 3,
      "46": 6,
      "47": 43,
      "48": 11,
      "49": 3
    },
    "n_agents": 50,
    "mean_rank_1based": 10.2,
    "median_rank_1based": 7.5,
    "std_rank": 10.243046421841502,
    "top1_rate": 0.08,
    "top3_rate": 0.36,
    "mean_score": 0.8122448979591836,
    "gini_score": 0.12777889447236235,
    "hist_1based": {
      "1": 4,
      "2": 7,
      "3": 7,
      "4": 3,
      "5": 0,
      "6": 2,
      "7": 2,
      "8": 3,
      "9": 2,
      "10": 1,
      "11": 2,
      "12": 2,
      "13": 5,
      "14": 2,
      "15": 0,
      "16": 0,
      "17": 0,
      "18": 1,
      "19": 0,
      "20": 0,
      "21": 0,
      "22": 1,
      "23": 0,
      "24": 1,
      "25": 0,
      "26": 0,
      "27": 0,
      "28": 0,
      "29": 1,
      "30": 1,
      "31": 0,
      "32": 0,
      "33": 1,
      "34": 0,
      "35": 0,
      "36": 0,
      "37": 0,
      "38": 0,
      "39": 0,
      "40": 0,
      "41": 0,
      "42": 1,
      "43": 0,
      "44": 1,
      "45": 0,
      "46": 0,
      "47": 0,
      "48": 0,
      "49": 0,
      "50": 0
    }
  },
  "schools": {
    "ranks_0based": {
      "0": 2,
      "1": 2,
      "2": 1,
      "3": 2,
      "4": 1,
      "5": 1,
      "6": 0,
      "7": 1,
      "8": 7,
      "9": 6,
      "10": 1,
      "11": 17,
      "12": 6,
      "13": 1,
      "14": 0,
      "15": 0,
      "16": 0,
      "17": 7,
      "18": 2,
      "19": 1,
      "20": 0,
      "21": 1,
      "22": 2,
      "23": 1,
      "24": 6,
      "25": 5,
      "26": 1,
      "27": 1,
      "28": 10,
      "29": 2,
      "30": 2,
      "31": 7,
      "32": 1,
      "33": 1,
      "34": 2,
      "35": 7,
      "36": 7,
      "37": 0,
      "38": 1,
      "39": 1,
      "40": 0,
      "41": 9,
      "42": 9,
      "43": 0,
      "44": 0,
      "45": 9,
      "46": 4,
      "47": 3,
      "48": 1,
      "49": 1
    },
    "n_agents": 50,
    "mean_rank_1based": 4.04,
    "median_rank_1based": 2.0,
    "std_rank": 3.5268115912251394,
    "top1_rate": 0.18,
    "top3_rate": 0.68,
    "mean_score": 0.9379591836734694,
    "gini_score": 0.03773716275021788,
    "hist_1based": {
      "1": 9,
      "2": 17,
      "3": 8,
      "4": 1,
      "5": 1,
      "6": 1,
      "7": 3,
      "8": 5,
      "9": 0,
      "10": 3,
      "11": 1,
      "12": 0,
      "13": 0,
      "14": 0,
      "15": 0,
      "16": 0,
      "17": 0,
      "18": 1,
      "19": 0,
      "20": 0,
      "21": 0,
      "22": 0,
      "23": 0,
      "24": 0,
      "25": 0,
      "26": 0,
      "27": 0,
      "28": 0,
      "29": 0,
      "30": 0,
      "31": 0,
      "32": 0,
      "33": 0,
      "34": 0,
      "35": 0,
      "36": 0,
      "37": 0,
      "38": 0,
      "39": 0,
      "40": 0,
      "41": 0,
      "42": 0,
      "43": 0,
      "44": 0,
      "45": 0,
      "46": 0,
      "47": 0,
      "48": 0,
      "49": 0,
      "50": 0
    }
  }
}