{
  "mode": "DA_S",
  "stable": true,
  "students": {
    "ranks_0based": {
      "0": 6,
      "1": 6,
      "2": 24,
      "3": 5,
      "4": 2,
      "5": 4,
      "6": 5,
      "7": 12,
      "8": 31,
      "9": 9,
      "10": 9,
      "11": 0,
      "12": 9,
      "13": 2,
      "14": 5,
      "15": 7,
      "16": 7,
      "17": 4,
      "18": 15,
      "19": 2,
      "20": 4,
      "21": 7,
      "22": 40,
      "23": 16,
      "24": 0,
      "25": 24,
      "26": 19,
      "27": 1,
      "28": 2,
      "29": 3,
      "30": 3,
      "31": 37,
      "32": 5,
      "33": 1,
      "34": 8,
      "35": 0,
      "36": 15,
      "37": 0,
      "38": 9,
      "39": 5,
      "40": 0,
      "41": 4,
      "42": 11,
      "43": 9,
      "44": 1,
      "45": 1,
      "46": 7,
      "47": 1,
      "48": 18,
      "49": 4
    },
    "n_agents": 50,
    "mean_rank_1based": 9.38,
    "median_rank_1based": 6.0,
    "std_rank": 9.173636138413165,
    "top1_rate": 0.1,
    "top3_rate": 0.28,
    "mean_score": 0.8289795918367348,
    "gini_score": 0.1106548498276716,
    "hist_1based": {
      "1": 5,
      "2": 5,
      "3": 4,
      "4": 2,
      "5": 5,
      "6": 5,
      "7": 2,
      "8": 4,
      "9": 1,
      "10": 5,
      "11": 0,
      "12": 1,
      "13": 1,
      "14": 0,
      "15": 0,
      "16": 2,
      "17": 1,
      "18": 0,
      "19": 1,
      "20": 1,
      "21": 0,
      "22": 0,
      "23": 0,
      "24": 0,
      "25": 2,
      "26": 0,
      "27": 0,
      "28": 0,
      "29": 0,
      "30": 0,
      "31": 0,
      "32": 1,
      "33": 0,
      "34": 0,
      "35": 0,
      "36": 0,
      "37": 0,
      "38": 1,
      "39": 0,
      "40": 0,
      "41": 1,
      "42": 0,
      "43": 0,
      "44": 0,
      "45": 0,
      "46": 0,
      "47": 0,
      "48": 0,
      "49": 0,
      "50": 0
    }
  },
  "schools": {
    "ranks_0based": {
      "0": 2,
      "1": 5,
      "2": 7,
      "3": 0,
      "4": 2,
      "5": 1,
      "6": 2,
      "7": 11,
      "8": 0,
      "9": 2,
      "10": 0,
      "11": 5,
      "12": 6,
      "13": 8,
      "14": 2,
      "15": 0,
      "16": 8,
      "17": 0,
      "18": 3,
      "19": 0,
      "20": 7,
      "21": 0,
      "22": 4,
      "23": 5,
      "24": 4,
      "25": 2,
      "26": 6,
      "27": 5,
      "28": 1,
      "29": 9,
      "30": 7,
      "31": 2,
      "32": 3,
      "33": 0,
      "34": 2,
      "35": 0,
      "36": 2,
      "37": 2,
      "38": 1,
      "39": 9,
      "40": 2,
      "41": 12,
      "42": 0,
      "43": 4,
      "44": 4,
      "45": 0,
      "46": 13,
      "47": 13,
      "48": 1,
      "49": 3
    },
    "n_agents": 50,
    "mean_rank_1based": 4.74,
    "median_rank_1based": 3.0,
    "std_rank": 3.610041551007412,
    "top1_rate": 0.22,
    "top3_rate": 0.52,
    "mean_score": 0.9236734693877551,
    "gini_score": 0.04297834732655792,
    "hist_1based": {
      "1": 11,
      "2": 4,
      "3": 11,
      "4": 3,
      "5": 4,
      "6": 4,
      "7": 2,
      "8": 3,
      "9": 2,
      "10": 2,
      "11": 0,
      "12": 1,
      "13": 1,
      "14": 2,
      "15": 0,
      "16": 0,
      "17": 0,
      "18": 0,
      "19": 0,
      "20": 0,
      "21": 0,
      "22": 0,
      "23": 0,
      "24": 0,
      "25": 0,
      "26": 0,
      "27": 0,
      "28": 0,
      "29": 0,
      "30": 0,
      "31": 0,
      "32": 0,
      "33": 0,
      "34": 0,
      "35": 0,
      "36": 0,
      "37": 0,
      "38": 0,
      "39": 0,
      "40": 0,
      "41": 0,
      "42": 0,
      "43": 0,
      "44": 0,
      "45": 0,
      "46": 0,
      "47": 0,
      "48": 0,
      "49": 0,
      "50": 0
    }
  }
}