{
  "mode": "DA_S",
  "stable": true,
  "students": {
    "ranks_0based": {
      "0": 2,
      "1": 0,
      "2": 2,
      "3": 0,
      "4": 9,
      "5": 7,
      "6": 7,
      "7": 2,
      "8": 5,
      "9": 0,
      "10": 3,
      "11": 1,
      "12": 4,
      "13": 1,
      "14": 3,
      "15": 4,
      "16": 3,
      "17": 6,
      "18": 5,
      "19": 1
    },
    "n_agents": 20,
    "mean_rank_1based": 4.25,
    "median_rank_1based": 4.0,
    "std_rank": 2.5273503912200224,
    "top1_rate": 0.15,
    "top3_rate": 0.45,
    "mean_score": 0.8289473684210527,
    "gini_score": 0.08999999999999986,
    "hist_1based": {
      "1": 3,
      "2": 3,
      "3": 3,
      "4": 3,
      "5": 2,
      "6": 2,
      "7": 1,
      "8": 2,
      "9": 0,
      "10": 1,
      "11": 0,
      "12": 0,
      "13": 0,
      "14": 0,
      "15": 0,
      "16": 0,
      "17": 0,
      "18": 0,
      "19": 0,
      "20": 0
    }
  },
  "schools": {
    "ranks_0based": {
      "0": 1,
      "1": 6,
      "2": 7,
      "3": 5,
      "4": 6,
      "5": 3,
      "6": 3,
      "7": 0,
      "8": 6,
      "9": 2,
      "10": 2,
      "11": 3,
      "12": 3,
      "13": 0,
      "14": 5,
      "15": 3,
      "16": 8,
      "17": 2,
      "18": 0,
      "19": 1
    },
    "n_agents": 20,
    "mean_rank_1based": 4.3,
    "median_rank_1based": 4.0,
    "std_rank": 2.3685438564654024,
    "top1_rate": 0.15,
    "top3_rate": 0.4,
    "mean_score": 0.8263157894736842,
    "gini_score": 0.08503184713375789,
    "hist_1based": {
      "1": 3,
      "2": 2,
      "3": 3,
      "4": 5,
      "5": 0,
      "6": 2,
      "7": 3,
      "8": 1,
      "9": 1,
      "10": 0,
      "11": 0,
      "12": 0,
      "13": 0,
      "14": 0,
      "15": 0,
      "16": 0,
      "17": 0,
      "18": 0,
      "19": 0,
      "20": 0
    }
  }
}