{
  "mode": "DA_S",
  "stable": true,
  "students": {
    "ranks_0based": {
      "0": 12,
      "1": 2,
      "2": 0,
      "3": 9,
      "4": 8,
      "5": 0,
      "6": 2,
      "7": 7,
      "8": 0,
      "9": 1,
      "10": 4,
      "11": 4,
      "12": 3,
      "13": 4,
      "14": 5,
      "15": 0,
      "16": 6,
      "17": 10,
      "18": 2,
      "19": 10
    },
    "n_agents": 20,
    "mean_rank_1based": 5.45,
    "median_rank_1based": 5.0,
    "std_rank": 3.694252292413175,
    "top1_rate": 0.2,
    "top3_rate": 0.4,
    "mean_score": 0.7657894736842106,
    "gini_score": 0.14312714776632296,
    "hist_1based": {
      "1": 4,
      "2": 1,
      "3": 3,
      "4": 1,
      "5": 3,
      "6": 1,
      "7": 1,
      "8": 1,
      "9": 1,
      "10": 1,
      "11": 2,
      "12": 0,
      "13": 1,
      "14": 0,
      "15": 0,
      "16": 0,
      "17": 0,
      "18": 0,
      "19": 0,
      "20": 0
    }
  },
  "schools": {
    "ranks_0based": {
      "0": 3,
      "1": 5,
      "2": 3,
      "3": 0,
      "4": 4,
      "5": 1,
      "6": 2,
      "7": 1,
      "8": 1,
      "9": 0,
      "10": 1,
      "11": 4,
      "12": 0,
      "13": 10,
      "14": 5,
      "15": 4,
      "16": 1,
      "17": 0,
      "18": 0,
      "19": 3
    },
    "n_agents": 20,
    "mean_rank_1based": 3.4,
    "median_rank_1based": 2.5,
    "std_rank": 2.4372115213907883,
    "top1_rate": 0.25,
    "top3_rate": 0.55,
    "mean_score": 0.8736842105263158,
    "gini_score": 0.07590361445783134,
    "hist_1based": {
      "1": 5,
      "2": 5,
      "3": 1,
      "4": 3,
      "5": 3,
      "6": 2,
      "7": 0,
      "8": 0,
      "9": 0,
      "10": 0,
      "11": 1,
      "12": 0,
      "13": 0,
      "14": 0,
      "15": 0,
      "16": 0,
      "17": 0,
      "18": 0,
      "19": 0,
      "20": 0
    }
  }
}