{
  "mode": "DA_S",
  "stable": true,
  "students": {
    "ranks_0based": {
      "0": 0,
      "1": 5,
      "2": 8,
      "3": 5,
      "4": 6,
      "5": 6,
      "6": 3,
      "7": 8,
      "8": 1,
      "9": 1,
      "10": 0,
      "11": 0,
      "12": 4,
      "13": 5,
      "14": 8,
      "15": 8,
      "16": 17,
      "17": 6,
      "18": 0,
      "19": 7
    },
    "n_agents": 20,
    "mean_rank_1based": 5.9,
    "median_rank_1based": 6.0,
    "std_rank": 4.023679907746142,
    "top1_rate": 0.2,
    "top3_rate": 0.3,
    "mean_score": 0.7421052631578947,
    "gini_score": 0.15035460992907823,
    "hist_1based": {
      "1": 4,
      "2": 2,
      "3": 0,
      "4": 1,
      "5": 1,
      "6": 3,
      "7": 3,
      "8": 1,
      "9": 4,
      "10": 0,
      "11": 0,
      "12": 0,
      "13": 0,
      "14": 0,
      "15": 0,
      "16": 0,
      "17": 0,
      "18": 1,
      "19": 0,
      "20": 0
    }
  },
  "schools": {
    "ranks_0based": {
      "0": 0,
      "1": 5,
      "2": 3,
      "3": 1,
      "4": 3,
      "5": 3,
      "6": 0,
      "7": 0,
      "8": 3,
      "9": 8,
      "10": 1,
      "11": 0,
      "12": 2,
      "13": 2,
      "14": 0,
      "15": 6,
      "16": 0,
      "17": 0,
      "18": 3,
      "19": 0
    },
    "n_agents": 20,
    "mean_rank_1based": 3,
    "median_rank_1based": 2.5,
    "std_rank": 2.23606797749979,
    "top1_rate": 0.4,
    "top3_rate": 0.6,
    "mean_score": 0.8947368421052632,
    "gini_score": 0.06882352941176495,
    "hist_1based": {
      "1": 8,
      "2": 2,
      "3": 2,
      "4": 5,
      "5": 0,
      "6": 1,
      "7": 1,
      "8": 0,
      "9": 1,
      "10": 0,
      "11": 0,
      "12": 0,
      "13": 0,
      "14": 0,
      "15": 0,
      "16": 0,
      "17": 0,
      "18": 0,
      "19": 0,
      "20": 0
    }
  }
}