{
  "mode": "DA_S",
  "stable": true,
  "students": {
    "ranks_0based": {
      "0": 6,
      "1": 0,
      "2": 2,
      "3": 6,
      "4": 8,
      "5": 4,
      "6": 4,
      "7": 1,
      "8": 0,
      "9": 3
    },
    "n_agents": 10,
    "mean_rank_1based": 4.4,
    "median_rank_1based": 4.5,
    "std_rank": 2.5768197453450252,
    "top1_rate": 0.2,
    "top3_rate": 0.4,
    "mean_score": 0.6222222222222222,
    "gini_score": 0.26071428571428545,
    "hist_1based": {
      "1": 2,
      "2": 1,
      "3": 1,
      "4": 1,
      "5": 2,
      "6": 0,
      "7": 2,
      "8": 0,
      "9": 1,
      "10": 0
    }
  },
  "schools": {
    "ranks_0based": {
      "0": 0,
      "1": 1,
      "2": 3,
      "3": 0,
      "4": 1,
      "5": 2,
      "6": 4,
      "7": 2,
      "8": 1,
      "9": 0
    },
    "n_agents": 10,
    "mean_rank_1based": 2.4,
    "median_rank_1based": 2.0,
    "std_rank": 1.2806248474865698,
    "top1_rate": 0.3,
    "top3_rate": 0.8,
    "mean_score": 0.8444444444444444,
    "gini_score": 0.09210526315789447,
    "hist_1based": {
      "1": 3,
      "2": 3,
      "3": 2,
      "4": 1,
      "5": 1,
      "6": 0,
      "7": 0,
      "8": 0,
      "9": 0,
      "10": 0
    }
  }
}