{
  "mode": "DA_S",
  "stable": true,
  "students": {
    "ranks_0based": {
      "0": 17,
      "1": 36,
      "2": 48,
      "3": 7,
      "4": 5,
      "5": 14,
      "6": 11,
      "7": 24,
      "8": 20,
      "9": 12,
      "10": 18,
      "11": 1,
      "12": 6,
      "13": 14,
      "14": 4,
      "15": 0,
      "16": 4,
      "17": 1,
      "18": 27,
      "19": 3,
      "20": 16,
      "21": 16,
      "22": 23,
      "23": 3,
      "24": 4,
      "25": 1,
      "26": 1,
      "27": 22,
      "28": 13,
      "29": 1,
      "30": 10,
      "31": 3,
      "32": 1,
      "33": 0,
      "34": 16,
      "35": 3,
      "36": 29,
      "37": 17,
      "38": 0,
      "39": 0,
      "40": 3,
      "41": 6,
      "42": 5,
      "43": 12,
      "44": 0,
      "45": 2,
      "46": 37,
      "47": 8,
      "48": 8,
      "49": 17
    },
    "n_agents": 50,
    "mean_rank_1based": 11.98,
    "median_rank_1based": 8.5,
    "std_rank": 10.891262553074368,
    "top1_rate": 0.1,
    "top3_rate": 0.24,
    "mean_score": 0.7759183673469388,
    "gini_score": 0.1512572330352444,
    "hist_1based": {
      "1": 5,
      "2": 6,
      "3": 1,
      "4": 5,
      "5": 3,
      "6": 2,
      "7": 2,
      "8": 1,
      "9": 2,
      "10": 0,
      "11": 1,
      "12": 1,
      "13": 2,
      "14": 1,
      "15": 2,
      "16": 0,
      "17": 3,
      "18": 3,
      "19": 1,
      "20": 0,
      "21": 1,
      "22": 0,
      "23": 1,
      "24": 1,
      "25": 1,
      "26": 0,
      "27": 0,
      "28": 1,
      "29": 0,
      "30": 1,
      "31": 0,
      "32": 0,
      "33": 0,
      "34": 0,
      "35": 0,
      "36": 0,
      "37": 1,
      "38": 1,
      "39": 0,
      "40": 0,
      "41": 0,
      "42": 0,
      "43": 0,
      "44": 0,
      "45": 0,
      "46": 0,
      "47": 0,
      "48": 0,
      "49": 1,
      "50": 0
    }
  },
  "schools": {
    "ranks_0based": {
      "0": 7,
      "1": 0,
      "2": 0,
      "3": 2,
      "4": 6,
      "5": 4,
      "6": 1,
      "7": 0,
      "8": 0,
      "9": 1,
      "10": 1,
      "11": 7,
      "12": 1,
      "13": 3,
      "14": 1,
      "15": 0,
      "16": 2,
      "17": 0,
      "18": 3,
      "19": 0,
      "20": 3,
      "21": 3,
      "22": 3,
      "23": 1,
      "24": 3,
      "25": 4,
      "26": 5,
      "27": 1,
      "28": 2,
      "29": 13,
      "30": 5,
      "31": 2,
      "32": 7,
      "33": 1,
      "34": 8,
      "35": 0,
      "36": 0,
      "37": 1,
      "38": 1,
      "39": 1,
      "40": 1,
      "41": 8,
      "42": 1,
      "43": 3,
      "44": 0,
      "45": 2,
      "46": 2,
      "47": 10,
      "48": 0,
      "49": 1
    },
    "n_agents": 50,
    "mean_rank_1based": 3.62,
    "median_rank_1based": 2.5,
    "std_rank": 2.8975161776942677,
    "top1_rate": 0.22,
    "top3_rate": 0.62,
    "mean_score": 0.946530612244898,
    "gini_score": 0.03155670547649869,
    "hist_1based": {
      "1": 11,
      "2": 14,
      "3": 6,
      "4": 7,
      "5": 2,
      "6": 2,
      "7": 1,
      "8": 3,
      "9": 2,
      "10": 0,
      "11": 1,
      "12": 0,
      "13": 0,
      "14": 1,
      "15": 0,
      "16": 0,
      "17": 0,
      "18": 0,
      "19": 0,
      "20": 0,
      "21": 0,
      "22": 0,
      "23": 0,
      "24": 0,
      "25": 0,
      "26": 0,
      "27": 0,
      "28": 0,
      "29": 0,
      "30": 0,
      "31": 0,
      "32": 0,
      "33": 0,
      "34": 0,
      "35": 0,
      "36": 0,
      "37": 0,
      "38": 0,
      "39": 0,
      "40": 0,
      "41": 0,
      "42": 0,
      "43": 0,
      "44": 0,
      "45": 0,
      "46": 0,
      "47": 0,
      "48": 0,
      "49": 0,
      "50": 0
    }
  }
}