{
  "mode": "DA_S",
  "stable": true,
  "students": {
    "ranks_0based": {
      "0": 0,
      "1": 4,
      "2": 1,
      "3": 7,
      "4": 5,
      "5": 0,
      "6": 1,
      "7": 1,
      "8": 1,
      "9": 16,
      "10": 4,
      "11": 2,
      "12": 2,
      "13": 1,
      "14": 1,
      "15": 10,
      "16": 3,
      "17": 4,
      "18": 0,
      "19": 1
    },
    "n_agents": 20,
    "mean_rank_1based": 4.2,
    "median_rank_1based": 2.5,
    "std_rank": 3.8548670534792766,
    "top1_rate": 0.15,
    "top3_rate": 0.6,
    "mean_score": 0.8315789473684211,
    "gini_score": 0.11487341772151871,
    "hist_1based": {
      "1": 3,
      "2": 7,
      "3": 2,
      "4": 1,
      "5": 3,
      "6": 1,
      "7": 0,
      "8": 1,
      "9": 0,
      "10": 0,
      "11": 1,
      "12": 0,
      "13": 0,
      "14": 0,
      "15": 0,
      "16": 0,
      "17": 1,
      "18": 0,
      "19": 0,
      "20": 0
    }
  },
  "schools": {
    "ranks_0based": {
      "0": 0,
      "1": 5,
      "2": 5,
      "3": 0,
      "4": 14,
      "5": 8,
      "6": 1,
      "7": 0,
      "8": 0,
      "9": 2,
      "10": 5,
      "11": 5,
      "12": 3,
      "13": 0,
      "14": 1,
      "15": 0,
      "16": 5,
      "17": 3,
      "18": 0,
      "19": 6
    },
    "n_agents": 20,
    "mean_rank_1based": 4.15,
    "median_rank_1based": 3.5,
    "std_rank": 3.5110539728121526,
    "top1_rate": 0.35,
    "top3_rate": 0.5,
    "mean_score": 0.8342105263157895,
    "gini_score": 0.11340694006309171,
    "hist_1based": {
      "1": 7,
      "2": 2,
      "3": 1,
      "4": 2,
      "5": 0,
      "6": 5,
      "7": 1,
      "8": 0,
      "9": 1,
      "10": 0,
      "11": 0,
      "12": 0,
      "13": 0,
      "14": 0,
      "15": 1,
      "16": 0,
      "17": 0,
      "18": 0,
      "19": 0,
      "20": 0
    }
  }
}