{
  "mode": "DA_S",
  "stable": true,
  "students": {
    "ranks_0based": {
      "0": 4,
      "1": 31,
      "2": 10,
      "3": 32,
      "4": 55,
      "5": 66,
      "6": 4,
      "7": 11,
      "8": 23,
      "9": 27,
      "10": 16,
      "11": 15,
      "12": 47,
      "13": 20,
      "14": 10,
      "15": 2,
      "16": 34,
      "17": 6,
      "18": 6,
      "19": 5,
      "20": 12,
      "21": 20,
      "22": 14,
      "23": 4,
      "24": 9,
      "25": 0,
      "26": 6,
      "27": 12,
      "28": 27,
      "29": 1,
      "30": 23,
      "31": 21,
      "32": 36,
      "33": 2,
      "34": 16,
      "35": 14,
      "36": 0,
      "37": 35,
      "38": 6,
      "39": 44,
      "40": 5,
      "41": 7,
      "42": 54,
      "43": 27,
      "44": 30,
      "45": 4,
      "46": 59,
      "47": 25,
      "48": 13,
      "49": 26,
      "50": 17,
      "51": 37,
      "52": 15,
      "53": 22,
      "54": 6,
      "55": 19,
      "56": 8,
      "57": 23,
      "58": 31,
      "59": 15,
      "60": 6,
      "61": 1,
      "62": 4,
      "63": 0,
      "64": 19,
      "65": 18,
      "66": 10,
      "67": 8,
      "68": 27,
      "69": 13,
      "70": 12,
      "71": 2,
      "72": 12,
      "73": 31,
      "74": 8,
      "75": 56,
      "76": 47,
      "77": 14,
      "78": 9,
      "79": 89,
      "80": 0,
      "81": 35,
      "82": 78,
      "83": 32,
      "84": 38,
      "85": 11,
      "86": 52,
      "87": 15,
      "88": 33,
      "89": 6,
      "90": 26,
      "91": 30,
      "92": 12,
      "93": 13,
      "94": 5,
      "95": 2,
      "96": 42,
      "97": 28,
      "98": 18,
      "99": 17
    },
    "n_agents": 100,
    "mean_rank_1based": 21.48,
    "median_rank_1based": 16.0,
    "std_rank": 17.568995418065313,
    "top1_rate": 0.04,
    "top3_rate": 0.1,
    "mean_score": 0.7931313131313131,
    "gini_score": 0.1178400407539486,
    "hist_1based": {
      "1": 4,
      "2": 2,
      "3": 4,
      "4": 0,
      "5": 5,
      "6": 3,
      "7": 7,
      "8": 1,
      "9": 3,
      "10": 2,
      "11": 3,
      "12": 2,
      "13": 5,
      "14": 3,
      "15": 3,
      "16": 4,
      "17": 2,
      "18": 2,
      "19": 2,
      "20": 2,
      "21": 2,
      "22": 1,
      "23": 1,
      "24": 3,
      "25": 0,
      "26": 1,
      "27": 2,
      "28": 4,
      "29": 1,
      "30": 0,
      "31": 2,
      "32": 3,
      "33": 2,
      "34": 1,
      "35": 1,
      "36": 2,
      "37": 1,
      "38": 1,
      "39": 1,
      "40": 0,
      "41": 0,
      "42": 0,
      "43": 1,
      "44": 0,
      "45": 1,
      "46": 0,
      "47": 0,
      "48": 2,
      "49": 0,
      "50": 0,
      "51": 0,
      "52": 0,
      "53": 1,
      "54": 0,
      "55": 1,
      "56": 1,
      "57": 1,
      "58": 0,
      "59": 0,
      "60": 1,
      "61": 0,
      "62": 0,
      "63": 0,
      "64": 0,
      "65": 0,
      "66": 0,
      "67": 1,
      "68": 0,
      "69": 0,
      "70": 0,
      "71": 0,
      "72": 0,
      "73": 0,
      "74": 0,
      "75": 0,
      "76": 0,
      "77": 0,
      "78": 0,
      "79": 1,
      "80": 0,
      "81": 0,
      "82": 0,
      "83": 0,
      "84": 0,
      "85": 0,
      "86": 0,
      "87": 0,
      "88": 0,
      "89": 0,
      "90": 1,
      "91": 0,
      "92": 0,
      "93": 0,
      "94": 0,
      "95": 0,
      "96": 0,
      "97": 0,
      "98": 0,
      "99": 0,
      "100": 0
    }
  },
  "schools": {
    "ranks_0based": {
      "0": 2,
      "1": 7,
      "2": 5,
      "3": 1,
      "4": 0,
      "5": 12,
      "6": 0,
      "7": 7,
      "8": 1,
      "9": 4,
      "10": 0,
      "11": 0,
      "12": 1,
      "13": 3,
      "14": 3,
      "15": 9,
      "16": 0,
      "17": 1,
      "18": 3,
      "19": 7,
      "20": 14,
      "21": 6,
      "22": 0,
      "23": 4,
      "24": 0,
      "25": 0,
      "26": 8,
      "27": 1,
      "28": 5,
      "29": 6,
      "30": 0,
      "31": 1,
      "32": 3,
      "33": 0,
      "34": 0,
      "35": 6,
      "36": 1,
      "37": 3,
      "38": 9,
      "39": 2,
      "40": 0,
      "41": 1,
      "42": 3,
      "43": 2,
      "44": 7,
      "45": 0,
      "46": 2,
      "47": 11,
      "48": 9,
      "49": 4,
      "50": 11,
      "51": 2,
      "52": 0,
      "53": 9,
      "54": 2,
      "55": 3,
      "56": 0,
      "57": 6,
      "58": 1,
      "59": 1,
      "60": 2,
      "61": 0,
      "62": 3,
      "63": 1,
      "64": 1,
      "65": 1,
      "66": 11,
      "67": 13,
      "68": 1,
      "69": 2,
      "70": 4,
      "71": 1,
      "72": 1,
      "73": 0,
      "74": 2,
      "75": 0,
      "76": 6,
      "77": 0,
      "78": 0,
      "79": 5,
      "80": 0,
      "81": 6,
      "82": 3,
      "83": 1,
      "84": 5,
      "85": 2,
      "86": 8,
      "87": 1,
      "88": 2,
      "89": 8,
      "90": 4,
      "91": 0,
      "92": 5,
      "93": 9,
      "94": 2,
      "95": 7,
      "96": 3,
      "97": 1,
      "98": 1,
      "99": 1
    },
    "n_agents": 100,
    "mean_rank_1based": 4.32,
    "median_rank_1based": 3.0,
    "std_rank": 3.4521877121616664,
    "top1_rate": 0.22,
    "top3_rate": 0.55,
    "mean_score": 0.9664646464646465,
    "gini_score": 0.019155518394649462,
    "hist_1based": {
      "1": 22,
      "2": 21,
      "3": 12,
      "4": 10,
      "5": 5,
      "6": 5,
      "7": 6,
      "8": 5,
      "9": 3,
      "10": 5,
      "11": 0,
      "12": 3,
      "13": 1,
      "14": 1,
      "15": 1,
      "16": 0,
      "17": 0,
      "18": 0,
      "19": 0,
      "20": 0,
      "21": 0,
      "22": 0,
      "23": 0,
      "24": 0,
      "25": 0,
      "26": 0,
      "27": 0,
      "28": 0,
      "29": 0,
      "30": 0,
      "31": 0,
      "32": 0,
      "33": 0,
      "34": 0,
      "35": 0,
      "36": 0,
      "37": 0,
      "38": 0,
      "39": 0,
      "40": 0,
      "41": 0,
      "42": 0,
      "43": 0,
      "44": 0,
      "45": 0,
      "46": 0,
      "47": 0,
      "48": 0,
      "49": 0,
      "50": 0,
      "51": 0,
      "52": 0,
      "53": 0,
      "54": 0,
      "55": 0,
      "56": 0,
      "57": 0,
      "58": 0,
      "59": 0,
      "60": 0,
      "61": 0,
      "62": 0,
      "63": 0,
      "64": 0,
      "65": 0,
      "66": 0,
      "67": 0,
      "68": 0,
      "69": 0,
      "70": 0,
      "71": 0,
      "72": 0,
      "73": 0,
      "74": 0,
      "75": 0,
      "76": 0,
      "77": 0,
      "78": 0,
      "79": 0,
      "80": 0,
      "81": 0,
      "82": 0,
      "83": 0,
      "84": 0,
      "85": 0,
      "86": 0,
      "87": 0,
      "88": 0,
      "89": 0,
      "90": 0,
      "91": 0,
      "92": 0,
      "93": 0,
      "94": 0,
      "95": 0,
      "96": 0,
      "97": 0,
      "98": 0,
      "99": 0,
      "100": 0
    }
  }
}