{
  "mode": "DA_S",
  "stable": true,
  "students": {
    "ranks_0based": {
      "0": 22,
      "1": 4,
      "2": 16,
      "3": 21,
      "4": 9,
      "5": 7,
      "6": 3,
      "7": 14,
      "8": 0,
      "9": 16,
      "10": 15,
      "11": 9,
      "12": 5,
      "13": 13,
      "14": 4,
      "15": 9,
      "16": 34,
      "17": 9,
      "18": 2,
      "19": 2,
      "20": 5,
      "21": 6,
      "22": 0,
      "23": 18,
      "24": 9,
      "25": 3,
      "26": 0,
      "27": 17,
      "28": 2,
      "29": 1,
      "30": 8,
      "31": 9,
      "32": 0,
      "33": 4,
      "34": 14,
      "35": 3,
      "36": 10,
      "37": 1,
      "38": 15,
      "39": 40,
      "40": 0,
      "41": 5,
      "42": 6,
      "43": 12,
      "44": 19,
      "45": 28,
      "46": 37,
      "47": 19,
      "48": 17,
      "49": 1
    },
    "n_agents": 50,
    "mean_rank_1based": 11.46,
    "median_rank_1based": 10.0,
    "std_rank": 9.581670000579232,
    "top1_rate": 0.1,
    "top3_rate": 0.22,
    "mean_score": 0.786530612244898,
    "gini_score": 0.13190451478982945,
    "hist_1based": {
      "1": 5,
      "2": 3,
      "3": 3,
      "4": 3,
      "5": 3,
      "6": 3,
      "7": 2,
      "8": 1,
      "9": 1,
      "10": 6,
      "11": 1,
      "12": 0,
      "13": 1,
      "14": 1,
      "15": 2,
      "16": 2,
      "17": 2,
      "18": 2,
      "19": 1,
      "20": 2,
      "21": 0,
      "22": 1,
      "23": 1,
      "24": 0,
      "25": 0,
      "26": 0,
      "27": 0,
      "28": 0,
      "29": 1,
      "30": 0,
      "31": 0,
      "32": 0,
      "33": 0,
      "34": 0,
      "35": 1,
      "36": 0,
      "37": 0,
      "38": 1,
      "39": 0,
      "40": 0,
      "41": 1,
      "42": 0,
      "43": 0,
      "44": 0,
      "45": 0,
      "46": 0,
      "47": 0,
      "48": 0,
      "49": 0,
      "50": 0
    }
  },
  "schools": {
    "ranks_0based": {
      "0": 2,
      "1": 3,
      "2": 7,
      "3": 2,
      "4": 0,
      "5": 1,
      "6": 3,
      "7": 0,
      "8": 1,
      "9": 3,
      "10": 1,
      "11": 5,
      "12": 0,
      "13": 2,
      "14": 2,
      "15": 4,
      "16": 0,
      "17": 2,
      "18": 8,
      "19": 3,
      "20": 0,
      "21": 12,
      "22": 1,
      "23": 3,
      "24": 10,
      "25": 1,
      "26": 0,
      "27": 3,
      "28": 1,
      "29": 1,
      "30": 4,
      "31": 1,
      "32": 0,
      "33": 1,
      "34": 8,
      "35": 5,
      "36": 1,
      "37": 4,
      "38": 3,
      "39": 0,
      "40": 6,
      "41": 0,
      "42": 1,
      "43": 1,
      "44": 5,
      "45": 5,
      "46": 0,
      "47": 2,
      "48": 5,
      "49": 1
    },
    "n_agents": 50,
    "mean_rank_1based": 3.68,
    "median_rank_1based": 3.0,
    "std_rank": 2.7235271248878723,
    "top1_rate": 0.2,
    "top3_rate": 0.58,
    "mean_score": 0.9453061224489796,
    "gini_score": 0.030449050086356122,
    "hist_1based": {
      "1": 10,
      "2": 13,
      "3": 6,
      "4": 7,
      "5": 3,
      "6": 5,
      "7": 1,
      "8": 1,
      "9": 2,
      "10": 0,
      "11": 1,
      "12": 0,
      "13": 1,
      "14": 0,
      "15": 0,
      "16": 0,
      "17": 0,
      "18": 0,
      "19": 0,
      "20": 0,
      "21": 0,
      "22": 0,
      "23": 0,
      "24": 0,
      "25": 0,
      "26": 0,
      "27": 0,
      "28": 0,
      "29": 0,
      "30": 0,
      "31": 0,
      "32": 0,
      "33": 0,
      "34": 0,
      "35": 0,
      "36": 0,
      "37": 0,
      "38": 0,
      "39": 0,
      "40": 0,
      "41": 0,
      "42": 0,
      "43": 0,
      "44": 0,
      "45": 0,
      "46": 0,
      "47": 0,
      "48": 0,
      "49": 0,
      "50": 0
    }
  }
}