{
  "mode": "DA_E",
  "stable": true,
  "students": {
    "ranks_0based": {
      "0": 3,
      "1": 2,
      "2": 2,
      "3": 3,
      "4": 9,
      "5": 3,
      "6": 5,
      "7": 1,
      "8": 5,
      "9": 2,
      "10": 2,
      "11": 0,
      "12": 0,
      "13": 9,
      "14": 8,
      "15": 3,
      "16": 1,
      "17": 0,
      "18": 1,
      "19": 2,
      "20": 6,
      "21": 1,
      "22": 0,
      "23": 2,
      "24": 5,
      "25": 2,
      "26": 2,
      "27": 1,
      "28": 5,
      "29": 1,
      "30": 5,
      "31": 0,
      "32": 1,
      "33": 4,
      "34": 4,
      "35": 4,
      "36": 3,
      "37": 3,
      "38": 0,
      "39": 0,
      "40": 1,
      "41": 2,
      "42": 13,
      "43": 5,
      "44": 6,
      "45": 0,
      "46": 3,
      "47": 9,
      "48": 0,
      "49": 2
    },
    "n_agents": 50,
    "mean_rank_1based": 4.02,
    "median_rank_1based": 3.0,
    "std_rank": 2.8318898283655036,
    "top1_rate": 0.18,
    "top3_rate": 0.54,
    "mean_score": 0.9383673469387755,
    "gini_score": 0.03224880382775175,
    "hist_1based": {
      "1": 9,
      "2": 8,
      "3": 10,
      "4": 7,
      "5": 3,
      "6": 6,
      "7": 2,
      "8": 0,
      "9": 1,
      "10": 3,
      "11": 0,
      "12": 0,
      "13": 0,
      "14": 1,
      "15": 0,
      "16": 0,
      "17": 0,
      "18": 0,
      "19": 0,
      "20": 0,
      "21": 0,
      "22": 0,
      "23": 0,
      "24": 0,
      "25": 0,
      "26": 0,
      "27": 0,
      "28": 0,
      "29": 0,
      "30": 0,
      "31": 0,
      "32": 0,
      "33": 0,
      "34": 0,
      "35": 0,
      "36": 0,
      "37": 0,
      "38": 0,
      "39": 0,
      "40": 0,
      "41": 0,
      "42": 0,
      "43": 0,
      "44": 0,
      "45": 0,
      "46": 0,
      "47": 0,
      "48": 0,
      "49": 0,
      "50": 0
    }
  },
  "schools": {
    "ranks_0based": {
      "0": 4,
      "1": 1,
      "2": 11,
      "3": 10,
      "4": 28,
      "5": 1,
      "6": 4,
      "7": 5,
      "8": 25,
      "9": 10,
      "10": 18,
      "11": 9,
      "12": 8,
      "13": 12,
      "14": 38,
      "15": 1,
      "16": 4,
      "17": 2,
      "18": 20,
      "19": 15,
      "20": 3,
      "21": 10,
      "22": 5,
      "23": 4,
      "24": 13,
      "25": 13,
      "26": 19,
      "27": 2,
      "28": 4,
      "29": 2,
      "30": 0,
      "31": 15,
      "32": 9,
      "33": 3,
      "34": 2,
      "35": 15,
      "36": 0,
      "37": 11,
      "38": 0,
      "39": 13,
      "40": 7,
      "41": 19,
      "42": 31,
      "43": 3,
      "44": 35,
      "45": 7,
      "46": 1,
      "47": 9,
      "48": 1,
      "49": 26
    },
    "n_agents": 50,
    "mean_rank_1based": 11.16,
    "median_rank_1based": 9.5,
    "std_rank": 9.434744299661755,
    "top1_rate": 0.06,
    "top3_rate": 0.24,
    "mean_score": 0.7926530612244898,
    "gini_score": 0.12922760041194703,
    "hist_1based": {
      "1": 3,
      "2": 5,
      "3": 4,
      "4": 3,
      "5": 5,
      "6": 2,
      "7": 0,
      "8": 2,
      "9": 1,
      "10": 3,
      "11": 3,
      "12": 2,
      "13": 1,
      "14": 3,
      "15": 0,
      "16": 3,
      "17": 0,
      "18": 0,
      "19": 1,
      "20": 2,
      "21": 1,
      "22": 0,
      "23": 0,
      "24": 0,
      "25": 0,
      "26": 1,
      "27": 1,
      "28": 0,
      "29": 1,
      "30": 0,
      "31": 0,
      "32": 1,
      "33": 0,
      "34": 0,
      "35": 0,
      "36": 1,
      "37": 0,
      "38": 0,
      "39": 1,
      "40": 0,
      "41": 0,
      "42": 0,
      "43": 0,
      "44": 0,
      "45": 0,
      "46": 0,
      "47": 0,
      "48": 0,
      "49": 0,
      "50": 0
    }
  }
}