{
  "mode": "DA_E",
  "stable": true,
  "students": {
    "ranks_0based": {
      "0": 1,
      "1": 1,
      "2": 0,
      "3": 0,
      "4": 2,
      "5": 0,
      "6": 1,
      "7": 6,
      "8": 1,
      "9": 0
    },
    "n_agents": 10,
    "mean_rank_1based": 2.2,
    "median_rank_1based": 2.0,
    "std_rank": 1.7204650534085253,
    "top1_rate": 0.4,
    "top3_rate": 0.9,
    "mean_score": 0.8666666666666667,
    "gini_score": 0.09743589743589731,
    "hist_1based": {
      "1": 4,
      "2": 4,
      "3": 1,
      "4": 0,
      "5": 0,
      "6": 0,
      "7": 1,
      "8": 0,
      "9": 0,
      "10": 0
    }
  },
  "schools": {
    "ranks_0based": {
      "0": 4,
      "1": 2,
      "2": 1,
      "3": 6,
      "4": 4,
      "5": 1,
      "6": 3,
      "7": 8,
      "8": 4,
      "9": 4
    },
    "n_agents": 10,
    "mean_rank_1based": 4.7,
    "median_rank_1based": 5.0,
    "std_rank": 2.0518284528683193,
    "top1_rate": 0.0,
    "top3_rate": 0.3,
    "mean_score": 0.5888888888888889,
    "gini_score": 0.20943396226415079,
    "hist_1based": {
      "1": 0,
      "2": 2,
      "3": 1,
      "4": 1,
      "5": 4,
      "6": 0,
      "7": 1,
      "8": 0,
      "9": 1,
      "10": 0
    }
  }
}