{
  "mode": "DA_E",
  "stable": true,
  "students": {
    "ranks_0based": {
      "0": 0,
      "1": 1,
      "2": 1,
      "3": 1,
      "4": 1,
      "5": 2,
      "6": 1,
      "7": 0,
      "8": 0,
      "9": 4,
      "10": 0,
      "11": 0,
      "12": 1,
      "13": 0,
      "14": 12,
      "15": 1,
      "16": 1,
      "17": 3,
      "18": 2,
      "19": 2
    },
    "n_agents": 20,
    "mean_rank_1based": 2.65,
    "median_rank_1based": 2.0,
    "std_rank": 2.5937424698685874,
    "top1_rate": 0.3,
    "top3_rate": 0.85,
    "mean_score": 0.9131578947368422,
    "gini_score": 0.05864553314121013,
    "hist_1based": {
      "1": 6,
      "2": 8,
      "3": 3,
      "4": 1,
      "5": 1,
      "6": 0,
      "7": 0,
      "8": 0,
      "9": 0,
      "10": 0,
      "11": 0,
      "12": 0,
      "13": 1,
      "14": 0,
      "15": 0,
      "16": 0,
      "17": 0,
      "18": 0,
      "19": 0,
      "20": 0
    }
  },
  "schools": {
    "ranks_0based": {
      "0": 0,
      "1": 2,
      "2": 4,
      "3": 17,
      "4": 2,
      "5": 12,
      "6": 4,
      "7": 11,
      "8": 1,
      "9": 1,
      "10": 2,
      "11": 3,
      "12": 0,
      "13": 2,
      "14": 0,
      "15": 8,
      "16": 6,
      "17": 6,
      "18": 13,
      "19": 5
    },
    "n_agents": 20,
    "mean_rank_1based": 5.95,
    "median_rank_1based": 4.5,
    "std_rank": 4.758938957372746,
    "top1_rate": 0.15,
    "top3_rate": 0.45,
    "mean_score": 0.7394736842105263,
    "gini_score": 0.18096085409252693,
    "hist_1based": {
      "1": 3,
      "2": 2,
      "3": 4,
      "4": 1,
      "5": 2,
      "6": 1,
      "7": 2,
      "8": 0,
      "9": 1,
      "10": 0,
      "11": 0,
      "12": 1,
      "13": 1,
      "14": 1,
      "15": 0,
      "16": 0,
      "17": 0,
      "18": 1,
      "19": 0,
      "20": 0
    }
  }
}