{
  "mode": "DA_E",
  "stable": true,
  "students": {
    "ranks_0based": {
      "0": 2,
      "1": 0,
      "2": 1,
      "3": 6,
      "4": 1,
      "5": 1,
      "6": 7,
      "7": 5,
      "8": 8,
      "9": 6,
      "10": 5,
      "11": 6,
      "12": 6,
      "13": 6,
      "14": 5,
      "15": 5,
      "16": 0,
      "17": 2,
      "18": 16,
      "19": 1,
      "20": 9,
      "21": 4,
      "22": 7,
      "23": 0,
      "24": 8,
      "25": 12,
      "26": 3,
      "27": 3,
      "28": 1,
      "29": 3,
      "30": 1,
      "31": 16,
      "32": 6,
      "33": 4,
      "34": 7,
      "35": 5,
      "36": 13,
      "37": 6,
      "38": 4,
      "39": 1,
      "40": 2,
      "41": 0,
      "42": 13,
      "43": 5,
      "44": 6,
      "45": 1,
      "46": 1,
      "47": 1,
      "48": 2,
      "49": 14,
      "50": 0,
      "51": 3,
      "52": 0,
      "53": 0,
      "54": 7,
      "55": 4,
      "56": 4,
      "57": 15,
      "58": 4,
      "59": 22,
      "60": 1,
      "61": 5,
      "62": 0,
      "63": 8,
      "64": 6,
      "65": 0,
      "66": 3,
      "67": 0,
      "68": 0,
      "69": 0,
      "70": 7,
      "71": 2,
      "72": 1,
      "73": 6,
      "74": 7,
      "75": 2,
      "76": 2,
      "77": 0,
      "78": 3,
      "79": 1,
      "80": 5,
      "81": 0,
      "82": 7,
      "83": 8,
      "84": 0,
      "85": 4,
      "86": 9,
      "87": 1,
      "88": 0,
      "89": 7,
      "90": 3,
      "91": 4,
      "92": 8,
      "93": 1,
      "94": 13,
      "95": 21,
      "96": 1,
      "97": 3,
      "98": 8,
      "99": 5
    },
    "n_agents": 100,
    "mean_rank_1based": 5.68,
    "median_rank_1based": 5.0,
    "std_rank": 4.5670121523814675,
    "top1_rate": 0.16,
    "top3_rate": 0.39,
    "mean_score": 0.9527272727272728,
    "gini_score": 0.025069974554708052,
    "hist_1based": {
      "1": 16,
      "2": 16,
      "3": 7,
      "4": 8,
      "5": 8,
      "6": 9,
      "7": 10,
      "8": 8,
      "9": 6,
      "10": 2,
      "11": 0,
      "12": 0,
      "13": 1,
      "14": 3,
      "15": 1,
      "16": 1,
      "17": 2,
      "18": 0,
      "19": 0,
      "20": 0,
      "21": 0,
      "22": 1,
      "23": 1,
      "24": 0,
      "25": 0,
      "26": 0,
      "27": 0,
      "28": 0,
      "29": 0,
      "30": 0,
      "31": 0,
      "32": 0,
      "33": 0,
      "34": 0,
      "35": 0,
      "36": 0,
      "37": 0,
      "38": 0,
      "39": 0,
      "40": 0,
      "41": 0,
      "42": 0,
      "43": 0,
      "44": 0,
      "45": 0,
      "46": 0,
      "47": 0,
      "48": 0,
      "49": 0,
      "50": 0,
      "51": 0,
      "52": 0,
      "53": 0,
      "54": 0,
      "55": 0,
      "56": 0,
      "57": 0,
      "58": 0,
      "59": 0,
      "60": 0,
      "61": 0,
      "62": 0,
      "63": 0,
      "64": 0,
      "65": 0,
      "66": 0,
      "67": 0,
      "68": 0,
      "69": 0,
      "70": 0,
      "71": 0,
      "72": 0,
      "73": 0,
      "74": 0,
      "75": 0,
      "76": 0,
      "77": 0,
      "78": 0,
      "79": 0,
      "80": 0,
      "81": 0,
      "82": 0,
      "83": 0,
      "84": 0,
      "85": 0,
      "86": 0,
      "87": 0,
      "88": 0,
      "89": 0,
      "90": 0,
      "91": 0,
      "92": 0,
      "93": 0,
      "94": 0,
      "95": 0,
      "96": 0,
      "97": 0,
      "98": 0,
      "99": 0,
      "100": 0
    }
  },
  "schools": {
    "ranks_0based": {
      "0": 1,
      "1": 33,
      "2": 6,
      "3": 6,
      "4": 3,
      "5": 4,
      "6": 32,
      "7": 7,
      "8": 11,
      "9": 12,
      "10": 9,
      "11": 3,
      "12": 9,
      "13": 17,
      "14": 47,
      "15": 26,
      "16": 14,
      "17": 17,
      "18": 9,
      "19": 16,
      "20": 4,
      "21": 26,
      "22": 23,
      "23": 1,
      "24": 4,
      "25": 1,
      "26": 13,
      "27": 5,
      "28": 10,
      "29": 26,
      "30": 1,
      "31": 8,
      "32": 0,
      "33": 8,
      "34": 9,
      "35": 7,
      "36": 4,
      "37": 10,
      "38": 11,
      "39": 2,
      "40": 17,
      "41": 37,
      "42": 11,
      "43": 32,
      "44": 11,
      "45": 18,
      "46": 4,
      "47": 15,
      "48": 0,
      "49": 27,
      "50": 4,
      "51": 2,
      "52": 18,
      "53": 2,
      "54": 24,
      "55": 7,
      "56": 17,
      "57": 9,
      "58": 4,
      "59": 53,
      "60": 8,
      "61": 8,
      "62": 71,
      "63": 3,
      "64": 24,
      "65": 9,
      "66": 1,
      "67": 13,
      "68": 3,
      "69": 19,
      "70": 9,
      "71": 2,
      "72": 11,
      "73": 2,
      "74": 4,
      "75": 4,
      "76": 9,
      "77": 5,
      "78": 25,
      "79": 17,
      "80": 12,
      "81": 4,
      "82": 0,
      "83": 0,
      "84": 5,
      "85": 76,
      "86": 3,
      "87": 18,
      "88": 4,
      "89": 16,
      "90": 45,
      "91": 17,
      "92": 17,
      "93": 17,
      "94": 24,
      "95": 38,
      "96": 1,
      "97": 4,
      "98": 36,
      "99": 6
    },
    "n_agents": 100,
    "mean_rank_1based": 14.57,
    "median_rank_1based": 10.0,
    "std_rank": 14.08421456809005,
    "top1_rate": 0.04,
    "top3_rate": 0.15,
    "mean_score": 0.8629292929292929,
    "gini_score": 0.0803897928128301,
    "hist_1based": {
      "1": 4,
      "2": 6,
      "3": 5,
      "4": 5,
      "5": 12,
      "6": 3,
      "7": 3,
      "8": 3,
      "9": 4,
      "10": 8,
      "11": 2,
      "12": 5,
      "13": 2,
      "14": 2,
      "15": 1,
      "16": 1,
      "17": 2,
      "18": 8,
      "19": 3,
      "20": 1,
      "21": 0,
      "22": 0,
      "23": 0,
      "24": 1,
      "25": 3,
      "26": 1,
      "27": 3,
      "28": 1,
      "29": 0,
      "30": 0,
      "31": 0,
      "32": 0,
      "33": 2,
      "34": 1,
      "35": 0,
      "36": 0,
      "37": 1,
      "38": 1,
      "39": 1,
      "40": 0,
      "41": 0,
      "42": 0,
      "43": 0,
      "44": 0,
      "45": 0,
      "46": 1,
      "47": 0,
      "48": 1,
      "49": 0,
      "50": 0,
      "51": 0,
      "52": 0,
      "53": 0,
      "54": 1,
      "55": 0,
      "56": 0,
      "57": 0,
      "58": 0,
      "59": 0,
      "60": 0,
      "61": 0,
      "62": 0,
      "63": 0,
      "64": 0,
      "65": 0,
      "66": 0,
      "67": 0,
      "68": 0,
      "69": 0,
      "70": 0,
      "71": 0,
      "72": 1,
      "73": 0,
      "74": 0,
      "75": 0,
      "76": 0,
      "77": 1,
      "78": 0,
      "79": 0,
      "80": 0,
      "81": 0,
      "82": 0,
      "83": 0,
      "84": 0,
      "85": 0,
      "86": 0,
      "87": 0,
      "88": 0,
      "89": 0,
      "90": 0,
      "91": 0,
      "92": 0,
      "93": 0,
      "94": 0,
      "95": 0,
      "96": 0,
      "97": 0,
      "98": 0,
      "99": 0,
      "100": 0
    }
  }
}