{
  "mode": "DA_E",
  "stable": true,
  "students": {
    "ranks_0based": {
      "0": 0,
      "1": 7,
      "2": 1,
      "3": 15,
      "4": 0,
      "5": 7,
      "6": 15,
      "7": 4,
      "8": 0,
      "9": 2,
      "10": 16,
      "11": 2,
      "12": 2,
      "13": 9,
      "14": 28,
      "15": 1,
      "16": 7,
      "17": 3,
      "18": 4,
      "19": 8,
      "20": 34,
      "21": 2,
      "22": 0,
      "23": 4,
      "24": 7,
      "25": 15,
      "26": 4,
      "27": 1,
      "28": 7,
      "29": 0,
      "30": 0,
      "31": 0,
      "32": 12,
      "33": 3,
      "34": 1,
      "35": 4,
      "36": 0,
      "37": 20,
      "38": 16,
      "39": 12,
      "40": 10,
      "41": 0,
      "42": 4,
      "43": 2,
      "44": 9,
      "45": 3,
      "46": 5,
      "47": 2,
      "48": 1,
      "49": 0,
      "50": 4,
      "51": 8,
      "52": 1,
      "53": 5,
      "54": 1,
      "55": 2,
      "56": 8,
      "57": 18,
      "58": 2,
      "59": 3,
      "60": 10,
      "61": 5,
      "62": 5,
      "63": 4,
      "64": 21,
      "65": 2,
      "66": 2,
      "67": 1,
      "68": 2,
      "69": 2,
      "70": 1,
      "71": 13,
      "72": 1,
      "73": 1,
      "74": 3,
      "75": 11,
      "76": 2,
      "77": 6,
      "78": 0,
      "79": 30,
      "80": 5,
      "81": 3,
      "82": 6,
      "83": 15,
      "84": 9,
      "85": 8,
      "86": 5,
      "87": 26,
      "88": 3,
      "89": 3,
      "90": 20,
      "91": 3,
      "92": 1,
      "93": 4,
      "94": 0,
      "95": 24,
      "96": 1,
      "97": 8,
      "98": 0,
      "99": 3
    },
    "n_agents": 100,
    "mean_rank_1based": 7.3,
    "median_rank_1based": 5.0,
    "std_rank": 7.215954545311383,
    "top1_rate": 0.13,
    "top3_rate": 0.39,
    "mean_score": 0.9363636363636364,
    "gini_score": 0.038386192017260345,
    "hist_1based": {
      "1": 13,
      "2": 13,
      "3": 13,
      "4": 10,
      "5": 9,
      "6": 6,
      "7": 2,
      "8": 5,
      "9": 5,
      "10": 3,
      "11": 2,
      "12": 1,
      "13": 2,
      "14": 1,
      "15": 0,
      "16": 4,
      "17": 2,
      "18": 0,
      "19": 1,
      "20": 0,
      "21": 2,
      "22": 1,
      "23": 0,
      "24": 0,
      "25": 1,
      "26": 0,
      "27": 1,
      "28": 0,
      "29": 1,
      "30": 0,
      "31": 1,
      "32": 0,
      "33": 0,
      "34": 0,
      "35": 1,
      "36": 0,
      "37": 0,
      "38": 0,
      "39": 0,
      "40": 0,
      "41": 0,
      "42": 0,
      "43": 0,
      "44": 0,
      "45": 0,
      "46": 0,
      "47": 0,
      "48": 0,
      "49": 0,
      "50": 0,
      "51": 0,
      "52": 0,
      "53": 0,
      "54": 0,
      "55": 0,
      "56": 0,
      "57": 0,
      "58": 0,
      "59": 0,
      "60": 0,
      "61": 0,
      "62": 0,
      "63": 0,
      "64": 0,
      "65": 0,
      "66": 0,
      "67": 0,
      "68": 0,
      "69": 0,
      "70": 0,
      "71": 0,
      "72": 0,
      "73": 0,
      "74": 0,
      "75": 0,
      "76": 0,
      "77": 0,
      "78": 0,
      "79": 0,
      "80": 0,
      "81": 0,
      "82": 0,
      "83": 0,
      "84": 0,
      "85": 0,
      "86": 0,
      "87": 0,
      "88": 0,
      "89": 0,
      "90": 0,
      "91": 0,
      "92": 0,
      "93": 0,
      "94": 0,
      "95": 0,
      "96": 0,
      "97": 0,
      "98": 0,
      "99": 0,
      "100": 0
    }
  },
  "schools": {
    "ranks_0based": {
      "0": 10,
      "1": 11,
      "2": 19,
      "3": 62,
      "4": 7,
      "5": 4,
      "6": 28,
      "7": 21,
      "8": 7,
      "9": 75,
      "10": 35,
      "11": 5,
      "12": 4,
      "13": 3,
      "14": 1,
      "15": 13,
      "16": 5,
      "17": 24,
      "18": 9,
      "19": 14,
      "20": 23,
      "21": 1,
      "22": 27,
      "23": 1,
      "24": 4,
      "25": 3,
      "26": 9,
      "27": 12,
      "28": 15,
      "29": 10,
      "30": 8,
      "31": 62,
      "32": 7,
      "33": 7,
      "34": 17,
      "35": 5,
      "36": 20,
      "37": 4,
      "38": 1,
      "39": 21,
      "40": 1,
      "41": 26,
      "42": 11,
      "43": 16,
      "44": 51,
      "45": 5,
      "46": 3,
      "47": 25,
      "48": 1,
      "49": 4,
      "50": 17,
      "51": 30,
      "52": 64,
      "53": 13,
      "54": 6,
      "55": 2,
      "56": 10,
      "57": 3,
      "58": 13,
      "59": 4,
      "60": 2,
      "61": 14,
      "62": 23,
      "63": 2,
      "64": 2,
      "65": 1,
      "66": 3,
      "67": 11,
      "68": 1,
      "69": 3,
      "70": 12,
      "71": 17,
      "72": 3,
      "73": 17,
      "74": 4,
      "75": 17,
      "76": 4,
      "77": 4,
      "78": 11,
      "79": 8,
      "80": 6,
      "81": 30,
      "82": 3,
      "83": 3,
      "84": 7,
      "85": 1,
      "86": 11,
      "87": 11,
      "88": 2,
      "89": 2,
      "90": 19,
      "91": 4,
      "92": 12,
      "93": 8,
      "94": 1,
      "95": 12,
      "96": 30,
      "97": 3,
      "98": 2,
      "99": 6
    },
    "n_agents": 100,
    "mean_rank_1based": 13.51,
    "median_rank_1based": 9.0,
    "std_rank": 14.23340788427002,
    "top1_rate": 0.0,
    "top3_rate": 0.17,
    "mean_score": 0.8736363636363637,
    "gini_score": 0.07634755463059384,
    "hist_1based": {
      "1": 0,
      "2": 10,
      "3": 7,
      "4": 10,
      "5": 10,
      "6": 4,
      "7": 3,
      "8": 5,
      "9": 3,
      "10": 2,
      "11": 3,
      "12": 6,
      "13": 4,
      "14": 3,
      "15": 2,
      "16": 1,
      "17": 1,
      "18": 5,
      "19": 0,
      "20": 2,
      "21": 1,
      "22": 2,
      "23": 0,
      "24": 2,
      "25": 1,
      "26": 1,
      "27": 1,
      "28": 1,
      "29": 1,
      "30": 0,
      "31": 3,
      "32": 0,
      "33": 0,
      "34": 0,
      "35": 0,
      "36": 1,
      "37": 0,
      "38": 0,
      "39": 0,
      "40": 0,
      "41": 0,
      "42": 0,
      "43": 0,
      "44": 0,
      "45": 0,
      "46": 0,
      "47": 0,
      "48": 0,
      "49": 0,
      "50": 0,
      "51": 0,
      "52": 1,
      "53": 0,
      "54": 0,
      "55": 0,
      "56": 0,
      "57": 0,
      "58": 0,
      "59": 0,
      "60": 0,
      "61": 0,
      "62": 0,
      "63": 2,
      "64": 0,
      "65": 1,
      "66": 0,
      "67": 0,
      "68": 0,
      "69": 0,
      "70": 0,
      "71": 0,
      "72": 0,
      "73": 0,
      "74": 0,
      "75": 0,
      "76": 1,
      "77": 0,
      "78": 0,
      "79": 0,
      "80": 0,
      "81": 0,
      "82": 0,
      "83": 0,
      "84": 0,
      "85": 0,
      "86": 0,
      "87": 0,
      "88": 0,
      "89": 0,
      "90": 0,
      "91": 0,
      "92": 0,
      "93": 0,
      "94": 0,
      "95": 0,
      "96": 0,
      "97": 0,
      "98": 0,
      "99": 0,
      "100": 0
    }
  }
}