{
  "mode": "DA_S",
  "stable": true,
  "students": {
    "ranks_0based": {
      "0": 1,
      "1": 8,
      "2": 8,
      "3": 2,
      "4": 3,
      "5": 4,
      "6": 2,
      "7": 16,
      "8": 10,
      "9": 12,
      "10": 4,
      "11": 3,
      "12": 12,
      "13": 5,
      "14": 6,
      "15": 8,
      "16": 9,
      "17": 2,
      "18": 1,
      "19": 8
    },
    "n_agents": 20,
    "mean_rank_1based": 7.2,
    "median_rank_1based": 6.5,
    "std_rank": 4.106093033529562,
    "top1_rate": 0.0,
    "top3_rate": 0.25,
    "mean_score": 0.6736842105263158,
    "gini_score": 0.1789062499999996,
    "hist_1based": {
      "1": 0,
      "2": 2,
      "3": 3,
      "4": 2,
      "5": 2,
      "6": 1,
      "7": 1,
      "8": 0,
      "9": 4,
      "10": 1,
      "11": 1,
      "12": 0,
      "13": 2,
      "14": 0,
      "15": 0,
      "16": 0,
      "17": 1,
      "18": 0,
      "19": 0,
      "20": 0
    }
  },
  "schools": {
    "ranks_0based": {
      "0": 1,
      "1": 0,
      "2": 1,
      "3": 5,
      "4": 2,
      "5": 0,
      "6": 1,
      "7": 1,
      "8": 0,
      "9": 0,
      "10": 9,
      "11": 0,
      "12": 0,
      "13": 0,
      "14": 3,
      "15": 4,
      "16": 1,
      "17": 1,
      "18": 0,
      "19": 0
    },
    "n_agents": 20,
    "mean_rank_1based": 2.45,
    "median_rank_1based": 2.0,
    "std_rank": 2.2242976419535223,
    "top1_rate": 0.45,
    "top3_rate": 0.8,
    "mean_score": 0.9236842105263158,
    "gini_score": 0.057122507122507216,
    "hist_1based": {
      "1": 9,
      "2": 6,
      "3": 1,
      "4": 1,
      "5": 1,
      "6": 1,
      "7": 0,
      "8": 0,
      "9": 0,
      "10": 1,
      "11": 0,
      "12": 0,
      "13": 0,
      "14": 0,
      "15": 0,
      "16": 0,
      "17": 0,
      "18": 0,
      "19": 0,
      "20": 0
    }
  }
}