{
  "mode": "DA_S",
  "stable": true,
  "students": {
    "ranks_0based": {
      "0": 5,
      "1": 15,
      "2": 20,
      "3": 3,
      "4": 9,
      "5": 6,
      "6": 39,
      "7": 10,
      "8": 7,
      "9": 11,
      "10": 1,
      "11": 7,
      "12": 26,
      "13": 7,
      "14": 27,
      "15": 6,
      "16": 11,
      "17": 1,
      "18": 13,
      "19": 20,
      "20": 9,
      "21": 11,
      "22": 4,
      "23": 22,
      "24": 25,
      "25": 11,
      "26": 2,
      "27": 22,
      "28": 4,
      "29": 36,
      "30": 14,
      "31": 6,
      "32": 4,
      "33": 16,
      "34": 44,
      "35": 0,
      "36": 12,
      "37": 37,
      "38": 2,
      "39": 23,
      "40": 2,
      "41": 9,
      "42": 19,
      "43": 1,
      "44": 0,
      "45": 18,
      "46": 5,
      "47": 4,
      "48": 45,
      "49": 23
    },
    "n_agents": 50,
    "mean_rank_1based": 14.48,
    "median_rank_1based": 11.5,
    "std_rank": 11.672600395798701,
    "top1_rate": 0.04,
    "top3_rate": 0.16,
    "mean_score": 0.7248979591836735,
    "gini_score": 0.17675675675675717,
    "hist_1based": {
      "1": 2,
      "2": 3,
      "3": 3,
      "4": 1,
      "5": 4,
      "6": 2,
      "7": 3,
      "8": 3,
      "9": 0,
      "10": 3,
      "11": 1,
      "12": 4,
      "13": 1,
      "14": 1,
      "15": 1,
      "16": 1,
      "17": 1,
      "18": 0,
      "19": 1,
      "20": 1,
      "21": 2,
      "22": 0,
      "23": 2,
      "24": 2,
      "25": 0,
      "26": 1,
      "27": 1,
      "28": 1,
      "29": 0,
      "30": 0,
      "31": 0,
      "32": 0,
      "33": 0,
      "34": 0,
      "35": 0,
      "36": 0,
      "37": 1,
      "38": 1,
      "39": 0,
      "40": 1,
      "41": 0,
      "42": 0,
      "43": 0,
      "44": 0,
      "45": 1,
      "46": 1,
      "47": 0,
      "48": 0,
      "49": 0,
      "50": 0
    }
  },
  "schools": {
    "ranks_0based": {
      "0": 0,
      "1": 3,
      "2": 3,
      "3": 3,
      "4": 0,
      "5": 0,
      "6": 1,
      "7": 5,
      "8": 0,
      "9": 2,
      "10": 4,
      "11": 0,
      "12": 3,
      "13": 1,
      "14": 0,
      "15": 7,
      "16": 0,
      "17": 0,
      "18": 0,
      "19": 2,
      "20": 2,
      "21": 2,
      "22": 1,
      "23": 0,
      "24": 0,
      "25": 2,
      "26": 0,
      "27": 0,
      "28": 0,
      "29": 10,
      "30": 5,
      "31": 1,
      "32": 4,
      "33": 5,
      "34": 5,
      "35": 8,
      "36": 3,
      "37": 4,
      "38": 4,
      "39": 6,
      "40": 0,
      "41": 2,
      "42": 1,
      "43": 2,
      "44": 1,
      "45": 1,
      "46": 2,
      "47": 0,
      "48": 1,
      "49": 0
    },
    "n_agents": 50,
    "mean_rank_1based": 3.12,
    "median_rank_1based": 2.5,
    "std_rank": 2.3378622713923933,
    "top1_rate": 0.34,
    "top3_rate": 0.66,
    "mean_score": 0.9567346938775511,
    "gini_score": 0.026092150170648587,
    "hist_1based": {
      "1": 17,
      "2": 8,
      "3": 8,
      "4": 5,
      "5": 4,
      "6": 4,
      "7": 1,
      "8": 1,
      "9": 1,
      "10": 0,
      "11": 1,
      "12": 0,
      "13": 0,
      "14": 0,
      "15": 0,
      "16": 0,
      "17": 0,
      "18": 0,
      "19": 0,
      "20": 0,
      "21": 0,
      "22": 0,
      "23": 0,
      "24": 0,
      "25": 0,
      "26": 0,
      "27": 0,
      "28": 0,
      "29": 0,
      "30": 0,
      "31": 0,
      "32": 0,
      "33": 0,
      "34": 0,
      "35": 0,
      "36": 0,
      "37": 0,
      "38": 0,
      "39": 0,
      "40": 0,
      "41": 0,
      "42": 0,
      "43": 0,
      "44": 0,
      "45": 0,
      "46": 0,
      "47": 0,
      "48": 0,
      "49": 0,
      "50": 0
    }
  }
}