{
  "mode": "DA_E",
  "stable": true,
  "students": {
    "ranks_0based": {
      "0": 3,
      "1": 7,
      "2": 6,
      "3": 0,
      "4": 2,
      "5": 2,
      "6": 0,
      "7": 0,
      "8": 2,
      "9": 3,
      "10": 2,
      "11": 6,
      "12": 1,
      "13": 0,
      "14": 1,
      "15": 4,
      "16": 1,
      "17": 4,
      "18": 2,
      "19": 1
    },
    "n_agents": 20,
    "mean_rank_1based": 3.35,
    "median_rank_1based": 3.0,
    "std_rank": 2.056088519495209,
    "top1_rate": 0.2,
    "top3_rate": 0.65,
    "mean_score": 0.8763157894736843,
    "gini_score": 0.06711711711711699,
    "hist_1based": {
      "1": 4,
      "2": 4,
      "3": 5,
      "4": 2,
      "5": 2,
      "6": 0,
      "7": 2,
      "8": 1,
      "9": 0,
      "10": 0,
      "11": 0,
      "12": 0,
      "13": 0,
      "14": 0,
      "15": 0,
      "16": 0,
      "17": 0,
      "18": 0,
      "19": 0,
      "20": 0
    }
  },
  "schools": {
    "ranks_0based": {
      "0": 1,
      "1": 2,
      "2": 4,
      "3": 6,
      "4": 5,
      "5": 2,
      "6": 0,
      "7": 9,
      "8": 0,
      "9": 4,
      "10": 1,
      "11": 14,
      "12": 0,
      "13": 10,
      "14": 9,
      "15": 17,
      "16": 4,
      "17": 2,
      "18": 4,
      "19": 14
    },
    "n_agents": 20,
    "mean_rank_1based": 6.4,
    "median_rank_1based": 5.0,
    "std_rank": 4.993996395673509,
    "top1_rate": 0.15,
    "top3_rate": 0.4,
    "mean_score": 0.7157894736842105,
    "gini_score": 0.19889705882352904,
    "hist_1based": {
      "1": 3,
      "2": 2,
      "3": 3,
      "4": 0,
      "5": 4,
      "6": 1,
      "7": 1,
      "8": 0,
      "9": 0,
      "10": 2,
      "11": 1,
      "12": 0,
      "13": 0,
      "14": 0,
      "15": 2,
      "16": 0,
      "17": 0,
      "18": 1,
      "19": 0,
      "20": 0
    }
  }
}