{
  "mode": "DA_E",
  "stable": true,
  "students": {
    "ranks_0based": {
      "0": 1,
      "1": 0,
      "2": 0,
      "3": 2,
      "4": 0,
      "5": 1,
      "6": 2,
      "7": 0,
      "8": 1,
      "9": 0
    },
    "n_agents": 10,
    "mean_rank_1based": 1.7,
    "median_rank_1based": 1.5,
    "std_rank": 0.7810249675906654,
    "top1_rate": 0.5,
    "top3_rate": 1.0,
    "mean_score": 0.9222222222222222,
    "gini_score": 0.049397590361445864,
    "hist_1based": {
      "1": 5,
      "2": 3,
      "3": 2,
      "4": 0,
      "5": 0,
      "6": 0,
      "7": 0,
      "8": 0,
      "9": 0,
      "10": 0
    }
  },
  "schools": {
    "ranks_0based": {
      "0": 1,
      "1": 0,
      "2": 1,
      "3": 6,
      "4": 0,
      "5": 2,
      "6": 0,
      "7": 4,
      "8": 3,
      "9": 5
    },
    "n_agents": 10,
    "mean_rank_1based": 3.2,
    "median_rank_1based": 2.5,
    "std_rank": 2.08806130178211,
    "top1_rate": 0.3,
    "top3_rate": 0.6,
    "mean_score": 0.7555555555555555,
    "gini_score": 0.17058823529411749,
    "hist_1based": {
      "1": 3,
      "2": 2,
      "3": 1,
      "4": 1,
      "5": 1,
      "6": 1,
      "7": 1,
      "8": 0,
      "9": 0,
      "10": 0
    }
  }
}