{
  "mode": "DA_E",
  "stable": true,
  "students": {
    "ranks_0based": {
      "0": 1,
      "1": 1,
      "2": 7,
      "3": 3,
      "4": 0,
      "5": 6,
      "6": 0,
      "7": 0,
      "8": 0,
      "9": 1,
      "10": 1,
      "11": 7,
      "12": 26,
      "13": 7,
      "14": 0,
      "15": 4,
      "16": 0,
      "17": 1,
      "18": 6,
      "19": 12,
      "20": 6,
      "21": 11,
      "22": 2,
      "23": 4,
      "24": 25,
      "25": 2,
      "26": 1,
      "27": 5,
      "28": 4,
      "29": 2,
      "30": 0,
      "31": 2,
      "32": 4,
      "33": 4,
      "34": 9,
      "35": 0,
      "36": 0,
      "37": 11,
      "38": 2,
      "39": 3,
      "40": 1,
      "41": 6,
      "42": 0,
      "43": 1,
      "44": 0,
      "45": 1,
      "46": 5,
      "47": 3,
      "48": 2,
      "49": 3
    },
    "n_agents": 50,
    "mean_rank_1based": 5.04,
    "median_rank_1based": 3.0,
    "std_rank": 5.370139662988292,
    "top1_rate": 0.22,
    "top3_rate": 0.52,
    "mean_score": 0.9175510204081633,
    "gini_score": 0.05377224199288255,
    "hist_1based": {
      "1": 11,
      "2": 9,
      "3": 6,
      "4": 4,
      "5": 5,
      "6": 2,
      "7": 4,
      "8": 3,
      "9": 0,
      "10": 1,
      "11": 0,
      "12": 2,
      "13": 1,
      "14": 0,
      "15": 0,
      "16": 0,
      "17": 0,
      "18": 0,
      "19": 0,
      "20": 0,
      "21": 0,
      "22": 0,
      "23": 0,
      "24": 0,
      "25": 0,
      "26": 1,
      "27": 1,
      "28": 0,
      "29": 0,
      "30": 0,
      "31": 0,
      "32": 0,
      "33": 0,
      "34": 0,
      "35": 0,
      "36": 0,
      "37": 0,
      "38": 0,
      "39": 0,
      "40": 0,
      "41": 0,
      "42": 0,
      "43": 0,
      "44": 0,
      "45": 0,
      "46": 0,
      "47": 0,
      "48": 0,
      "49": 0,
      "50": 0
    }
  },
  "schools": {
    "ranks_0based": {
      "0": 4,
      "1": 3,
      "2": 3,
      "3": 7,
      "4": 0,
      "5": 0,
      "6": 5,
      "7": 8,
      "8": 42,
      "9": 2,
      "10": 4,
      "11": 20,
      "12": 8,
      "13": 1,
      "14": 1,
      "15": 8,
      "16": 49,
      "17": 43,
      "18": 0,
      "19": 2,
      "20": 30,
      "21": 15,
      "22": 11,
      "23": 18,
      "24": 3,
      "25": 16,
      "26": 0,
      "27": 19,
      "28": 7,
      "29": 23,
      "30": 5,
      "31": 11,
      "32": 12,
      "33": 5,
      "34": 5,
      "35": 13,
      "36": 17,
      "37": 15,
      "38": 7,
      "39": 6,
      "40": 12,
      "41": 2,
      "42": 7,
      "43": 27,
      "44": 11,
      "45": 11,
      "46": 3,
      "47": 1,
      "48": 8,
      "49": 0
    },
    "n_agents": 50,
    "mean_rank_1based": 11.6,
    "median_rank_1based": 8.0,
    "std_rank": 11.176761606118294,
    "top1_rate": 0.1,
    "top3_rate": 0.22,
    "mean_score": 0.7836734693877551,
    "gini_score": 0.14475000000000082,
    "hist_1based": {
      "1": 5,
      "2": 3,
      "3": 3,
      "4": 4,
      "5": 2,
      "6": 4,
      "7": 1,
      "8": 4,
      "9": 4,
      "10": 0,
      "11": 0,
      "12": 4,
      "13": 2,
      "14": 1,
      "15": 0,
      "16": 2,
      "17": 1,
      "18": 1,
      "19": 1,
      "20": 1,
      "21": 1,
      "22": 0,
      "23": 0,
      "24": 1,
      "25": 0,
      "26": 0,
      "27": 0,
      "28": 1,
      "29": 0,
      "30": 0,
      "31": 1,
      "32": 0,
      "33": 0,
      "34": 0,
      "35": 0,
      "36": 0,
      "37": 0,
      "38": 0,
      "39": 0,
      "40": 0,
      "41": 0,
      "42": 0,
      "43": 1,
      "44": 1,
      "45": 0,
      "46": 0,
      "47": 0,
      "48": 0,
      "49": 0,
      "50": 1
    }
  }
}