{
  "mode": "DA_S",
  "stable": true,
  "students": {
    "ranks_0based": {
      "0": 6,
      "1": 38,
      "2": 5,
      "3": 20,
      "4": 2,
      "5": 82,
      "6": 9,
      "7": 5,
      "8": 2,
      "9": 38,
      "10": 41,
      "11": 0,
      "12": 30,
      "13": 1,
      "14": 12,
      "15": 14,
      "16": 51,
      "17": 0,
      "18": 11,
      "19": 11,
      "20": 12,
      "21": 21,
      "22": 16,
      "23": 0,
      "24": 17,
      "25": 19,
      "26": 1,
      "27": 29,
      "28": 5,
      "29": 2,
      "30": 15,
      "31": 23,
      "32": 55,
      "33": 2,
      "34": 28,
      "35": 5,
      "36": 11,
      "37": 9,
      "38": 4,
      "39": 68,
      "40": 37,
      "41": 29,
      "42": 1,
      "43": 25,
      "44": 4,
      "45": 52,
      "46": 2,
      "47": 11,
      "48": 5,
      "49": 55,
      "50": 57,
      "51": 24,
      "52": 36,
      "53": 13,
      "54": 81,
      "55": 21,
      "56": 0,
      "57": 39,
      "58": 4,
      "59": 31,
      "60": 27,
      "61": 3,
      "62": 4,
      "63": 8,
      "64": 35,
      "65": 5,
      "66": 28,
      "67": 2,
      "68": 13,
      "69": 24,
      "70": 16,
      "71": 26,
      "72": 23,
      "73": 65,
      "74": 29,
      "75": 8,
      "76": 20,
      "77": 1,
      "78": 50,
      "79": 15,
      "80": 11,
      "81": 3,
      "82": 36,
      "83": 1,
      "84": 38,
      "85": 2,
      "86": 6,
      "87": 13,
      "88": 4,
      "89": 10,
      "90": 53,
      "91": 7,
      "92": 60,
      "93": 4,
      "94": 32,
      "95": 24,
      "96": 5,
      "97": 37,
      "98": 47,
      "99": 10
    },
    "n_agents": 100,
    "mean_rank_1based": 21.52,
    "median_rank_1based": 14.5,
    "std_rank": 19.352767243988648,
    "top1_rate": 0.04,
    "top3_rate": 0.16,
    "mean_score": 0.7927272727272727,
    "gini_score": 0.13210499490316074,
    "hist_1based": {
      "1": 4,
      "2": 5,
      "3": 7,
      "4": 2,
      "5": 6,
      "6": 7,
      "7": 2,
      "8": 1,
      "9": 2,
      "10": 2,
      "11": 2,
      "12": 5,
      "13": 2,
      "14": 3,
      "15": 1,
      "16": 2,
      "17": 2,
      "18": 1,
      "19": 0,
      "20": 1,
      "21": 2,
      "22": 2,
      "23": 0,
      "24": 2,
      "25": 3,
      "26": 1,
      "27": 1,
      "28": 1,
      "29": 2,
      "30": 3,
      "31": 1,
      "32": 1,
      "33": 1,
      "34": 0,
      "35": 0,
      "36": 1,
      "37": 2,
      "38": 2,
      "39": 3,
      "40": 1,
      "41": 0,
      "42": 1,
      "43": 0,
      "44": 0,
      "45": 0,
      "46": 0,
      "47": 0,
      "48": 1,
      "49": 0,
      "50": 0,
      "51": 1,
      "52": 1,
      "53": 1,
      "54": 1,
      "55": 0,
      "56": 2,
      "57": 0,
      "58": 1,
      "59": 0,
      "60": 0,
      "61": 1,
      "62": 0,
      "63": 0,
      "64": 0,
      "65": 0,
      "66": 1,
      "67": 0,
      "68": 0,
      "69": 1,
      "70": 0,
      "71": 0,
      "72": 0,
      "73": 0,
      "74": 0,
      "75": 0,
      "76": 0,
      "77": 0,
      "78": 0,
      "79": 0,
      "80": 0,
      "81": 0,
      "82": 1,
      "83": 1,
      "84": 0,
      "85": 0,
      "86": 0,
      "87": 0,
      "88": 0,
      "89": 0,
      "90": 0,
      "91": 0,
      "92": 0,
      "93": 0,
      "94": 0,
      "95": 0,
      "96": 0,
      "97": 0,
      "98": 0,
      "99": 0,
      "100": 0
    }
  },
  "schools": {
    "ranks_0based": {
      "0": 8,
      "1": 0,
      "2": 3,
      "3": 2,
      "4": 0,
      "5": 9,
      "6": 3,
      "7": 1,
      "8": 0,
      "9": 0,
      "10": 9,
      "11": 1,
      "12": 1,
      "13": 0,
      "14": 0,
      "15": 3,
      "16": 15,
      "17": 2,
      "18": 2,
      "19": 3,
      "20": 8,
      "21": 8,
      "22": 2,
      "23": 2,
      "24": 0,
      "25": 2,
      "26": 2,
      "27": 2,
      "28": 3,
      "29": 11,
      "30": 2,
      "31": 0,
      "32": 0,
      "33": 2,
      "34": 5,
      "35": 15,
      "36": 0,
      "37": 2,
      "38": 3,
      "39": 4,
      "40": 0,
      "41": 0,
      "42": 21,
      "43": 23,
      "44": 1,
      "45": 5,
      "46": 4,
      "47": 24,
      "48": 3,
      "49": 19,
      "50": 4,
      "51": 0,
      "52": 0,
      "53": 2,
      "54": 2,
      "55": 0,
      "56": 5,
      "57": 11,
      "58": 9,
      "59": 3,
      "60": 1,
      "61": 11,
      "62": 3,
      "63": 3,
      "64": 8,
      "65": 1,
      "66": 1,
      "67": 10,
      "68": 1,
      "69": 3,
      "70": 2,
      "71": 4,
      "72": 1,
      "73": 3,
      "74": 13,
      "75": 2,
      "76": 1,
      "77": 5,
      "78": 1,
      "79": 1,
      "80": 6,
      "81": 1,
      "82": 4,
      "83": 0,
      "84": 2,
      "85": 7,
      "86": 0,
      "87": 2,
      "88": 8,
      "89": 3,
      "90": 3,
      "91": 3,
      "92": 7,
      "93": 1,
      "94": 5,
      "95": 12,
      "96": 0,
      "97": 8,
      "98": 5,
      "99": 7
    },
    "n_agents": 100,
    "mean_rank_1based": 5.3,
    "median_rank_1based": 4.0,
    "std_rank": 5.040833264451424,
    "top1_rate": 0.18,
    "top3_rate": 0.49,
    "mean_score": 0.9565656565656566,
    "gini_score": 0.02575079197465735,
    "hist_1based": {
      "1": 18,
      "2": 14,
      "3": 17,
      "4": 15,
      "5": 5,
      "6": 6,
      "7": 1,
      "8": 3,
      "9": 6,
      "10": 3,
      "11": 1,
      "12": 3,
      "13": 1,
      "14": 1,
      "15": 0,
      "16": 2,
      "17": 0,
      "18": 0,
      "19": 0,
      "20": 1,
      "21": 0,
      "22": 1,
      "23": 0,
      "24": 1,
      "25": 1,
      "26": 0,
      "27": 0,
      "28": 0,
      "29": 0,
      "30": 0,
      "31": 0,
      "32": 0,
      "33": 0,
      "34": 0,
      "35": 0,
      "36": 0,
      "37": 0,
      "38": 0,
      "39": 0,
      "40": 0,
      "41": 0,
      "42": 0,
      "43": 0,
      "44": 0,
      "45": 0,
      "46": 0,
      "47": 0,
      "48": 0,
      "49": 0,
      "50": 0,
      "51": 0,
      "52": 0,
      "53": 0,
      "54": 0,
      "55": 0,
      "56": 0,
      "57": 0,
      "58": 0,
      "59": 0,
      "60": 0,
      "61": 0,
      "62": 0,
      "63": 0,
      "64": 0,
      "65": 0,
      "66": 0,
      "67": 0,
      "68": 0,
      "69": 0,
      "70": 0,
      "71": 0,
      "72": 0,
      "73": 0,
      "74": 0,
      "75": 0,
      "76": 0,
      "77": 0,
      "78": 0,
      "79": 0,
      "80": 0,
      "81": 0,
      "82": 0,
      "83": 0,
      "84": 0,
      "85": 0,
      "86": 0,
      "87": 0,
      "88": 0,
      "89": 0,
      "90": 0,
      "91": 0,
      "92": 0,
      "93": 0,
      "94": 0,
      "95": 0,
      "96": 0,
      "97": 0,
      "98": 0,
      "99": 0,
      "100": 0
    }
  }
}