{
  "mode": "DA_S",
  "stable": true,
  "students": {
    "ranks_0based": {
      "0": 11,
      "1": 13,
      "2": 8,
      "3": 3,
      "4": 7,
      "5": 9,
      "6": 6,
      "7": 7,
      "8": 2,
      "9": 6,
      "10": 2,
      "11": 0,
      "12": 12,
      "13": 25,
      "14": 1,
      "15": 28,
      "16": 21,
      "17": 7,
      "18": 22,
      "19": 11,
      "20": 6,
      "21": 12,
      "22": 7,
      "23": 8,
      "24": 12,
      "25": 2,
      "26": 1,
      "27": 23,
      "28": 10,
      "29": 18,
      "30": 6,
      "31": 5,
      "32": 10,
      "33": 0,
      "34": 21,
      "35": 21,
      "36": 4,
      "37": 10,
      "38": 8,
      "39": 1,
      "40": 2,
      "41": 2,
      "42": 28,
      "43": 8,
      "44": 6,
      "45": 9,
      "46": 26,
      "47": 4,
      "48": 5,
      "49": 5
    },
    "n_agents": 50,
    "mean_rank_1based": 10.62,
    "median_rank_1based": 8.5,
    "std_rank": 7.717227481421031,
    "top1_rate": 0.04,
    "top3_rate": 0.2,
    "mean_score": 0.8036734693877551,
    "gini_score": 0.10544438801422062,
    "hist_1based": {
      "1": 2,
      "2": 3,
      "3": 5,
      "4": 1,
      "5": 2,
      "6": 3,
      "7": 5,
      "8": 4,
      "9": 4,
      "10": 2,
      "11": 3,
      "12": 2,
      "13": 3,
      "14": 1,
      "15": 0,
      "16": 0,
      "17": 0,
      "18": 0,
      "19": 1,
      "20": 0,
      "21": 0,
      "22": 3,
      "23": 1,
      "24": 1,
      "25": 0,
      "26": 1,
      "27": 1,
      "28": 0,
      "29": 2,
      "30": 0,
      "31": 0,
      "32": 0,
      "33": 0,
      "34": 0,
      "35": 0,
      "36": 0,
      "37": 0,
      "38": 0,
      "39": 0,
      "40": 0,
      "41": 0,
      "42": 0,
      "43": 0,
      "44": 0,
      "45": 0,
      "46": 0,
      "47": 0,
      "48": 0,
      "49": 0,
      "50": 0
    }
  },
  "schools": {
    "ranks_0based": {
      "0": 8,
      "1": 0,
      "2": 1,
      "3": 2,
      "4": 5,
      "5": 1,
      "6": 0,
      "7": 7,
      "8": 6,
      "9": 11,
      "10": 0,
      "11": 1,
      "12": 0,
      "13": 0,
      "14": 2,
      "15": 1,
      "16": 3,
      "17": 0,
      "18": 0,
      "19": 4,
      "20": 3,
      "21": 0,
      "22": 0,
      "23": 2,
      "24": 8,
      "25": 1,
      "26": 1,
      "27": 2,
      "28": 0,
      "29": 10,
      "30": 10,
      "31": 1,
      "32": 11,
      "33": 2,
      "34": 1,
      "35": 0,
      "36": 1,
      "37": 0,
      "38": 8,
      "39": 15,
      "40": 7,
      "41": 0,
      "42": 0,
      "43": 2,
      "44": 1,
      "45": 2,
      "46": 0,
      "47": 15,
      "48": 1,
      "49": 1
    },
    "n_agents": 50,
    "mean_rank_1based": 4.14,
    "median_rank_1based": 2.0,
    "std_rank": 4.059605892201852,
    "top1_rate": 0.3,
    "top3_rate": 0.68,
    "mean_score": 0.9359183673469388,
    "gini_score": 0.043829044919319715,
    "hist_1based": {
      "1": 15,
      "2": 12,
      "3": 7,
      "4": 2,
      "5": 1,
      "6": 1,
      "7": 1,
      "8": 2,
      "9": 3,
      "10": 0,
      "11": 2,
      "12": 2,
      "13": 0,
      "14": 0,
      "15": 0,
      "16": 2,
      "17": 0,
      "18": 0,
      "19": 0,
      "20": 0,
      "21": 0,
      "22": 0,
      "23": 0,
      "24": 0,
      "25": 0,
      "26": 0,
      "27": 0,
      "28": 0,
      "29": 0,
      "30": 0,
      "31": 0,
      "32": 0,
      "33": 0,
      "34": 0,
      "35": 0,
      "36": 0,
      "37": 0,
      "38": 0,
      "39": 0,
      "40": 0,
      "41": 0,
      "42": 0,
      "43": 0,
      "44": 0,
      "45": 0,
      "46": 0,
      "47": 0,
      "48": 0,
      "49": 0,
      "50": 0
    }
  }
}