{
  "mode": "DA_S",
  "stable": true,
  "students": {
    "ranks_0based": {
      "0": 34,
      "1": 4,
      "2": 20,
      "3": 18,
      "4": 23,
      "5": 22,
      "6": 7,
      "7": 51,
      "8": 10,
      "9": 17,
      "10": 6,
      "11": 76,
      "12": 55,
      "13": 19,
      "14": 13,
      "15": 5,
      "16": 6,
      "17": 3,
      "18": 16,
      "19": 1,
      "20": 27,
      "21": 28,
      "22": 16,
      "23": 7,
      "24": 18,
      "25": 18,
      "26": 3,
      "27": 7,
      "28": 1,
      "29": 3,
      "30": 7,
      "31": 16,
      "32": 30,
      "33": 4,
      "34": 25,
      "35": 49,
      "36": 13,
      "37": 9,
      "38": 4,
      "39": 1,
      "40": 19,
      "41": 16,
      "42": 13,
      "43": 5,
      "44": 21,
      "45": 12,
      "46": 1,
      "47": 8,
      "48": 6,
      "49": 14,
      "50": 0,
      "51": 3,
      "52": 0,
      "53": 1,
      "54": 13,
      "55": 40,
      "56": 4,
      "57": 18,
      "58": 37,
      "59": 27,
      "60": 5,
      "61": 17,
      "62": 25,
      "63": 30,
      "64": 12,
      "65": 0,
      "66": 6,
      "67": 25,
      "68": 58,
      "69": 0,
      "70": 34,
      "71": 14,
      "72": 29,
      "73": 45,
      "74": 16,
      "75": 16,
      "76": 14,
      "77": 0,
      "78": 22,
      "79": 49,
      "80": 75,
      "81": 13,
      "82": 7,
      "83": 38,
      "84": 21,
      "85": 11,
      "86": 20,
      "87": 1,
      "88": 20,
      "89": 7,
      "90": 32,
      "91": 12,
      "92": 8,
      "93": 1,
      "94": 34,
      "95": 80,
      "96": 1,
      "97": 54,
      "98": 8,
      "99": 10
    },
    "n_agents": 100,
    "mean_rank_1based": 19.2,
    "median_rank_1based": 15.0,
    "std_rank": 17.281203661782357,
    "top1_rate": 0.05,
    "top3_rate": 0.13,
    "mean_score": 0.8161616161616162,
    "gini_score": 0.11008168316831757,
    "hist_1based": {
      "1": 5,
      "2": 8,
      "3": 0,
      "4": 4,
      "5": 4,
      "6": 3,
      "7": 4,
      "8": 6,
      "9": 3,
      "10": 1,
      "11": 2,
      "12": 1,
      "13": 3,
      "14": 5,
      "15": 3,
      "16": 0,
      "17": 6,
      "18": 2,
      "19": 4,
      "20": 2,
      "21": 3,
      "22": 2,
      "23": 2,
      "24": 1,
      "25": 0,
      "26": 3,
      "27": 0,
      "28": 2,
      "29": 1,
      "30": 1,
      "31": 2,
      "32": 0,
      "33": 1,
      "34": 0,
      "35": 3,
      "36": 0,
      "37": 0,
      "38": 1,
      "39": 1,
      "40": 0,
      "41": 1,
      "42": 0,
      "43": 0,
      "44": 0,
      "45": 0,
      "46": 1,
      "47": 0,
      "48": 0,
      "49": 0,
      "50": 2,
      "51": 0,
      "52": 1,
      "53": 0,
      "54": 0,
      "55": 1,
      "56": 1,
      "57": 0,
      "58": 0,
      "59": 1,
      "60": 0,
      "61": 0,
      "62": 0,
      "63": 0,
      "64": 0,
      "65": 0,
      "66": 0,
      "67": 0,
      "68": 0,
      "69": 0,
      "70": 0,
      "71": 0,
      "72": 0,
      "73": 0,
      "74": 0,
      "75": 0,
      "76": 1,
      "77": 1,
      "78": 0,
      "79": 0,
      "80": 0,
      "81": 1,
      "82": 0,
      "83": 0,
      "84": 0,
      "85": 0,
      "86": 0,
      "87": 0,
      "88": 0,
      "89": 0,
      "90": 0,
      "91": 0,
      "92": 0,
      "93": 0,
      "94": 0,
      "95": 0,
      "96": 0,
      "97": 0,
      "98": 0,
      "99": 0,
      "100": 0
    }
  },
  "schools": {
    "ranks_0based": {
      "0": 1,
      "1": 0,
      "2": 6,
      "3": 2,
      "4": 3,
      "5": 4,
      "6": 10,
      "7": 0,
      "8": 0,
      "9": 12,
      "10": 1,
      "11": 2,
      "12": 1,
      "13": 2,
      "14": 10,
      "15": 7,
      "16": 0,
      "17": 1,
      "18": 1,
      "19": 8,
      "20": 4,
      "21": 0,
      "22": 3,
      "23": 1,
      "24": 4,
      "25": 1,
      "26": 3,
      "27": 0,
      "28": 3,
      "29": 0,
      "30": 1,
      "31": 8,
      "32": 0,
      "33": 2,
      "34": 0,
      "35": 3,
      "36": 2,
      "37": 3,
      "38": 5,
      "39": 1,
      "40": 16,
      "41": 16,
      "42": 9,
      "43": 7,
      "44": 7,
      "45": 14,
      "46": 4,
      "47": 9,
      "48": 0,
      "49": 3,
      "50": 0,
      "51": 2,
      "52": 10,
      "53": 2,
      "54": 9,
      "55": 7,
      "56": 0,
      "57": 3,
      "58": 1,
      "59": 2,
      "60": 0,
      "61": 8,
      "62": 2,
      "63": 1,
      "64": 3,
      "65": 2,
      "66": 1,
      "67": 1,
      "68": 3,
      "69": 2,
      "70": 6,
      "71": 1,
      "72": 1,
      "73": 2,
      "74": 4,
      "75": 4,
      "76": 3,
      "77": 0,
      "78": 1,
      "79": 3,
      "80": 12,
      "81": 1,
      "82": 0,
      "83": 0,
      "84": 5,
      "85": 7,
      "86": 3,
      "87": 4,
      "88": 4,
      "89": 3,
      "90": 7,
      "91": 3,
      "92": 0,
      "93": 1,
      "94": 6,
      "95": 6,
      "96": 1,
      "97": 0,
      "98": 14,
      "99": 0
    },
    "n_agents": 100,
    "mean_rank_1based": 4.61,
    "median_rank_1based": 3.5,
    "std_rank": 3.797090991798853,
    "top1_rate": 0.19,
    "top3_rate": 0.5,
    "mean_score": 0.9635353535353536,
    "gini_score": 0.020560855435580727,
    "hist_1based": {
      "1": 19,
      "2": 19,
      "3": 12,
      "4": 15,
      "5": 8,
      "6": 2,
      "7": 4,
      "8": 6,
      "9": 3,
      "10": 3,
      "11": 3,
      "12": 0,
      "13": 2,
      "14": 0,
      "15": 2,
      "16": 0,
      "17": 2,
      "18": 0,
      "19": 0,
      "20": 0,
      "21": 0,
      "22": 0,
      "23": 0,
      "24": 0,
      "25": 0,
      "26": 0,
      "27": 0,
      "28": 0,
      "29": 0,
      "30": 0,
      "31": 0,
      "32": 0,
      "33": 0,
      "34": 0,
      "35": 0,
      "36": 0,
      "37": 0,
      "38": 0,
      "39": 0,
      "40": 0,
      "41": 0,
      "42": 0,
      "43": 0,
      "44": 0,
      "45": 0,
      "46": 0,
      "47": 0,
      "48": 0,
      "49": 0,
      "50": 0,
      "51": 0,
      "52": 0,
      "53": 0,
      "54": 0,
      "55": 0,
      "56": 0,
      "57": 0,
      "58": 0,
      "59": 0,
      "60": 0,
      "61": 0,
      "62": 0,
      "63": 0,
      "64": 0,
      "65": 0,
      "66": 0,
      "67": 0,
      "68": 0,
      "69": 0,
      "70": 0,
      "71": 0,
      "72": 0,
      "73": 0,
      "74": 0,
      "75": 0,
      "76": 0,
      "77": 0,
      "78": 0,
      "79": 0,
      "80": 0,
      "81": 0,
      "82": 0,
      "83": 0,
      "84": 0,
      "85": 0,
      "86": 0,
      "87": 0,
      "88": 0,
      "89": 0,
      "90": 0,
      "91": 0,
      "92": 0,
      "93": 0,
      "94": 0,
      "95": 0,
      "96": 0,
      "97": 0,
      "98": 0,
      "99": 0,
      "100": 0
    }
  }
}