{
  "mode": "DA_E",
  "stable": true,
  "students": {
    "ranks_0based": {
      "0": 1,
      "1": 13,
      "2": 17,
      "3": 0,
      "4": 0,
      "5": 0,
      "6": 6,
      "7": 4,
      "8": 5,
      "9": 1,
      "10": 8,
      "11": 13,
      "12": 6,
      "13": 4,
      "14": 0,
      "15": 16,
      "16": 1,
      "17": 3,
      "18": 2,
      "19": 4,
      "20": 2,
      "21": 20,
      "22": 5,
      "23": 3,
      "24": 2,
      "25": 6,
      "26": 8,
      "27": 10,
      "28": 18,
      "29": 1,
      "30": 12,
      "31": 4,
      "32": 4,
      "33": 18,
      "34": 5,
      "35": 7,
      "36": 3,
      "37": 17,
      "38": 9,
      "39": 0,
      "40": 1,
      "41": 13,
      "42": 5,
      "43": 15,
      "44": 27,
      "45": 1,
      "46": 4,
      "47": 10,
      "48": 0,
      "49": 0,
      "50": 0,
      "51": 12,
      "52": 0,
      "53": 10,
      "54": 2,
      "55": 2,
      "56": 2,
      "57": 4,
      "58": 2,
      "59": 5,
      "60": 1,
      "61": 8,
      "62": 14,
      "63": 9,
      "64": 1,
      "65": 2,
      "66": 13,
      "67": 0,
      "68": 8,
      "69": 3,
      "70": 3,
      "71": 0,
      "72": 8,
      "73": 1,
      "74": 8,
      "75": 12,
      "76": 4,
      "77": 1,
      "78": 2,
      "79": 2,
      "80": 0,
      "81": 5,
      "82": 3,
      "83": 3,
      "84": 0,
      "85": 5,
      "86": 1,
      "87": 1,
      "88": 3,
      "89": 18,
      "90": 7,
      "91": 19,
      "92": 9,
      "93": 22,
      "94": 8,
      "95": 0,
      "96": 2,
      "97": 0,
      "98": 8,
      "99": 3
    },
    "n_agents": 100,
    "mean_rank_1based": 6.9,
    "median_rank_1based": 5.0,
    "std_rank": 5.940538696111658,
    "top1_rate": 0.15,
    "top3_rate": 0.38,
    "mean_score": 0.9404040404040405,
    "gini_score": 0.03371643394199797,
    "hist_1based": {
      "1": 15,
      "2": 12,
      "3": 11,
      "4": 9,
      "5": 8,
      "6": 7,
      "7": 3,
      "8": 2,
      "9": 8,
      "10": 3,
      "11": 3,
      "12": 0,
      "13": 3,
      "14": 4,
      "15": 1,
      "16": 1,
      "17": 1,
      "18": 2,
      "19": 3,
      "20": 1,
      "21": 1,
      "22": 0,
      "23": 1,
      "24": 0,
      "25": 0,
      "26": 0,
      "27": 0,
      "28": 1,
      "29": 0,
      "30": 0,
      "31": 0,
      "32": 0,
      "33": 0,
      "34": 0,
      "35": 0,
      "36": 0,
      "37": 0,
      "38": 0,
      "39": 0,
      "40": 0,
      "41": 0,
      "42": 0,
      "43": 0,
      "44": 0,
      "45": 0,
      "46": 0,
      "47": 0,
      "48": 0,
      "49": 0,
      "50": 0,
      "51": 0,
      "52": 0,
      "53": 0,
      "54": 0,
      "55": 0,
      "56": 0,
      "57": 0,
      "58": 0,
      "59": 0,
      "60": 0,
      "61": 0,
      "62": 0,
      "63": 0,
      "64": 0,
      "65": 0,
      "66": 0,
      "67": 0,
      "68": 0,
      "69": 0,
      "70": 0,
      "71": 0,
      "72": 0,
      "73": 0,
      "74": 0,
      "75": 0,
      "76": 0,
      "77": 0,
      "78": 0,
      "79": 0,
      "80": 0,
      "81": 0,
      "82": 0,
      "83": 0,
      "84": 0,
      "85": 0,
      "86": 0,
      "87": 0,
      "88": 0,
      "89": 0,
      "90": 0,
      "91": 0,
      "92": 0,
      "93": 0,
      "94": 0,
      "95": 0,
      "96": 0,
      "97": 0,
      "98": 0,
      "99": 0,
      "100": 0
    }
  },
  "schools": {
    "ranks_0based": {
      "0": 25,
      "1": 25,
      "2": 31,
      "3": 26,
      "4": 0,
      "5": 1,
      "6": 6,
      "7": 6,
      "8": 4,
      "9": 19,
      "10": 16,
      "11": 0,
      "12": 0,
      "13": 6,
      "14": 0,
      "15": 13,
      "16": 0,
      "17": 10,
      "18": 22,
      "19": 3,
      "20": 37,
      "21": 2,
      "22": 2,
      "23": 6,
      "24": 16,
      "25": 24,
      "26": 6,
      "27": 5,
      "28": 8,
      "29": 17,
      "30": 24,
      "31": 1,
      "32": 5,
      "33": 8,
      "34": 5,
      "35": 27,
      "36": 15,
      "37": 1,
      "38": 0,
      "39": 32,
      "40": 1,
      "41": 5,
      "42": 29,
      "43": 20,
      "44": 63,
      "45": 23,
      "46": 16,
      "47": 11,
      "48": 11,
      "49": 29,
      "50": 6,
      "51": 19,
      "52": 8,
      "53": 0,
      "54": 38,
      "55": 0,
      "56": 7,
      "57": 8,
      "58": 5,
      "59": 16,
      "60": 19,
      "61": 47,
      "62": 26,
      "63": 43,
      "64": 3,
      "65": 6,
      "66": 3,
      "67": 11,
      "68": 24,
      "69": 20,
      "70": 11,
      "71": 18,
      "72": 2,
      "73": 5,
      "74": 30,
      "75": 20,
      "76": 4,
      "77": 2,
      "78": 15,
      "79": 3,
      "80": 20,
      "81": 24,
      "82": 18,
      "83": 18,
      "84": 28,
      "85": 8,
      "86": 23,
      "87": 3,
      "88": 6,
      "89": 13,
      "90": 12,
      "91": 6,
      "92": 1,
      "93": 7,
      "94": 9,
      "95": 16,
      "96": 26,
      "97": 6,
      "98": 75,
      "99": 14
    },
    "n_agents": 100,
    "mean_rank_1based": 15.14,
    "median_rank_1based": 12.0,
    "std_rank": 13.310912816182066,
    "top1_rate": 0.08,
    "top3_rate": 0.17,
    "mean_score": 0.8571717171717171,
    "gini_score": 0.08077775159085632,
    "hist_1based": {
      "1": 8,
      "2": 5,
      "3": 4,
      "4": 5,
      "5": 2,
      "6": 6,
      "7": 10,
      "8": 2,
      "9": 5,
      "10": 1,
      "11": 1,
      "12": 4,
      "13": 1,
      "14": 2,
      "15": 1,
      "16": 2,
      "17": 5,
      "18": 1,
      "19": 3,
      "20": 3,
      "21": 4,
      "22": 0,
      "23": 1,
      "24": 2,
      "25": 4,
      "26": 2,
      "27": 3,
      "28": 1,
      "29": 1,
      "30": 2,
      "31": 1,
      "32": 1,
      "33": 1,
      "34": 0,
      "35": 0,
      "36": 0,
      "37": 0,
      "38": 1,
      "39": 1,
      "40": 0,
      "41": 0,
      "42": 0,
      "43": 0,
      "44": 1,
      "45": 0,
      "46": 0,
      "47": 0,
      "48": 1,
      "49": 0,
      "50": 0,
      "51": 0,
      "52": 0,
      "53": 0,
      "54": 0,
      "55": 0,
      "56": 0,
      "57": 0,
      "58": 0,
      "59": 0,
      "60": 0,
      "61": 0,
      "62": 0,
      "63": 0,
      "64": 1,
      "65": 0,
      "66": 0,
      "67": 0,
      "68": 0,
      "69": 0,
      "70": 0,
      "71": 0,
      "72": 0,
      "73": 0,
      "74": 0,
      "75": 0,
      "76": 1,
      "77": 0,
      "78": 0,
      "79": 0,
      "80": 0,
      "81": 0,
      "82": 0,
      "83": 0,
      "84": 0,
      "85": 0,
      "86": 0,
      "87": 0,
      "88": 0,
      "89": 0,
      "90": 0,
      "91": 0,
      "92": 0,
      "93": 0,
      "94": 0,
      "95": 0,
      "96": 0,
      "97": 0,
      "98": 0,
      "99": 0,
      "100": 0
    }
  }
}