{
  "mode": "DA_E",
  "stable": true,
  "students": {
    "ranks_0based": {
      "0": 5,
      "1": 1,
      "2": 1,
      "3": 0,
      "4": 0,
      "5": 5,
      "6": 0,
      "7": 2,
      "8": 6,
      "9": 1,
      "10": 2,
      "11": 0,
      "12": 4,
      "13": 0,
      "14": 7,
      "15": 0,
      "16": 4,
      "17": 3,
      "18": 5,
      "19": 6,
      "20": 0,
      "21": 1,
      "22": 3,
      "23": 5,
      "24": 0,
      "25": 2,
      "26": 0,
      "27": 6,
      "28": 3,
      "29": 1,
      "30": 0,
      "31": 1,
      "32": 1,
      "33": 3,
      "34": 8,
      "35": 13,
      "36": 0,
      "37": 2,
      "38": 0,
      "39": 15,
      "40": 3,
      "41": 4,
      "42": 4,
      "43": 4,
      "44": 0,
      "45": 5,
      "46": 4,
      "47": 0,
      "48": 6,
      "49": 1,
      "50": 9,
      "51": 9,
      "52": 1,
      "53": 1,
      "54": 2,
      "55": 13,
      "56": 12,
      "57": 0,
      "58": 0,
      "59": 1,
      "60": 5,
      "61": 2,
      "62": 0,
      "63": 4,
      "64": 2,
      "65": 4,
      "66": 16,
      "67": 0,
      "68": 9,
      "69": 11,
      "70": 0,
      "71": 2,
      "72": 0,
      "73": 1,
      "74": 4,
      "75": 5,
      "76": 3,
      "77": 1,
      "78": 3,
      "79": 6,
      "80": 2,
      "81": 0,
      "82": 6,
      "83": 0,
      "84": 2,
      "85": 0,
      "86": 6,
      "87": 5,
      "88": 2,
      "89": 2,
      "90": 2,
      "91": 5,
      "92": 5,
      "93": 3,
      "94": 3,
      "95": 1,
      "96": 11,
      "97": 1,
      "98": 0,
      "99": 7
    },
    "n_agents": 100,
    "mean_rank_1based": 4.36,
    "median_rank_1based": 3.0,
    "std_rank": 3.5707702250354894,
    "top1_rate": 0.24,
    "top3_rate": 0.52,
    "mean_score": 0.9660606060606061,
    "gini_score": 0.019280635717273453,
    "hist_1based": {
      "1": 24,
      "2": 15,
      "3": 13,
      "4": 9,
      "5": 9,
      "6": 10,
      "7": 7,
      "8": 2,
      "9": 1,
      "10": 3,
      "11": 0,
      "12": 2,
      "13": 1,
      "14": 2,
      "15": 0,
      "16": 1,
      "17": 1,
      "18": 0,
      "19": 0,
      "20": 0,
      "21": 0,
      "22": 0,
      "23": 0,
      "24": 0,
      "25": 0,
      "26": 0,
      "27": 0,
      "28": 0,
      "29": 0,
      "30": 0,
      "31": 0,
      "32": 0,
      "33": 0,
      "34": 0,
      "35": 0,
      "36": 0,
      "37": 0,
      "38": 0,
      "39": 0,
      "40": 0,
      "41": 0,
      "42": 0,
      "43": 0,
      "44": 0,
      "45": 0,
      "46": 0,
      "47": 0,
      "48": 0,
      "49": 0,
      "50": 0,
      "51": 0,
      "52": 0,
      "53": 0,
      "54": 0,
      "55": 0,
      "56": 0,
      "57": 0,
      "58": 0,
      "59": 0,
      "60": 0,
      "61": 0,
      "62": 0,
      "63": 0,
      "64": 0,
      "65": 0,
      "66": 0,
      "67": 0,
      "68": 0,
      "69": 0,
      "70": 0,
      "71": 0,
      "72": 0,
      "73": 0,
      "74": 0,
      "75": 0,
      "76": 0,
      "77": 0,
      "78": 0,
      "79": 0,
      "80": 0,
      "81": 0,
      "82": 0,
      "83": 0,
      "84": 0,
      "85": 0,
      "86": 0,
      "87": 0,
      "88": 0,
      "89": 0,
      "90": 0,
      "91": 0,
      "92": 0,
      "93": 0,
      "94": 0,
      "95": 0,
      "96": 0,
      "97": 0,
      "98": 0,
      "99": 0,
      "100": 0
    }
  },
  "schools": {
    "ranks_0based": {
      "0": 6,
      "1": 6,
      "2": 38,
      "3": 19,
      "4": 2,
      "5": 92,
      "6": 22,
      "7": 3,
      "8": 26,
      "9": 92,
      "10": 23,
      "11": 10,
      "12": 1,
      "13": 22,
      "14": 14,
      "15": 5,
      "16": 25,
      "17": 20,
      "18": 12,
      "19": 10,
      "20": 7,
      "21": 7,
      "22": 26,
      "23": 33,
      "24": 0,
      "25": 1,
      "26": 32,
      "27": 6,
      "28": 0,
      "29": 16,
      "30": 28,
      "31": 4,
      "32": 5,
      "33": 7,
      "34": 10,
      "35": 7,
      "36": 40,
      "37": 16,
      "38": 41,
      "39": 26,
      "40": 25,
      "41": 1,
      "42": 23,
      "43": 20,
      "44": 0,
      "45": 22,
      "46": 19,
      "47": 48,
      "48": 4,
      "49": 36,
      "50": 82,
      "51": 16,
      "52": 0,
      "53": 31,
      "54": 95,
      "55": 9,
      "56": 10,
      "57": 22,
      "58": 81,
      "59": 1,
      "60": 5,
      "61": 30,
      "62": 15,
      "63": 1,
      "64": 27,
      "65": 9,
      "66": 57,
      "67": 5,
      "68": 14,
      "69": 24,
      "70": 20,
      "71": 0,
      "72": 84,
      "73": 33,
      "74": 63,
      "75": 28,
      "76": 5,
      "77": 42,
      "78": 4,
      "79": 36,
      "80": 12,
      "81": 29,
      "82": 16,
      "83": 6,
      "84": 4,
      "85": 65,
      "86": 36,
      "87": 16,
      "88": 26,
      "89": 53,
      "90": 28,
      "91": 13,
      "92": 18,
      "93": 24,
      "94": 22,
      "95": 4,
      "96": 0,
      "97": 0,
      "98": 7,
      "99": 56
    },
    "n_agents": 100,
    "mean_rank_1based": 23.42,
    "median_rank_1based": 18.0,
    "std_rank": 22.23518832841314,
    "top1_rate": 0.07,
    "top3_rate": 0.13,
    "mean_score": 0.7735353535353535,
    "gini_score": 0.14788978845651668,
    "hist_1based": {
      "1": 7,
      "2": 5,
      "3": 1,
      "4": 1,
      "5": 5,
      "6": 5,
      "7": 4,
      "8": 5,
      "9": 0,
      "10": 2,
      "11": 4,
      "12": 0,
      "13": 2,
      "14": 1,
      "15": 2,
      "16": 1,
      "17": 5,
      "18": 0,
      "19": 1,
      "20": 2,
      "21": 3,
      "22": 0,
      "23": 5,
      "24": 2,
      "25": 2,
      "26": 2,
      "27": 4,
      "28": 1,
      "29": 3,
      "30": 1,
      "31": 1,
      "32": 1,
      "33": 1,
      "34": 2,
      "35": 0,
      "36": 0,
      "37": 3,
      "38": 0,
      "39": 1,
      "40": 0,
      "41": 1,
      "42": 1,
      "43": 1,
      "44": 0,
      "45": 0,
      "46": 0,
      "47": 0,
      "48": 0,
      "49": 1,
      "50": 0,
      "51": 0,
      "52": 0,
      "53": 0,
      "54": 1,
      "55": 0,
      "56": 0,
      "57": 1,
      "58": 1,
      "59": 0,
      "60": 0,
      "61": 0,
      "62": 0,
      "63": 0,
      "64": 1,
      "65": 0,
      "66": 1,
      "67": 0,
      "68": 0,
      "69": 0,
      "70": 0,
      "71": 0,
      "72": 0,
      "73": 0,
      "74": 0,
      "75": 0,
      "76": 0,
      "77": 0,
      "78": 0,
      "79": 0,
      "80": 0,
      "81": 0,
      "82": 1,
      "83": 1,
      "84": 0,
      "85": 1,
      "86": 0,
      "87": 0,
      "88": 0,
      "89": 0,
      "90": 0,
      "91": 0,
      "92": 0,
      "93": 2,
      "94": 0,
      "95": 0,
      "96": 1,
      "97": 0,
      "98": 0,
      "99": 0,
      "100": 0
    }
  }
}