{
  "mode": "DA_E",
  "stable": true,
  "students": {
    "ranks_0based": {
      "0": 4,
      "1": 3,
      "2": 0,
      "3": 0,
      "4": 0,
      "5": 1,
      "6": 0,
      "7": 3,
      "8": 0,
      "9": 0,
      "10": 0,
      "11": 0,
      "12": 4,
      "13": 1,
      "14": 3,
      "15": 0,
      "16": 3,
      "17": 1,
      "18": 4,
      "19": 1
    },
    "n_agents": 20,
    "mean_rank_1based": 2.4,
    "median_rank_1based": 2.0,
    "std_rank": 1.5620499351813308,
    "top1_rate": 0.45,
    "top3_rate": 0.65,
    "mean_score": 0.9263157894736842,
    "gini_score": 0.04715909090909065,
    "hist_1based": {
      "1": 9,
      "2": 4,
      "3": 0,
      "4": 4,
      "5": 3,
      "6": 0,
      "7": 0,
      "8": 0,
      "9": 0,
      "10": 0,
      "11": 0,
      "12": 0,
      "13": 0,
      "14": 0,
      "15": 0,
      "16": 0,
      "17": 0,
      "18": 0,
      "19": 0,
      "20": 0
    }
  },
  "schools": {
    "ranks_0based": {
      "0": 0,
      "1": 0,
      "2": 16,
      "3": 8,
      "4": 5,
      "5": 6,
      "6": 9,
      "7": 16,
      "8": 1,
      "9": 7,
      "10": 0,
      "11": 2,
      "12": 16,
      "13": 17,
      "14": 0,
      "15": 1,
      "16": 1,
      "17": 18,
      "18": 16,
      "19": 4
    },
    "n_agents": 20,
    "mean_rank_1based": 8.15,
    "median_rank_1based": 6.5,
    "std_rank": 6.680381725620176,
    "top1_rate": 0.2,
    "top3_rate": 0.4,
    "mean_score": 0.6236842105263158,
    "gini_score": 0.31118143459915615,
    "hist_1based": {
      "1": 4,
      "2": 3,
      "3": 1,
      "4": 0,
      "5": 1,
      "6": 1,
      "7": 1,
      "8": 1,
      "9": 1,
      "10": 1,
      "11": 0,
      "12": 0,
      "13": 0,
      "14": 0,
      "15": 0,
      "16": 0,
      "17": 4,
      "18": 1,
      "19": 1,
      "20": 0
    }
  }
}