{
  "mode": "DA_E",
  "stable": true,
  "students": {
    "ranks_0based": {
      "0": 0,
      "1": 3,
      "2": 1,
      "3": 3,
      "4": 0,
      "5": 8,
      "6": 0,
      "7": 0,
      "8": 0,
      "9": 0
    },
    "n_agents": 10,
    "mean_rank_1based": 2.5,
    "median_rank_1based": 1.0,
    "std_rank": 2.4596747752497685,
    "top1_rate": 0.6,
    "top3_rate": 0.7,
    "mean_score": 0.8333333333333334,
    "gini_score": 0.1479999999999997,
    "hist_1based": {
      "1": 6,
      "2": 1,
      "3": 0,
      "4": 2,
      "5": 0,
      "6": 0,
      "7": 0,
      "8": 0,
      "9": 1,
      "10": 0
    }
  },
  "schools": {
    "ranks_0based": {
      "0": 2,
      "1": 6,
      "2": 1,
      "3": 0,
      "4": 3,
      "5": 4,
      "6": 0,
      "7": 2,
      "8": 0,
      "9": 1
    },
    "n_agents": 10,
    "mean_rank_1based": 2.9,
    "median_rank_1based": 2.5,
    "std_rank": 1.8681541692269406,
    "top1_rate": 0.3,
    "top3_rate": 0.7,
    "mean_score": 0.7888888888888889,
    "gini_score": 0.1422535211267606,
    "hist_1based": {
      "1": 3,
      "2": 2,
      "3": 2,
      "4": 1,
      "5": 1,
      "6": 0,
      "7": 1,
      "8": 0,
      "9": 0,
      "10": 0
    }
  }
}