{
  "mode": "DA_E",
  "stable": true,
  "students": {
    "ranks_0based": {
      "0": 0,
      "1": 0,
      "2": 6,
      "3": 5,
      "4": 6,
      "5": 1,
      "6": 1,
      "7": 8,
      "8": 1,
      "9": 1,
      "10": 0,
      "11": 0,
      "12": 2,
      "13": 3,
      "14": 2,
      "15": 0,
      "16": 0,
      "17": 6,
      "18": 0,
      "19": 1
    },
    "n_agents": 20,
    "mean_rank_1based": 3.15,
    "median_rank_1based": 2.0,
    "std_rank": 2.515452245621053,
    "top1_rate": 0.35,
    "top3_rate": 0.7,
    "mean_score": 0.8868421052631579,
    "gini_score": 0.0775964391691395,
    "hist_1based": {
      "1": 7,
      "2": 5,
      "3": 2,
      "4": 1,
      "5": 0,
      "6": 1,
      "7": 3,
      "8": 0,
      "9": 1,
      "10": 0,
      "11": 0,
      "12": 0,
      "13": 0,
      "14": 0,
      "15": 0,
      "16": 0,
      "17": 0,
      "18": 0,
      "19": 0,
      "20": 0
    }
  },
  "schools": {
    "ranks_0based": {
      "0": 6,
      "1": 5,
      "2": 12,
      "3": 4,
      "4": 3,
      "5": 6,
      "6": 0,
      "7": 3,
      "8": 3,
      "9": 10,
      "10": 3,
      "11": 0,
      "12": 2,
      "13": 2,
      "14": 1,
      "15": 9,
      "16": 0,
      "17": 0,
      "18": 17,
      "19": 0
    },
    "n_agents": 20,
    "mean_rank_1based": 5.3,
    "median_rank_1based": 4.0,
    "std_rank": 4.484417464955732,
    "top1_rate": 0.25,
    "top3_rate": 0.4,
    "mean_score": 0.7736842105263158,
    "gini_score": 0.15918367346938767,
    "hist_1based": {
      "1": 5,
      "2": 1,
      "3": 2,
      "4": 4,
      "5": 1,
      "6": 1,
      "7": 2,
      "8": 0,
      "9": 0,
      "10": 1,
      "11": 1,
      "12": 0,
      "13": 1,
      "14": 0,
      "15": 0,
      "16": 0,
      "17": 0,
      "18": 1,
      "19": 0,
      "20": 0
    }
  }
}