{
  "mode": "DA_S",
  "stable": true,
  "students": {
    "ranks_0based": {
      "0": 6,
      "1": 7,
      "2": 9,
      "3": 2,
      "4": 7,
      "5": 14,
      "6": 4,
      "7": 6,
      "8": 6,
      "9": 0,
      "10": 5,
      "11": 5,
      "12": 6,
      "13": 0,
      "14": 9,
      "15": 8,
      "16": 4,
      "17": 10,
      "18": 2,
      "19": 1
    },
    "n_agents": 20,
    "mean_rank_1based": 6.55,
    "median_rank_1based": 7.0,
    "std_rank": 3.4565155865408737,
    "top1_rate": 0.1,
    "top3_rate": 0.25,
    "mean_score": 0.7078947368421052,
    "gini_score": 0.1429368029739777,
    "hist_1based": {
      "1": 2,
      "2": 1,
      "3": 2,
      "4": 0,
      "5": 2,
      "6": 2,
      "7": 4,
      "8": 2,
      "9": 1,
      "10": 2,
      "11": 1,
      "12": 0,
      "13": 0,
      "14": 0,
      "15": 1,
      "16": 0,
      "17": 0,
      "18": 0,
      "19": 0,
      "20": 0
    }
  },
  "schools": {
    "ranks_0based": {
      "0": 2,
      "1": 1,
      "2": 2,
      "3": 1,
      "4": 0,
      "5": 0,
      "6": 1,
      "7": 0,
      "8": 0,
      "9": 0,
      "10": 7,
      "11": 1,
      "12": 0,
      "13": 0,
      "14": 0,
      "15": 1,
      "16": 3,
      "17": 0,
      "18": 5,
      "19": 0
    },
    "n_agents": 20,
    "mean_rank_1based": 2.2,
    "median_rank_1based": 1.5,
    "std_rank": 1.833030277982336,
    "top1_rate": 0.5,
    "top3_rate": 0.85,
    "mean_score": 0.9368421052631579,
    "gini_score": 0.04719101123595504,
    "hist_1based": {
      "1": 10,
      "2": 5,
      "3": 2,
      "4": 1,
      "5": 0,
      "6": 1,
      "7": 0,
      "8": 1,
      "9": 0,
      "10": 0,
      "11": 0,
      "12": 0,
      "13": 0,
      "14": 0,
      "15": 0,
      "16": 0,
      "17": 0,
      "18": 0,
      "19": 0,
      "20": 0
    }
  }
}