{
  "mode": "DA_E",
  "stable": true,
  "students": {
    "ranks_0based": {
      "0": 0,
      "1": 0,
      "2": 2,
      "3": 3,
      "4": 0,
      "5": 2,
      "6": 1,
      "7": 9,
      "8": 3,
      "9": 1,
      "10": 0,
      "11": 6,
      "12": 0,
      "13": 2,
      "14": 7,
      "15": 6,
      "16": 3,
      "17": 1,
      "18": 5,
      "19": 7,
      "20": 6,
      "21": 2,
      "22": 4,
      "23": 3,
      "24": 0,
      "25": 0,
      "26": 3,
      "27": 4,
      "28": 0,
      "29": 21,
      "30": 1,
      "31": 2,
      "32": 7,
      "33": 1,
      "34": 2,
      "35": 2,
      "36": 3,
      "37": 3,
      "38": 7,
      "39": 0,
      "40": 0,
      "41": 2,
      "42": 3,
      "43": 4,
      "44": 5,
      "45": 4,
      "46": 0,
      "47": 8,
      "48": 4,
      "49": 1
    },
    "n_agents": 50,
    "mean_rank_1based": 4.2,
    "median_rank_1based": 3.5,
    "std_rank": 3.515679166249389,
    "top1_rate": 0.22,
    "top3_rate": 0.5,
    "mean_score": 0.9346938775510204,
    "gini_score": 0.03631441048034967,
    "hist_1based": {
      "1": 11,
      "2": 6,
      "3": 8,
      "4": 8,
      "5": 5,
      "6": 2,
      "7": 3,
      "8": 4,
      "9": 1,
      "10": 1,
      "11": 0,
      "12": 0,
      "13": 0,
      "14": 0,
      "15": 0,
      "16": 0,
      "17": 0,
      "18": 0,
      "19": 0,
      "20": 0,
      "21": 0,
      "22": 1,
      "23": 0,
      "24": 0,
      "25": 0,
      "26": 0,
      "27": 0,
      "28": 0,
      "29": 0,
      "30": 0,
      "31": 0,
      "32": 0,
      "33": 0,
      "34": 0,
      "35": 0,
      "36": 0,
      "37": 0,
      "38": 0,
      "39": 0,
      "40": 0,
      "41": 0,
      "42": 0,
      "43": 0,
      "44": 0,
      "45": 0,
      "46": 0,
      "47": 0,
      "48": 0,
      "49": 0,
      "50": 0
    }
  },
  "schools": {
    "ranks_0based": {
      "0": 9,
      "1": 0,
      "2": 11,
      "3": 0,
      "4": 4,
      "5": 5,
      "6": 7,
      "7": 17,
      "8": 10,
      "9": 2,
      "10": 5,
      "11": 26,
      "12": 15,
      "13": 3,
      "14": 5,
      "15": 15,
      "16": 19,
      "17": 6,
      "18": 5,
      "19": 3,
      "20": 17,
      "21": 0,
      "22": 0,
      "23": 14,
      "24": 10,
      "25": 32,
      "26": 4,
      "27": 12,
      "28": 1,
      "29": 11,
      "30": 7,
      "31": 40,
      "32": 18,
      "33": 2,
      "34": 1,
      "35": 7,
      "36": 6,
      "37": 3,
      "38": 32,
      "39": 11,
      "40": 11,
      "41": 11,
      "42": 0,
      "43": 5,
      "44": 8,
      "45": 16,
      "46": 16,
      "47": 12,
      "48": 4,
      "49": 5
    },
    "n_agents": 50,
    "mean_rank_1based": 10.66,
    "median_rank_1based": 8.0,
    "std_rank": 8.68472221777991,
    "top1_rate": 0.1,
    "top3_rate": 0.18,
    "mean_score": 0.8028571428571428,
    "gini_score": 0.11449923741738721,
    "hist_1based": {
      "1": 5,
      "2": 2,
      "3": 2,
      "4": 3,
      "5": 3,
      "6": 6,
      "7": 2,
      "8": 3,
      "9": 1,
      "10": 1,
      "11": 2,
      "12": 5,
      "13": 2,
      "14": 0,
      "15": 1,
      "16": 2,
      "17": 2,
      "18": 2,
      "19": 1,
      "20": 1,
      "21": 0,
      "22": 0,
      "23": 0,
      "24": 0,
      "25": 0,
      "26": 0,
      "27": 1,
      "28": 0,
      "29": 0,
      "30": 0,
      "31": 0,
      "32": 0,
      "33": 2,
      "34": 0,
      "35": 0,
      "36": 0,
      "37": 0,
      "38": 0,
      "39": 0,
      "40": 0,
      "41": 1,
      "42": 0,
      "43": 0,
      "44": 0,
      "45": 0,
      "46": 0,
      "47": 0,
      "48": 0,
      "49": 0,
      "50": 0
    }
  }
}