{
  "mode": "DA_S",
  "stable": true,
  "students": {
    "ranks_0based": {
      "0": 3,
      "1": 1,
      "2": 2,
      "3": 2,
      "4": 5,
      "5": 3,
      "6": 18,
      "7": 8,
      "8": 11,
      "9": 0,
      "10": 5,
      "11": 2,
      "12": 16,
      "13": 8,
      "14": 8,
      "15": 8,
      "16": 3,
      "17": 14,
      "18": 1,
      "19": 6
    },
    "n_agents": 20,
    "mean_rank_1based": 7.2,
    "median_rank_1based": 6.0,
    "std_rank": 5.055689863905815,
    "top1_rate": 0.05,
    "top3_rate": 0.3,
    "mean_score": 0.6736842105263158,
    "gini_score": 0.2144531249999997,
    "hist_1based": {
      "1": 1,
      "2": 2,
      "3": 3,
      "4": 3,
      "5": 0,
      "6": 2,
      "7": 1,
      "8": 0,
      "9": 4,
      "10": 0,
      "11": 0,
      "12": 1,
      "13": 0,
      "14": 0,
      "15": 1,
      "16": 0,
      "17": 1,
      "18": 0,
      "19": 1,
      "20": 0
    }
  },
  "schools": {
    "ranks_0based": {
      "0": 0,
      "1": 2,
      "2": 5,
      "3": 2,
      "4": 0,
      "5": 1,
      "6": 1,
      "7": 3,
      "8": 0,
      "9": 0,
      "10": 0,
      "11": 1,
      "12": 0,
      "13": 0,
      "14": 2,
      "15": 3,
      "16": 1,
      "17": 3,
      "18": 0,
      "19": 6
    },
    "n_agents": 20,
    "mean_rank_1based": 2.5,
    "median_rank_1based": 2.0,
    "std_rank": 1.7175564037317668,
    "top1_rate": 0.4,
    "top3_rate": 0.75,
    "mean_score": 0.9210526315789473,
    "gini_score": 0.05114285714285716,
    "hist_1based": {
      "1": 8,
      "2": 4,
      "3": 3,
      "4": 3,
      "5": 0,
      "6": 1,
      "7": 1,
      "8": 0,
      "9": 0,
      "10": 0,
      "11": 0,
      "12": 0,
      "13": 0,
      "14": 0,
      "15": 0,
      "16": 0,
      "17": 0,
      "18": 0,
      "19": 0,
      "20": 0
    }
  }
}