{
  "mode": "DA_E",
  "stable": true,
  "students": {
    "ranks_0based": {
      "0": 0,
      "1": 2,
      "2": 4,
      "3": 2,
      "4": 7,
      "5": 2,
      "6": 1,
      "7": 4,
      "8": 1,
      "9": 1
    },
    "n_agents": 10,
    "mean_rank_1based": 3.4,
    "median_rank_1based": 3.0,
    "std_rank": 1.9595917942265424,
    "top1_rate": 0.1,
    "top3_rate": 0.7,
    "mean_score": 0.7333333333333333,
    "gini_score": 0.15454545454545432,
    "hist_1based": {
      "1": 1,
      "2": 3,
      "3": 3,
      "4": 0,
      "5": 2,
      "6": 0,
      "7": 0,
      "8": 1,
      "9": 0,
      "10": 0
    }
  },
  "schools": {
    "ranks_0based": {
      "0": 1,
      "1": 1,
      "2": 0,
      "3": 0,
      "4": 4,
      "5": 2,
      "6": 3,
      "7": 1,
      "8": 2,
      "9": 7
    },
    "n_agents": 10,
    "mean_rank_1based": 3.1,
    "median_rank_1based": 2.5,
    "std_rank": 2.0223748416156684,
    "top1_rate": 0.2,
    "top3_rate": 0.7,
    "mean_score": 0.7666666666666666,
    "gini_score": 0.15217391304347827,
    "hist_1based": {
      "1": 2,
      "2": 3,
      "3": 2,
      "4": 1,
      "5": 1,
      "6": 0,
      "7": 0,
      "8": 1,
      "9": 0,
      "10": 0
    }
  }
}