{
  "mode": "DA_E",
  "stable": true,
  "students": {
    "ranks_0based": {
      "0": 8,
      "1": 12,
      "2": 2,
      "3": 0,
      "4": 2,
      "5": 4,
      "6": 2,
      "7": 0,
      "8": 1,
      "9": 3,
      "10": 1,
      "11": 6,
      "12": 2,
      "13": 1,
      "14": 3,
      "15": 0,
      "16": 0,
      "17": 2,
      "18": 2,
      "19": 10,
      "20": 3,
      "21": 3,
      "22": 0,
      "23": 0,
      "24": 0,
      "25": 0,
      "26": 2,
      "27": 0,
      "28": 6,
      "29": 0,
      "30": 8,
      "31": 6,
      "32": 7,
      "33": 0,
      "34": 1,
      "35": 4,
      "36": 1,
      "37": 1,
      "38": 6,
      "39": 2,
      "40": 5,
      "41": 4,
      "42": 2,
      "43": 0,
      "44": 0,
      "45": 6,
      "46": 2,
      "47": 1,
      "48": 5,
      "49": 3
    },
    "n_agents": 50,
    "mean_rank_1based": 3.78,
    "median_rank_1based": 3.0,
    "std_rank": 2.844573781781728,
    "top1_rate": 0.26,
    "top3_rate": 0.6,
    "mean_score": 0.943265306122449,
    "gini_score": 0.03254868022501123,
    "hist_1based": {
      "1": 13,
      "2": 7,
      "3": 10,
      "4": 5,
      "5": 3,
      "6": 2,
      "7": 5,
      "8": 1,
      "9": 2,
      "10": 0,
      "11": 1,
      "12": 0,
      "13": 1,
      "14": 0,
      "15": 0,
      "16": 0,
      "17": 0,
      "18": 0,
      "19": 0,
      "20": 0,
      "21": 0,
      "22": 0,
      "23": 0,
      "24": 0,
      "25": 0,
      "26": 0,
      "27": 0,
      "28": 0,
      "29": 0,
      "30": 0,
      "31": 0,
      "32": 0,
      "33": 0,
      "34": 0,
      "35": 0,
      "36": 0,
      "37": 0,
      "38": 0,
      "39": 0,
      "40": 0,
      "41": 0,
      "42": 0,
      "43": 0,
      "44": 0,
      "45": 0,
      "46": 0,
      "47": 0,
      "48": 0,
      "49": 0,
      "50": 0
    }
  },
  "schools": {
    "ranks_0based": {
      "0": 9,
      "1": 23,
      "2": 3,
      "3": 12,
      "4": 3,
      "5": 5,
      "6": 38,
      "7": 29,
      "8": 9,
      "9": 21,
      "10": 12,
      "11": 17,
      "12": 7,
      "13": 11,
      "14": 17,
      "15": 2,
      "16": 0,
      "17": 14,
      "18": 16,
      "19": 4,
      "20": 1,
      "21": 17,
      "22": 5,
      "23": 31,
      "24": 1,
      "25": 0,
      "26": 48,
      "27": 11,
      "28": 32,
      "29": 0,
      "30": 9,
      "31": 12,
      "32": 10,
      "33": 24,
      "34": 17,
      "35": 6,
      "36": 12,
      "37": 14,
      "38": 13,
      "39": 1,
      "40": 35,
      "41": 2,
      "42": 10,
      "43": 43,
      "44": 30,
      "45": 16,
      "46": 4,
      "47": 6,
      "48": 2,
      "49": 4
    },
    "n_agents": 50,
    "mean_rank_1based": 14.36,
    "median_rank_1based": 12.0,
    "std_rank": 11.757142509980902,
    "top1_rate": 0.06,
    "top3_rate": 0.18,
    "mean_score": 0.7273469387755102,
    "gini_score": 0.1768799102132439,
    "hist_1based": {
      "1": 3,
      "2": 3,
      "3": 3,
      "4": 2,
      "5": 3,
      "6": 2,
      "7": 2,
      "8": 1,
      "9": 0,
      "10": 3,
      "11": 2,
      "12": 2,
      "13": 4,
      "14": 1,
      "15": 2,
      "16": 0,
      "17": 2,
      "18": 4,
      "19": 0,
      "20": 0,
      "21": 0,
      "22": 1,
      "23": 0,
      "24": 1,
      "25": 1,
      "26": 0,
      "27": 0,
      "28": 0,
      "29": 0,
      "30": 1,
      "31": 1,
      "32": 1,
      "33": 1,
      "34": 0,
      "35": 0,
      "36": 1,
      "37": 0,
      "38": 0,
      "39": 1,
      "40": 0,
      "41": 0,
      "42": 0,
      "43": 0,
      "44": 1,
      "45": 0,
      "46": 0,
      "47": 0,
      "48": 0,
      "49": 1,
      "50": 0
    }
  }
}