{
  "mode": "DA_E",
  "stable": true,
  "students": {
    "ranks_0based": {
      "0": 5,
      "1": 3,
      "2": 4,
      "3": 0,
      "4": 0,
      "5": 0,
      "6": 10,
      "7": 1,
      "8": 1,
      "9": 1,
      "10": 0,
      "11": 0,
      "12": 0,
      "13": 1,
      "14": 1,
      "15": 0,
      "16": 7,
      "17": 0,
      "18": 1,
      "19": 2
    },
    "n_agents": 20,
    "mean_rank_1based": 2.85,
    "median_rank_1based": 2.0,
    "std_rank": 2.6509432283623124,
    "top1_rate": 0.4,
    "top3_rate": 0.75,
    "mean_score": 0.9026315789473685,
    "gini_score": 0.07274052478134085,
    "hist_1based": {
      "1": 8,
      "2": 6,
      "3": 1,
      "4": 1,
      "5": 1,
      "6": 1,
      "7": 0,
      "8": 1,
      "9": 0,
      "10": 0,
      "11": 1,
      "12": 0,
      "13": 0,
      "14": 0,
      "15": 0,
      "16": 0,
      "17": 0,
      "18": 0,
      "19": 0,
      "20": 0
    }
  },
  "schools": {
    "ranks_0based": {
      "0": 4,
      "1": 11,
      "2": 5,
      "3": 1,
      "4": 2,
      "5": 6,
      "6": 0,
      "7": 7,
      "8": 4,
      "9": 15,
      "10": 5,
      "11": 3,
      "12": 8,
      "13": 4,
      "14": 1,
      "15": 2,
      "16": 0,
      "17": 0,
      "18": 17,
      "19": 5
    },
    "n_agents": 20,
    "mean_rank_1based": 6,
    "median_rank_1based": 5.0,
    "std_rank": 4.61519230368573,
    "top1_rate": 0.15,
    "top3_rate": 0.35,
    "mean_score": 0.736842105263158,
    "gini_score": 0.17321428571428532,
    "hist_1based": {
      "1": 3,
      "2": 2,
      "3": 2,
      "4": 1,
      "5": 3,
      "6": 3,
      "7": 1,
      "8": 1,
      "9": 1,
      "10": 0,
      "11": 0,
      "12": 1,
      "13": 0,
      "14": 0,
      "15": 0,
      "16": 1,
      "17": 0,
      "18": 1,
      "19": 0,
      "20": 0
    }
  }
}