{
  "mode": "DA_E",
  "stable": true,
  "students": {
    "ranks_0based": {
      "0": 2,
      "1": 8,
      "2": 2,
      "3": 3,
      "4": 2,
      "5": 8,
      "6": 0,
      "7": 1,
      "8": 5,
      "9": 2,
      "10": 2,
      "11": 14,
      "12": 0,
      "13": 1,
      "14": 2,
      "15": 5,
      "16": 1,
      "17": 2,
      "18": 0,
      "19": 1,
      "20": 5,
      "21": 5,
      "22": 0,
      "23": 0,
      "24": 1,
      "25": 1,
      "26": 0,
      "27": 7,
      "28": 4,
      "29": 1,
      "30": 2,
      "31": 0,
      "32": 7,
      "33": 2,
      "34": 4,
      "35": 0,
      "36": 5,
      "37": 3,
      "38": 12,
      "39": 2,
      "40": 13,
      "41": 1,
      "42": 1,
      "43": 6,
      "44": 12,
      "45": 1,
      "46": 4,
      "47": 38,
      "48": 0,
      "49": 1
    },
    "n_agents": 50,
    "mean_rank_1based": 4.98,
    "median_rank_1based": 3.0,
    "std_rank": 6.0149480463259195,
    "top1_rate": 0.18,
    "top3_rate": 0.6,
    "mean_score": 0.9187755102040817,
    "gini_score": 0.05378054198134197,
    "hist_1based": {
      "1": 9,
      "2": 11,
      "3": 10,
      "4": 2,
      "5": 3,
      "6": 5,
      "7": 1,
      "8": 2,
      "9": 2,
      "10": 0,
      "11": 0,
      "12": 0,
      "13": 2,
      "14": 1,
      "15": 1,
      "16": 0,
      "17": 0,
      "18": 0,
      "19": 0,
      "20": 0,
      "21": 0,
      "22": 0,
      "23": 0,
      "24": 0,
      "25": 0,
      "26": 0,
      "27": 0,
      "28": 0,
      "29": 0,
      "30": 0,
      "31": 0,
      "32": 0,
      "33": 0,
      "34": 0,
      "35": 0,
      "36": 0,
      "37": 0,
      "38": 0,
      "39": 1,
      "40": 0,
      "41": 0,
      "42": 0,
      "43": 0,
      "44": 0,
      "45": 0,
      "46": 0,
      "47": 0,
      "48": 0,
      "49": 0,
      "50": 0
    }
  },
  "schools": {
    "ranks_0based": {
      "0": 2,
      "1": 6,
      "2": 1,
      "3": 2,
      "4": 1,
      "5": 1,
      "6": 8,
      "7": 3,
      "8": 7,
      "9": 15,
      "10": 1,
      "11": 21,
      "12": 6,
      "13": 17,
      "14": 1,
      "15": 5,
      "16": 5,
      "17": 10,
      "18": 9,
      "19": 35,
      "20": 1,
      "21": 3,
      "22": 2,
      "23": 1,
      "24": 10,
      "25": 5,
      "26": 1,
      "27": 8,
      "28": 16,
      "29": 6,
      "30": 5,
      "31": 11,
      "32": 7,
      "33": 1,
      "34": 9,
      "35": 7,
      "36": 17,
      "37": 23,
      "38": 1,
      "39": 22,
      "40": 3,
      "41": 9,
      "42": 14,
      "43": 0,
      "44": 6,
      "45": 9,
      "46": 4,
      "47": 3,
      "48": 1,
      "49": 5
    },
    "n_agents": 50,
    "mean_rank_1based": 8.32,
    "median_rank_1based": 6.5,
    "std_rank": 7.097717943113829,
    "top1_rate": 0.02,
    "top3_rate": 0.3,
    "mean_score": 0.8506122448979592,
    "gini_score": 0.08635316698656514,
    "hist_1based": {
      "1": 1,
      "2": 11,
      "3": 3,
      "4": 4,
      "5": 1,
      "6": 5,
      "7": 4,
      "8": 3,
      "9": 2,
      "10": 4,
      "11": 2,
      "12": 1,
      "13": 0,
      "14": 0,
      "15": 1,
      "16": 1,
      "17": 1,
      "18": 2,
      "19": 0,
      "20": 0,
      "21": 0,
      "22": 1,
      "23": 1,
      "24": 1,
      "25": 0,
      "26": 0,
      "27": 0,
      "28": 0,
      "29": 0,
      "30": 0,
      "31": 0,
      "32": 0,
      "33": 0,
      "34": 0,
      "35": 0,
      "36": 1,
      "37": 0,
      "38": 0,
      "39": 0,
      "40": 0,
      "41": 0,
      "42": 0,
      "43": 0,
      "44": 0,
      "45": 0,
      "46": 0,
      "47": 0,
      "48": 0,
      "49": 0,
      "50": 0
    }
  }
}