{
  "mode": "DA_E",
  "stable": true,
  "students": {
    "ranks_0based": {
      "0": 1,
      "1": 0,
      "2": 1,
      "3": 0,
      "4": 1,
      "5": 0,
      "6": 1,
      "7": 2,
      "8": 1,
      "9": 3
    },
    "n_agents": 10,
    "mean_rank_1based": 2,
    "median_rank_1based": 2.0,
    "std_rank": 0.8944271909999159,
    "top1_rate": 0.3,
    "top3_rate": 0.9,
    "mean_score": 0.8888888888888888,
    "gini_score": 0.057499999999999885,
    "hist_1based": {
      "1": 3,
      "2": 5,
      "3": 1,
      "4": 1,
      "5": 0,
      "6": 0,
      "7": 0,
      "8": 0,
      "9": 0,
      "10": 0
    }
  },
  "schools": {
    "ranks_0based": {
      "0": 2,
      "1": 2,
      "2": 0,
      "3": 3,
      "4": 2,
      "5": 0,
      "6": 8,
      "7": 0,
      "8": 0,
      "9": 0
    },
    "n_agents": 10,
    "mean_rank_1based": 2.7,
    "median_rank_1based": 2.0,
    "std_rank": 2.3685438564654024,
    "top1_rate": 0.5,
    "top3_rate": 0.8,
    "mean_score": 0.8111111111111111,
    "gini_score": 0.15205479452054793,
    "hist_1based": {
      "1": 5,
      "2": 0,
      "3": 3,
      "4": 1,
      "5": 0,
      "6": 0,
      "7": 0,
      "8": 0,
      "9": 1,
      "10": 0
    }
  }
}