{
  "mode": "DA_S",
  "stable": true,
  "students": {
    "ranks_0based": {
      "0": 16,
      "1": 14,
      "2": 4,
      "3": 3,
      "4": 14,
      "5": 15,
      "6": 24,
      "7": 0,
      "8": 2,
      "9": 4,
      "10": 1,
      "11": 34,
      "12": 17,
      "13": 5,
      "14": 9,
      "15": 39,
      "16": 20,
      "17": 9,
      "18": 2,
      "19": 20,
      "20": 6,
      "21": 3,
      "22": 20,
      "23": 0,
      "24": 0,
      "25": 0,
      "26": 2,
      "27": 0,
      "28": 40,
      "29": 0,
      "30": 15,
      "31": 20,
      "32": 10,
      "33": 0,
      "34": 2,
      "35": 4,
      "36": 2,
      "37": 9,
      "38": 7,
      "39": 2,
      "40": 5,
      "41": 17,
      "42": 4,
      "43": 31,
      "44": 10,
      "45": 7,
      "46": 7,
      "47": 9,
      "48": 6,
      "49": 3
    },
    "n_agents": 50,
    "mean_rank_1based": 10.86,
    "median_rank_1based": 7.5,
    "std_rank": 10.137080447545042,
    "top1_rate": 0.14,
    "top3_rate": 0.28,
    "mean_score": 0.7987755102040817,
    "gini_score": 0.13466530403679156,
    "hist_1based": {
      "1": 7,
      "2": 1,
      "3": 6,
      "4": 3,
      "5": 4,
      "6": 2,
      "7": 2,
      "8": 3,
      "9": 0,
      "10": 4,
      "11": 2,
      "12": 0,
      "13": 0,
      "14": 0,
      "15": 2,
      "16": 2,
      "17": 1,
      "18": 2,
      "19": 0,
      "20": 0,
      "21": 4,
      "22": 0,
      "23": 0,
      "24": 0,
      "25": 1,
      "26": 0,
      "27": 0,
      "28": 0,
      "29": 0,
      "30": 0,
      "31": 0,
      "32": 1,
      "33": 0,
      "34": 0,
      "35": 1,
      "36": 0,
      "37": 0,
      "38": 0,
      "39": 0,
      "40": 1,
      "41": 1,
      "42": 0,
      "43": 0,
      "44": 0,
      "45": 0,
      "46": 0,
      "47": 0,
      "48": 0,
      "49": 0,
      "50": 0
    }
  },
  "schools": {
    "ranks_0based": {
      "0": 5,
      "1": 0,
      "2": 1,
      "3": 2,
      "4": 3,
      "5": 5,
      "6": 5,
      "7": 7,
      "8": 9,
      "9": 2,
      "10": 11,
      "11": 2,
      "12": 1,
      "13": 0,
      "14": 0,
      "15": 2,
      "16": 0,
      "17": 0,
      "18": 6,
      "19": 3,
      "20": 1,
      "21": 17,
      "22": 5,
      "23": 3,
      "24": 1,
      "25": 0,
      "26": 3,
      "27": 0,
      "28": 4,
      "29": 0,
      "30": 2,
      "31": 6,
      "32": 2,
      "33": 0,
      "34": 8,
      "35": 4,
      "36": 10,
      "37": 7,
      "38": 10,
      "39": 1,
      "40": 0,
      "41": 2,
      "42": 3,
      "43": 7,
      "44": 0,
      "45": 5,
      "46": 1,
      "47": 0,
      "48": 2,
      "49": 4
    },
    "n_agents": 50,
    "mean_rank_1based": 4.44,
    "median_rank_1based": 3.0,
    "std_rank": 3.5730099356145093,
    "top1_rate": 0.24,
    "top3_rate": 0.52,
    "mean_score": 0.929795918367347,
    "gini_score": 0.04082528533801599,
    "hist_1based": {
      "1": 12,
      "2": 6,
      "3": 8,
      "4": 5,
      "5": 3,
      "6": 5,
      "7": 2,
      "8": 3,
      "9": 1,
      "10": 1,
      "11": 2,
      "12": 1,
      "13": 0,
      "14": 0,
      "15": 0,
      "16": 0,
      "17": 0,
      "18": 1,
      "19": 0,
      "20": 0,
      "21": 0,
      "22": 0,
      "23": 0,
      "24": 0,
      "25": 0,
      "26": 0,
      "27": 0,
      "28": 0,
      "29": 0,
      "30": 0,
      "31": 0,
      "32": 0,
      "33": 0,
      "34": 0,
      "35": 0,
      "36": 0,
      "37": 0,
      "38": 0,
      "39": 0,
      "40": 0,
      "41": 0,
      "42": 0,
      "43": 0,
      "44": 0,
      "45": 0,
      "46": 0,
      "47": 0,
      "48": 0,
      "49": 0,
      "50": 0
    }
  }
}