{
  "mode": "DA_S",
  "stable": true,
  "students": {
    "ranks_0based": {
      "0": 20,
      "1": 48,
      "2": 28,
      "3": 18,
      "4": 0,
      "5": 31,
      "6": 6,
      "7": 7,
      "8": 5,
      "9": 38,
      "10": 8,
      "11": 44,
      "12": 27,
      "13": 37,
      "14": 10,
      "15": 34,
      "16": 68,
      "17": 25,
      "18": 24,
      "19": 45,
      "20": 12,
      "21": 23,
      "22": 29,
      "23": 3,
      "24": 5,
      "25": 11,
      "26": 24,
      "27": 10,
      "28": 18,
      "29": 17,
      "30": 50,
      "31": 40,
      "32": 10,
      "33": 25,
      "34": 5,
      "35": 21,
      "36": 68,
      "37": 26,
      "38": 10,
      "39": 22,
      "40": 5,
      "41": 13,
      "42": 5,
      "43": 16,
      "44": 46,
      "45": 81,
      "46": 23,
      "47": 12,
      "48": 5,
      "49": 14,
      "50": 77,
      "51": 43,
      "52": 9,
      "53": 53,
      "54": 28,
      "55": 8,
      "56": 2,
      "57": 52,
      "58": 9,
      "59": 49,
      "60": 16,
      "61": 8,
      "62": 40,
      "63": 9,
      "64": 25,
      "65": 2,
      "66": 13,
      "67": 10,
      "68": 12,
      "69": 4,
      "70": 3,
      "71": 2,
      "72": 14,
      "73": 4,
      "74": 60,
      "75": 12,
      "76": 11,
      "77": 58,
      "78": 39,
      "79": 28,
      "80": 26,
      "81": 28,
      "82": 14,
      "83": 14,
      "84": 0,
      "85": 5,
      "86": 1,
      "87": 39,
      "88": 3,
      "89": 38,
      "90": 7,
      "91": 38,
      "92": 21,
      "93": 74,
      "94": 46,
      "95": 12,
      "96": 8,
      "97": 57,
      "98": 8,
      "99": 33
    },
    "n_agents": 100,
    "mean_rank_1based": 24.44,
    "median_rank_1based": 18.5,
    "std_rank": 19.30767722953748,
    "top1_rate": 0.02,
    "top3_rate": 0.06,
    "mean_score": 0.7632323232323233,
    "gini_score": 0.13872948650079509,
    "hist_1based": {
      "1": 2,
      "2": 1,
      "3": 3,
      "4": 3,
      "5": 2,
      "6": 7,
      "7": 1,
      "8": 2,
      "9": 5,
      "10": 3,
      "11": 5,
      "12": 2,
      "13": 5,
      "14": 2,
      "15": 4,
      "16": 0,
      "17": 2,
      "18": 1,
      "19": 2,
      "20": 0,
      "21": 1,
      "22": 2,
      "23": 1,
      "24": 2,
      "25": 2,
      "26": 3,
      "27": 2,
      "28": 1,
      "29": 4,
      "30": 1,
      "31": 0,
      "32": 1,
      "33": 0,
      "34": 1,
      "35": 1,
      "36": 0,
      "37": 0,
      "38": 1,
      "39": 3,
      "40": 2,
      "41": 2,
      "42": 0,
      "43": 0,
      "44": 1,
      "45": 1,
      "46": 1,
      "47": 2,
      "48": 0,
      "49": 1,
      "50": 1,
      "51": 1,
      "52": 0,
      "53": 1,
      "54": 1,
      "55": 0,
      "56": 0,
      "57": 0,
      "58": 1,
      "59": 1,
      "60": 0,
      "61": 1,
      "62": 0,
      "63": 0,
      "64": 0,
      "65": 0,
      "66": 0,
      "67": 0,
      "68": 0,
      "69": 2,
      "70": 0,
      "71": 0,
      "72": 0,
      "73": 0,
      "74": 0,
      "75": 1,
      "76": 0,
      "77": 0,
      "78": 1,
      "79": 0,
      "80": 0,
      "81": 0,
      "82": 1,
      "83": 0,
      "84": 0,
      "85": 0,
      "86": 0,
      "87": 0,
      "88": 0,
      "89": 0,
      "90": 0,
      "91": 0,
      "92": 0,
      "93": 0,
      "94": 0,
      "95": 0,
      "96": 0,
      "97": 0,
      "98": 0,
      "99": 0,
      "100": 0
    }
  },
  "schools": {
    "ranks_0based": {
      "0": 1,
      "1": 0,
      "2": 7,
      "3": 3,
      "4": 0,
      "5": 1,
      "6": 0,
      "7": 6,
      "8": 0,
      "9": 5,
      "10": 2,
      "11": 0,
      "12": 0,
      "13": 0,
      "14": 0,
      "15": 8,
      "16": 0,
      "17": 1,
      "18": 2,
      "19": 3,
      "20": 0,
      "21": 1,
      "22": 2,
      "23": 0,
      "24": 0,
      "25": 9,
      "26": 1,
      "27": 1,
      "28": 4,
      "29": 3,
      "30": 4,
      "31": 1,
      "32": 1,
      "33": 2,
      "34": 5,
      "35": 3,
      "36": 1,
      "37": 1,
      "38": 0,
      "39": 2,
      "40": 1,
      "41": 1,
      "42": 10,
      "43": 4,
      "44": 0,
      "45": 6,
      "46": 2,
      "47": 0,
      "48": 3,
      "49": 1,
      "50": 0,
      "51": 14,
      "52": 1,
      "53": 0,
      "54": 4,
      "55": 0,
      "56": 5,
      "57": 1,
      "58": 0,
      "59": 1,
      "60": 11,
      "61": 6,
      "62": 4,
      "63": 0,
      "64": 3,
      "65": 1,
      "66": 3,
      "67": 0,
      "68": 3,
      "69": 17,
      "70": 5,
      "71": 1,
      "72": 1,
      "73": 5,
      "74": 0,
      "75": 3,
      "76": 1,
      "77": 2,
      "78": 4,
      "79": 3,
      "80": 0,
      "81": 5,
      "82": 0,
      "83": 0,
      "84": 10,
      "85": 3,
      "86": 2,
      "87": 3,
      "88": 4,
      "89": 4,
      "90": 0,
      "91": 4,
      "92": 1,
      "93": 1,
      "94": 0,
      "95": 1,
      "96": 6,
      "97": 0,
      "98": 1,
      "99": 8
    },
    "n_agents": 100,
    "mean_rank_1based": 3.6,
    "median_rank_1based": 2.0,
    "std_rank": 3.146426544510455,
    "top1_rate": 0.28,
    "top3_rate": 0.6,
    "mean_score": 0.9737373737373738,
    "gini_score": 0.015941908713693165,
    "hist_1based": {
      "1": 28,
      "2": 24,
      "3": 8,
      "4": 12,
      "5": 9,
      "6": 6,
      "7": 4,
      "8": 1,
      "9": 2,
      "10": 1,
      "11": 2,
      "12": 1,
      "13": 0,
      "14": 0,
      "15": 1,
      "16": 0,
      "17": 0,
      "18": 1,
      "19": 0,
      "20": 0,
      "21": 0,
      "22": 0,
      "23": 0,
      "24": 0,
      "25": 0,
      "26": 0,
      "27": 0,
      "28": 0,
      "29": 0,
      "30": 0,
      "31": 0,
      "32": 0,
      "33": 0,
      "34": 0,
      "35": 0,
      "36": 0,
      "37": 0,
      "38": 0,
      "39": 0,
      "40": 0,
      "41": 0,
      "42": 0,
      "43": 0,
      "44": 0,
      "45": 0,
      "46": 0,
      "47": 0,
      "48": 0,
      "49": 0,
      "50": 0,
      "51": 0,
      "52": 0,
      "53": 0,
      "54": 0,
      "55": 0,
      "56": 0,
      "57": 0,
      "58": 0,
      "59": 0,
      "60": 0,
      "61": 0,
      "62": 0,
      "63": 0,
      "64": 0,
      "65": 0,
      "66": 0,
      "67": 0,
      "68": 0,
      "69": 0,
      "70": 0,
      "71": 0,
      "72": 0,
      "73": 0,
      "74": 0,
      "75": 0,
      "76": 0,
      "77": 0,
      "78": 0,
      "79": 0,
      "80": 0,
      "81": 0,
      "82": 0,
      "83": 0,
      "84": 0,
      "85": 0,
      "86": 0,
      "87": 0,
      "88": 0,
      "89": 0,
      "90": 0,
      "91": 0,
      "92": 0,
      "93": 0,
      "94": 0,
      "95": 0,
      "96": 0,
      "97": 0,
      "98": 0,
      "99": 0,
      "100": 0
    }
  }
}