{
  "mode": "DA_S",
  "stable": true,
  "students": {
    "ranks_0based": {
      "0": 9,
      "1": 3,
      "2": 17,
      "3": 12,
      "4": 3,
      "5": 3,
      "6": 3,
      "7": 4,
      "8": 9,
      "9": 1,
      "10": 2,
      "11": 5,
      "12": 5,
      "13": 12,
      "14": 4,
      "15": 5,
      "16": 3,
      "17": 18,
      "18": 9,
      "19": 2
    },
    "n_agents": 20,
    "mean_rank_1based": 7.45,
    "median_rank_1based": 5.5,
    "std_rank": 4.862869523234198,
    "top1_rate": 0.0,
    "top3_rate": 0.15,
    "mean_score": 0.6605263157894737,
    "gini_score": 0.20338645418326684,
    "hist_1based": {
      "1": 0,
      "2": 1,
      "3": 2,
      "4": 5,
      "5": 2,
      "6": 3,
      "7": 0,
      "8": 0,
      "9": 0,
      "10": 3,
      "11": 0,
      "12": 0,
      "13": 2,
      "14": 0,
      "15": 0,
      "16": 0,
      "17": 0,
      "18": 1,
      "19": 1,
      "20": 0
    }
  },
  "schools": {
    "ranks_0based": {
      "0": 3,
      "1": 2,
      "2": 4,
      "3": 3,
      "4": 1,
      "5": 2,
      "6": 2,
      "7": 4,
      "8": 0,
      "9": 1,
      "10": 3,
      "11": 1,
      "12": 1,
      "13": 0,
      "14": 1,
      "15": 0,
      "16": 2,
      "17": 5,
      "18": 3,
      "19": 5
    },
    "n_agents": 20,
    "mean_rank_1based": 3.15,
    "median_rank_1based": 3.0,
    "std_rank": 1.5256146302392357,
    "top1_rate": 0.15,
    "top3_rate": 0.6,
    "mean_score": 0.8868421052631579,
    "gini_score": 0.050890207715133196,
    "hist_1based": {
      "1": 3,
      "2": 5,
      "3": 4,
      "4": 4,
      "5": 2,
      "6": 2,
      "7": 0,
      "8": 0,
      "9": 0,
      "10": 0,
      "11": 0,
      "12": 0,
      "13": 0,
      "14": 0,
      "15": 0,
      "16": 0,
      "17": 0,
      "18": 0,
      "19": 0,
      "20": 0
    }
  }
}