{
  "mode": "DA_E",
  "stable": true,
  "students": {
    "ranks_0based": {
      "0": 1,
      "1": 7,
      "2": 1,
      "3": 7,
      "4": 6,
      "5": 6,
      "6": 13,
      "7": 5,
      "8": 6,
      "9": 7,
      "10": 7,
      "11": 2,
      "12": 1,
      "13": 2,
      "14": 20,
      "15": 7,
      "16": 14,
      "17": 0,
      "18": 2,
      "19": 3,
      "20": 4,
      "21": 4,
      "22": 4,
      "23": 5,
      "24": 7,
      "25": 2,
      "26": 2,
      "27": 1,
      "28": 3,
      "29": 0,
      "30": 3,
      "31": 16,
      "32": 0,
      "33": 9,
      "34": 0,
      "35": 3,
      "36": 5,
      "37": 4,
      "38": 1,
      "39": 14,
      "40": 0,
      "41": 4,
      "42": 8,
      "43": 6,
      "44": 4,
      "45": 3,
      "46": 2,
      "47": 1,
      "48": 2,
      "49": 1
    },
    "n_agents": 50,
    "mean_rank_1based": 5.7,
    "median_rank_1based": 5.0,
    "std_rank": 4.350861983561418,
    "top1_rate": 0.1,
    "top3_rate": 0.38,
    "mean_score": 0.9040816326530612,
    "gini_score": 0.05032054176072265,
    "hist_1based": {
      "1": 5,
      "2": 7,
      "3": 7,
      "4": 5,
      "5": 6,
      "6": 3,
      "7": 4,
      "8": 6,
      "9": 1,
      "10": 1,
      "11": 0,
      "12": 0,
      "13": 0,
      "14": 1,
      "15": 2,
      "16": 0,
      "17": 1,
      "18": 0,
      "19": 0,
      "20": 0,
      "21": 1,
      "22": 0,
      "23": 0,
      "24": 0,
      "25": 0,
      "26": 0,
      "27": 0,
      "28": 0,
      "29": 0,
      "30": 0,
      "31": 0,
      "32": 0,
      "33": 0,
      "34": 0,
      "35": 0,
      "36": 0,
      "37": 0,
      "38": 0,
      "39": 0,
      "40": 0,
      "41": 0,
      "42": 0,
      "43": 0,
      "44": 0,
      "45": 0,
      "46": 0,
      "47": 0,
      "48": 0,
      "49": 0,
      "50": 0
    }
  },
  "schools": {
    "ranks_0based": {
      "0": 2,
      "1": 11,
      "2": 2,
      "3": 4,
      "4": 3,
      "5": 15,
      "6": 4,
      "7": 1,
      "8": 0,
      "9": 4,
      "10": 38,
      "11": 1,
      "12": 5,
      "13": 10,
      "14": 14,
      "15": 4,
      "16": 25,
      "17": 8,
      "18": 7,
      "19": 4,
      "20": 3,
      "21": 14,
      "22": 0,
      "23": 6,
      "24": 1,
      "25": 6,
      "26": 13,
      "27": 0,
      "28": 41,
      "29": 0,
      "30": 6,
      "31": 9,
      "32": 13,
      "33": 8,
      "34": 12,
      "35": 1,
      "36": 3,
      "37": 3,
      "38": 8,
      "39": 17,
      "40": 4,
      "41": 1,
      "42": 1,
      "43": 3,
      "44": 8,
      "45": 0,
      "46": 1,
      "47": 6,
      "48": 17,
      "49": 5
    },
    "n_agents": 50,
    "mean_rank_1based": 8.44,
    "median_rank_1based": 5.5,
    "std_rank": 8.504492930210478,
    "top1_rate": 0.1,
    "top3_rate": 0.28,
    "mean_score": 0.8481632653061224,
    "gini_score": 0.09651588065447547,
    "hist_1based": {
      "1": 5,
      "2": 7,
      "3": 2,
      "4": 5,
      "5": 6,
      "6": 2,
      "7": 4,
      "8": 1,
      "9": 4,
      "10": 1,
      "11": 1,
      "12": 1,
      "13": 1,
      "14": 2,
      "15": 2,
      "16": 1,
      "17": 0,
      "18": 2,
      "19": 0,
      "20": 0,
      "21": 0,
      "22": 0,
      "23": 0,
      "24": 0,
      "25": 0,
      "26": 1,
      "27": 0,
      "28": 0,
      "29": 0,
      "30": 0,
      "31": 0,
      "32": 0,
      "33": 0,
      "34": 0,
      "35": 0,
      "36": 0,
      "37": 0,
      "38": 0,
      "39": 1,
      "40": 0,
      "41": 0,
      "42": 1,
      "43": 0,
      "44": 0,
      "45": 0,
      "46": 0,
      "47": 0,
      "48": 0,
      "49": 0,
      "50": 0
    }
  }
}