{
  "mode": "DA_S",
  "stable": true,
  "students": {
    "ranks_0based": {
      "0": 1,
      "1": 12,
      "2": 1,
      "3": 10,
      "4": 6,
      "5": 6,
      "6": 13,
      "7": 5,
      "8": 6,
      "9": 16,
      "10": 35,
      "11": 2,
      "12": 12,
      "13": 2,
      "14": 32,
      "15": 7,
      "16": 26,
      "17": 11,
      "18": 2,
      "19": 8,
      "20": 21,
      "21": 4,
      "22": 4,
      "23": 5,
      "24": 10,
      "25": 4,
      "26": 2,
      "27": 1,
      "28": 3,
      "29": 0,
      "30": 12,
      "31": 16,
      "32": 0,
      "33": 9,
      "34": 0,
      "35": 3,
      "36": 5,
      "37": 7,
      "38": 1,
      "39": 19,
      "40": 0,
      "41": 4,
      "42": 18,
      "43": 13,
      "44": 12,
      "45": 3,
      "46": 2,
      "47": 1,
      "48": 5,
      "49": 7
    },
    "n_agents": 50,
    "mean_rank_1based": 9.08,
    "median_rank_1based": 6.5,
    "std_rank": 7.936850760849671,
    "top1_rate": 0.08,
    "top3_rate": 0.28,
    "mean_score": 0.8351020408163266,
    "gini_score": 0.09951124144672607,
    "hist_1based": {
      "1": 4,
      "2": 5,
      "3": 5,
      "4": 3,
      "5": 4,
      "6": 4,
      "7": 3,
      "8": 3,
      "9": 1,
      "10": 1,
      "11": 2,
      "12": 1,
      "13": 4,
      "14": 2,
      "15": 0,
      "16": 0,
      "17": 2,
      "18": 0,
      "19": 1,
      "20": 1,
      "21": 0,
      "22": 1,
      "23": 0,
      "24": 0,
      "25": 0,
      "26": 0,
      "27": 1,
      "28": 0,
      "29": 0,
      "30": 0,
      "31": 0,
      "32": 0,
      "33": 1,
      "34": 0,
      "35": 0,
      "36": 1,
      "37": 0,
      "38": 0,
      "39": 0,
      "40": 0,
      "41": 0,
      "42": 0,
      "43": 0,
      "44": 0,
      "45": 0,
      "46": 0,
      "47": 0,
      "48": 0,
      "49": 0,
      "50": 0
    }
  },
  "schools": {
    "ranks_0based": {
      "0": 2,
      "1": 2,
      "2": 2,
      "3": 4,
      "4": 3,
      "5": 13,
      "6": 4,
      "7": 1,
      "8": 0,
      "9": 4,
      "10": 2,
      "11": 1,
      "12": 4,
      "13": 6,
      "14": 4,
      "15": 4,
      "16": 1,
      "17": 8,
      "18": 6,
      "19": 0,
      "20": 3,
      "21": 5,
      "22": 0,
      "23": 6,
      "24": 0,
      "25": 6,
      "26": 13,
      "27": 0,
      "28": 1,
      "29": 0,
      "30": 4,
      "31": 9,
      "32": 5,
      "33": 8,
      "34": 10,
      "35": 1,
      "36": 3,
      "37": 3,
      "38": 8,
      "39": 0,
      "40": 0,
      "41": 1,
      "42": 1,
      "43": 3,
      "44": 8,
      "45": 0,
      "46": 1,
      "47": 0,
      "48": 6,
      "49": 1
    },
    "n_agents": 50,
    "mean_rank_1based": 4.54,
    "median_rank_1based": 4.0,
    "std_rank": 3.3478948609536707,
    "top1_rate": 0.2,
    "top3_rate": 0.46,
    "mean_score": 0.9277551020408163,
    "gini_score": 0.03974483062032541,
    "hist_1based": {
      "1": 10,
      "2": 9,
      "3": 4,
      "4": 5,
      "5": 7,
      "6": 2,
      "7": 5,
      "8": 0,
      "9": 4,
      "10": 1,
      "11": 1,
      "12": 0,
      "13": 0,
      "14": 2,
      "15": 0,
      "16": 0,
      "17": 0,
      "18": 0,
      "19": 0,
      "20": 0,
      "21": 0,
      "22": 0,
      "23": 0,
      "24": 0,
      "25": 0,
      "26": 0,
      "27": 0,
      "28": 0,
      "29": 0,
      "30": 0,
      "31": 0,
      "32": 0,
      "33": 0,
      "34": 0,
      "35": 0,
      "36": 0,
      "37": 0,
      "38": 0,
      "39": 0,
      "40": 0,
      "41": 0,
      "42": 0,
      "43": 0,
      "44": 0,
      "45": 0,
      "46": 0,
      "47": 0,
      "48": 0,
      "49": 0,
      "50": 0
    }
  }
}