{
  "mode": "DA_S",
  "stable": true,
  "students": {
    "ranks_0based": {
      "0": 3,
      "1": 0,
      "2": 9,
      "3": 0,
      "4": 3,
      "5": 1,
      "6": 1,
      "7": 3,
      "8": 3,
      "9": 1
    },
    "n_agents": 10,
    "mean_rank_1based": 3.4,
    "median_rank_1based": 3.0,
    "std_rank": 2.4979991993593593,
    "top1_rate": 0.2,
    "top3_rate": 0.5,
    "mean_score": 0.7333333333333334,
    "gini_score": 0.18181818181818166,
    "hist_1based": {
      "1": 2,
      "2": 3,
      "3": 0,
      "4": 4,
      "5": 0,
      "6": 0,
      "7": 0,
      "8": 0,
      "9": 0,
      "10": 1
    }
  },
  "schools": {
    "ranks_0based": {
      "0": 0,
      "1": 2,
      "2": 3,
      "3": 0,
      "4": 2,
      "5": 1,
      "6": 0,
      "7": 4,
      "8": 1,
      "9": 0
    },
    "n_agents": 10,
    "mean_rank_1based": 2.3,
    "median_rank_1based": 2.0,
    "std_rank": 1.3453624047073711,
    "top1_rate": 0.4,
    "top3_rate": 0.8,
    "mean_score": 0.8555555555555555,
    "gini_score": 0.09480519480519467,
    "hist_1based": {
      "1": 4,
      "2": 2,
      "3": 2,
      "4": 1,
      "5": 1,
      "6": 0,
      "7": 0,
      "8": 0,
      "9": 0,
      "10": 0
    }
  }
}