{
  "mode": "DA_E",
  "stable": true,
  "students": {
    "ranks_0based": {
      "0": 0,
      "1": 0,
      "2": 2,
      "3": 2,
      "4": 5,
      "5": 2,
      "6": 0,
      "7": 1,
      "8": 0,
      "9": 0,
      "10": 1,
      "11": 0,
      "12": 1,
      "13": 3,
      "14": 3,
      "15": 0,
      "16": 0,
      "17": 2,
      "18": 1,
      "19": 6
    },
    "n_agents": 20,
    "mean_rank_1based": 2.45,
    "median_rank_1based": 2.0,
    "std_rank": 1.6874537030686205,
    "top1_rate": 0.4,
    "top3_rate": 0.8,
    "mean_score": 0.9236842105263158,
    "gini_score": 0.04943019943019955,
    "hist_1based": {
      "1": 8,
      "2": 4,
      "3": 4,
      "4": 2,
      "5": 0,
      "6": 1,
      "7": 1,
      "8": 0,
      "9": 0,
      "10": 0,
      "11": 0,
      "12": 0,
      "13": 0,
      "14": 0,
      "15": 0,
      "16": 0,
      "17": 0,
      "18": 0,
      "19": 0,
      "20": 0
    }
  },
  "schools": {
    "ranks_0based": {
      "0": 15,
      "1": 4,
      "2": 7,
      "3": 6,
      "4": 2,
      "5": 8,
      "6": 1,
      "7": 8,
      "8": 0,
      "9": 0,
      "10": 12,
      "11": 2,
      "12": 0,
      "13": 9,
      "14": 7,
      "15": 3,
      "16": 3,
      "17": 7,
      "18": 9,
      "19": 6
    },
    "n_agents": 20,
    "mean_rank_1based": 6.45,
    "median_rank_1based": 7.0,
    "std_rank": 4.043204174908806,
    "top1_rate": 0.15,
    "top3_rate": 0.3,
    "mean_score": 0.7131578947368421,
    "gini_score": 0.1669741697416971,
    "hist_1based": {
      "1": 3,
      "2": 1,
      "3": 2,
      "4": 2,
      "5": 1,
      "6": 0,
      "7": 2,
      "8": 3,
      "9": 2,
      "10": 2,
      "11": 0,
      "12": 0,
      "13": 1,
      "14": 0,
      "15": 0,
      "16": 1,
      "17": 0,
      "18": 0,
      "19": 0,
      "20": 0
    }
  }
}