{
  "mode": "DA_E",
  "stable": true,
  "students": {
    "ranks_0based": {
      "0": 2,
      "1": 4,
      "2": 13,
      "3": 3,
      "4": 8,
      "5": 8,
      "6": 2,
      "7": 0,
      "8": 0,
      "9": 5,
      "10": 9,
      "11": 1,
      "12": 2,
      "13": 8,
      "14": 0,
      "15": 0,
      "16": 7,
      "17": 2,
      "18": 3,
      "19": 2,
      "20": 17,
      "21": 0,
      "22": 2,
      "23": 7,
      "24": 7,
      "25": 0,
      "26": 3,
      "27": 4,
      "28": 12,
      "29": 2,
      "30": 0,
      "31": 5,
      "32": 2,
      "33": 3,
      "34": 0,
      "35": 0,
      "36": 8,
      "37": 1,
      "38": 21,
      "39": 9,
      "40": 7,
      "41": 2,
      "42": 3,
      "43": 11,
      "44": 5,
      "45": 0,
      "46": 6,
      "47": 2,
      "48": 2,
      "49": 2,
      "50": 4,
      "51": 8,
      "52": 5,
      "53": 6,
      "54": 7,
      "55": 3,
      "56": 12,
      "57": 0,
      "58": 1,
      "59": 0,
      "60": 7,
      "61": 0,
      "62": 1,
      "63": 0,
      "64": 7,
      "65": 10,
      "66": 4,
      "67": 0,
      "68": 2,
      "69": 1,
      "70": 5,
      "71": 1,
      "72": 3,
      "73": 9,
      "74": 2,
      "75": 2,
      "76": 4,
      "77": 1,
      "78": 7,
      "79": 0,
      "80": 2,
      "81": 5,
      "82": 1,
      "83": 3,
      "84": 3,
      "85": 1,
      "86": 1,
      "87": 0,
      "88": 7,
      "89": 2,
      "90": 9,
      "91": 2,
      "92": 0,
      "93": 8,
      "94": 2,
      "95": 9,
      "96": 1,
      "97": 7,
      "98": 16,
      "99": 4
    },
    "n_agents": 100,
    "mean_rank_1based": 5.17,
    "median_rank_1based": 4.0,
    "std_rank": 4.111094744712167,
    "top1_rate": 0.18,
    "top3_rate": 0.48,
    "mean_score": 0.9578787878787879,
    "gini_score": 0.022652114309817728,
    "hist_1based": {
      "1": 18,
      "2": 11,
      "3": 19,
      "4": 9,
      "5": 6,
      "6": 6,
      "7": 2,
      "8": 10,
      "9": 6,
      "10": 5,
      "11": 1,
      "12": 1,
      "13": 2,
      "14": 1,
      "15": 0,
      "16": 0,
      "17": 1,
      "18": 1,
      "19": 0,
      "20": 0,
      "21": 0,
      "22": 1,
      "23": 0,
      "24": 0,
      "25": 0,
      "26": 0,
      "27": 0,
      "28": 0,
      "29": 0,
      "30": 0,
      "31": 0,
      "32": 0,
      "33": 0,
      "34": 0,
      "35": 0,
      "36": 0,
      "37": 0,
      "38": 0,
      "39": 0,
      "40": 0,
      "41": 0,
      "42": 0,
      "43": 0,
      "44": 0,
      "45": 0,
      "46": 0,
      "47": 0,
      "48": 0,
      "49": 0,
      "50": 0,
      "51": 0,
      "52": 0,
      "53": 0,
      "54": 0,
      "55": 0,
      "56": 0,
      "57": 0,
      "58": 0,
      "59": 0,
      "60": 0,
      "61": 0,
      "62": 0,
      "63": 0,
      "64": 0,
      "65": 0,
      "66": 0,
      "67": 0,
      "68": 0,
      "69": 0,
      "70": 0,
      "71": 0,
      "72": 0,
      "73": 0,
      "74": 0,
      "75": 0,
      "76": 0,
      "77": 0,
      "78": 0,
      "79": 0,
      "80": 0,
      "81": 0,
      "82": 0,
      "83": 0,
      "84": 0,
      "85": 0,
      "86": 0,
      "87": 0,
      "88": 0,
      "89": 0,
      "90": 0,
      "91": 0,
      "92": 0,
      "93": 0,
      "94": 0,
      "95": 0,
      "96": 0,
      "97": 0,
      "98": 0,
      "99": 0,
      "100": 0
    }
  },
  "schools": {
    "ranks_0based": {
      "0": 18,
      "1": 95,
      "2": 18,
      "3": 46,
      "4": 0,
      "5": 14,
      "6": 4,
      "7": 13,
      "8": 15,
      "9": 4,
      "10": 32,
      "11": 0,
      "12": 10,
      "13": 3,
      "14": 13,
      "15": 3,
      "16": 7,
      "17": 10,
      "18": 50,
      "19": 26,
      "20": 29,
      "21": 30,
      "22": 33,
      "23": 28,
      "24": 2,
      "25": 0,
      "26": 24,
      "27": 21,
      "28": 20,
      "29": 40,
      "30": 2,
      "31": 13,
      "32": 34,
      "33": 5,
      "34": 44,
      "35": 0,
      "36": 14,
      "37": 2,
      "38": 3,
      "39": 33,
      "40": 42,
      "41": 5,
      "42": 6,
      "43": 33,
      "44": 8,
      "45": 22,
      "46": 6,
      "47": 30,
      "48": 27,
      "49": 42,
      "50": 1,
      "51": 46,
      "52": 13,
      "53": 69,
      "54": 0,
      "55": 45,
      "56": 0,
      "57": 12,
      "58": 8,
      "59": 21,
      "60": 26,
      "61": 51,
      "62": 6,
      "63": 2,
      "64": 8,
      "65": 56,
      "66": 11,
      "67": 10,
      "68": 44,
      "69": 34,
      "70": 18,
      "71": 38,
      "72": 84,
      "73": 34,
      "74": 25,
      "75": 10,
      "76": 6,
      "77": 25,
      "78": 14,
      "79": 29,
      "80": 48,
      "81": 2,
      "82": 2,
      "83": 12,
      "84": 42,
      "85": 10,
      "86": 1,
      "87": 3,
      "88": 26,
      "89": 5,
      "90": 33,
      "91": 45,
      "92": 26,
      "93": 3,
      "94": 6,
      "95": 12,
      "96": 22,
      "97": 26,
      "98": 44,
      "99": 14
    },
    "n_agents": 100,
    "mean_rank_1based": 22.07,
    "median_rank_1based": 15.5,
    "std_rank": 18.7143020174411,
    "top1_rate": 0.06,
    "top3_rate": 0.14,
    "mean_score": 0.7871717171717172,
    "gini_score": 0.12856024637495245,
    "hist_1based": {
      "1": 6,
      "2": 2,
      "3": 6,
      "4": 5,
      "5": 2,
      "6": 3,
      "7": 5,
      "8": 1,
      "9": 3,
      "10": 0,
      "11": 5,
      "12": 1,
      "13": 3,
      "14": 4,
      "15": 4,
      "16": 1,
      "17": 0,
      "18": 0,
      "19": 3,
      "20": 0,
      "21": 1,
      "22": 2,
      "23": 2,
      "24": 0,
      "25": 1,
      "26": 2,
      "27": 5,
      "28": 1,
      "29": 1,
      "30": 2,
      "31": 2,
      "32": 0,
      "33": 1,
      "34": 4,
      "35": 3,
      "36": 0,
      "37": 0,
      "38": 0,
      "39": 1,
      "40": 0,
      "41": 1,
      "42": 0,
      "43": 3,
      "44": 0,
      "45": 3,
      "46": 2,
      "47": 2,
      "48": 0,
      "49": 1,
      "50": 0,
      "51": 1,
      "52": 1,
      "53": 0,
      "54": 0,
      "55": 0,
      "56": 0,
      "57": 1,
      "58": 0,
      "59": 0,
      "60": 0,
      "61": 0,
      "62": 0,
      "63": 0,
      "64": 0,
      "65": 0,
      "66": 0,
      "67": 0,
      "68": 0,
      "69": 0,
      "70": 1,
      "71": 0,
      "72": 0,
      "73": 0,
      "74": 0,
      "75": 0,
      "76": 0,
      "77": 0,
      "78": 0,
      "79": 0,
      "80": 0,
      "81": 0,
      "82": 0,
      "83": 0,
      "84": 0,
      "85": 1,
      "86": 0,
      "87": 0,
      "88": 0,
      "89": 0,
      "90": 0,
      "91": 0,
      "92": 0,
      "93": 0,
      "94": 0,
      "95": 0,
      "96": 1,
      "97": 0,
      "98": 0,
      "99": 0,
      "100": 0
    }
  }
}