{
  "mode": "DA_S",
  "stable": true,
  "students": {
    "ranks_0based": {
      "0": 9,
      "1": 11,
      "2": 4,
      "3": 19,
      "4": 4,
      "5": 0,
      "6": 15,
      "7": 23,
      "8": 30,
      "9": 11,
      "10": 7,
      "11": 2,
      "12": 13,
      "13": 10,
      "14": 13,
      "15": 4,
      "16": 6,
      "17": 6,
      "18": 59,
      "19": 10,
      "20": 10,
      "21": 20,
      "22": 1,
      "23": 5,
      "24": 43,
      "25": 12,
      "26": 15,
      "27": 35,
      "28": 9,
      "29": 57,
      "30": 15,
      "31": 31,
      "32": 18,
      "33": 31,
      "34": 9,
      "35": 30,
      "36": 33,
      "37": 0,
      "38": 33,
      "39": 26,
      "40": 11,
      "41": 12,
      "42": 11,
      "43": 6,
      "44": 19,
      "45": 1,
      "46": 27,
      "47": 6,
      "48": 11,
      "49": 8,
      "50": 16,
      "51": 2,
      "52": 29,
      "53": 31,
      "54": 16,
      "55": 9,
      "56": 9,
      "57": 0,
      "58": 41,
      "59": 0,
      "60": 12,
      "61": 0,
      "62": 3,
      "63": 36,
      "64": 12,
      "65": 21,
      "66": 28,
      "67": 7,
      "68": 3,
      "69": 6,
      "70": 10,
      "71": 10,
      "72": 17,
      "73": 22,
      "74": 3,
      "75": 13,
      "76": 1,
      "77": 52,
      "78": 3,
      "79": 0,
      "80": 14,
      "81": 1,
      "82": 0,
      "83": 22,
      "84": 9,
      "85": 8,
      "86": 55,
      "87": 5,
      "88": 0,
      "89": 73,
      "90": 17,
      "91": 6,
      "92": 28,
      "93": 28,
      "94": 10,
      "95": 3,
      "96": 6,
      "97": 25,
      "98": 2,
      "99": 2
    },
    "n_agents": 100,
    "mean_rank_1based": 16.27,
    "median_rank_1based": 12.0,
    "std_rank": 14.617014058965669,
    "top1_rate": 0.08,
    "top3_rate": 0.16,
    "mean_score": 0.8457575757575757,
    "gini_score": 0.09005493849277535,
    "hist_1based": {
      "1": 8,
      "2": 4,
      "3": 4,
      "4": 5,
      "5": 3,
      "6": 2,
      "7": 7,
      "8": 2,
      "9": 2,
      "10": 6,
      "11": 6,
      "12": 5,
      "13": 4,
      "14": 3,
      "15": 1,
      "16": 3,
      "17": 2,
      "18": 2,
      "19": 1,
      "20": 2,
      "21": 1,
      "22": 1,
      "23": 2,
      "24": 1,
      "25": 0,
      "26": 1,
      "27": 1,
      "28": 1,
      "29": 3,
      "30": 1,
      "31": 2,
      "32": 3,
      "33": 0,
      "34": 2,
      "35": 0,
      "36": 1,
      "37": 1,
      "38": 0,
      "39": 0,
      "40": 0,
      "41": 0,
      "42": 1,
      "43": 0,
      "44": 1,
      "45": 0,
      "46": 0,
      "47": 0,
      "48": 0,
      "49": 0,
      "50": 0,
      "51": 0,
      "52": 0,
      "53": 1,
      "54": 0,
      "55": 0,
      "56": 1,
      "57": 0,
      "58": 1,
      "59": 0,
      "60": 1,
      "61": 0,
      "62": 0,
      "63": 0,
      "64": 0,
      "65": 0,
      "66": 0,
      "67": 0,
      "68": 0,
      "69": 0,
      "70": 0,
      "71": 0,
      "72": 0,
      "73": 0,
      "74": 1,
      "75": 0,
      "76": 0,
      "77": 0,
      "78": 0,
      "79": 0,
      "80": 0,
      "81": 0,
      "82": 0,
      "83": 0,
      "84": 0,
      "85": 0,
      "86": 0,
      "87": 0,
      "88": 0,
      "89": 0,
      "90": 0,
      "91": 0,
      "92": 0,
      "93": 0,
      "94": 0,
      "95": 0,
      "96": 0,
      "97": 0,
      "98": 0,
      "99": 0,
      "100": 0
    }
  },
  "schools": {
    "ranks_0based": {
      "0": 2,
      "1": 5,
      "2": 19,
      "3": 1,
      "4": 0,
      "5": 7,
      "6": 5,
      "7": 4,
      "8": 1,
      "9": 0,
      "10": 7,
      "11": 0,
      "12": 0,
      "13": 14,
      "14": 1,
      "15": 6,
      "16": 0,
      "17": 11,
      "18": 3,
      "19": 2,
      "20": 0,
      "21": 2,
      "22": 0,
      "23": 4,
      "24": 4,
      "25": 4,
      "26": 1,
      "27": 0,
      "28": 5,
      "29": 6,
      "30": 3,
      "31": 7,
      "32": 5,
      "33": 8,
      "34": 2,
      "35": 2,
      "36": 0,
      "37": 6,
      "38": 11,
      "39": 7,
      "40": 7,
      "41": 4,
      "42": 0,
      "43": 0,
      "44": 0,
      "45": 0,
      "46": 7,
      "47": 4,
      "48": 5,
      "49": 12,
      "50": 10,
      "51": 3,
      "52": 10,
      "53": 44,
      "54": 8,
      "55": 7,
      "56": 9,
      "57": 4,
      "58": 11,
      "59": 11,
      "60": 5,
      "61": 3,
      "62": 1,
      "63": 0,
      "64": 1,
      "65": 4,
      "66": 10,
      "67": 2,
      "68": 4,
      "69": 0,
      "70": 9,
      "71": 1,
      "72": 3,
      "73": 3,
      "74": 0,
      "75": 4,
      "76": 11,
      "77": 9,
      "78": 1,
      "79": 0,
      "80": 10,
      "81": 7,
      "82": 1,
      "83": 4,
      "84": 8,
      "85": 6,
      "86": 0,
      "87": 15,
      "88": 13,
      "89": 11,
      "90": 14,
      "91": 2,
      "92": 0,
      "93": 9,
      "94": 9,
      "95": 0,
      "96": 13,
      "97": 5,
      "98": 5,
      "99": 11
    },
    "n_agents": 100,
    "mean_rank_1based": 6.35,
    "median_rank_1based": 5.0,
    "std_rank": 5.814421725330903,
    "top1_rate": 0.2,
    "top3_rate": 0.36,
    "mean_score": 0.945959595959596,
    "gini_score": 0.029434063000534083,
    "hist_1based": {
      "1": 20,
      "2": 9,
      "3": 7,
      "4": 6,
      "5": 11,
      "6": 8,
      "7": 4,
      "8": 8,
      "9": 3,
      "10": 5,
      "11": 4,
      "12": 7,
      "13": 1,
      "14": 2,
      "15": 2,
      "16": 1,
      "17": 0,
      "18": 0,
      "19": 0,
      "20": 1,
      "21": 0,
      "22": 0,
      "23": 0,
      "24": 0,
      "25": 0,
      "26": 0,
      "27": 0,
      "28": 0,
      "29": 0,
      "30": 0,
      "31": 0,
      "32": 0,
      "33": 0,
      "34": 0,
      "35": 0,
      "36": 0,
      "37": 0,
      "38": 0,
      "39": 0,
      "40": 0,
      "41": 0,
      "42": 0,
      "43": 0,
      "44": 0,
      "45": 1,
      "46": 0,
      "47": 0,
      "48": 0,
      "49": 0,
      "50": 0,
      "51": 0,
      "52": 0,
      "53": 0,
      "54": 0,
      "55": 0,
      "56": 0,
      "57": 0,
      "58": 0,
      "59": 0,
      "60": 0,
      "61": 0,
      "62": 0,
      "63": 0,
      "64": 0,
      "65": 0,
      "66": 0,
      "67": 0,
      "68": 0,
      "69": 0,
      "70": 0,
      "71": 0,
      "72": 0,
      "73": 0,
      "74": 0,
      "75": 0,
      "76": 0,
      "77": 0,
      "78": 0,
      "79": 0,
      "80": 0,
      "81": 0,
      "82": 0,
      "83": 0,
      "84": 0,
      "85": 0,
      "86": 0,
      "87": 0,
      "88": 0,
      "89": 0,
      "90": 0,
      "91": 0,
      "92": 0,
      "93": 0,
      "94": 0,
      "95": 0,
      "96": 0,
      "97": 0,
      "98": 0,
      "99": 0,
      "100": 0
    }
  }
}