{
  "mode": "DA_S",
  "stable": true,
  "students": {
    "ranks_0based": {
      "0": 3,
      "1": 2,
      "2": 3,
      "3": 2,
      "4": 6,
      "5": 0,
      "6": 0,
      "7": 5,
      "8": 3,
      "9": 2
    },
    "n_agents": 10,
    "mean_rank_1based": 3.6,
    "median_rank_1based": 3.5,
    "std_rank": 1.8,
    "top1_rate": 0.2,
    "top3_rate": 0.5,
    "mean_score": 0.7111111111111111,
    "gini_score": 0.15312499999999996,
    "hist_1based": {
      "1": 2,
      "2": 0,
      "3": 3,
      "4": 3,
      "5": 0,
      "6": 1,
      "7": 1,
      "8": 0,
      "9": 0,
      "10": 0
    }
  },
  "schools": {
    "ranks_0based": {
      "0": 0,
      "1": 4,
      "2": 0,
      "3": 3,
      "4": 1,
      "5": 2,
      "6": 3,
      "7": 0,
      "8": 4,
      "9": 1
    },
    "n_agents": 10,
    "mean_rank_1based": 2.8,
    "median_rank_1based": 2.5,
    "std_rank": 1.5362291495737217,
    "top1_rate": 0.3,
    "top3_rate": 0.6,
    "mean_score": 0.8,
    "gini_score": 0.11944444444444446,
    "hist_1based": {
      "1": 3,
      "2": 2,
      "3": 1,
      "4": 2,
      "5": 2,
      "6": 0,
      "7": 0,
      "8": 0,
      "9": 0,
      "10": 0
    }
  }
}