{
  "mode": "DA_E",
  "stable": true,
  "students": {
    "ranks_0based": {
      "0": 0,
      "1": 1,
      "2": 1,
      "3": 5,
      "4": 3,
      "5": 6,
      "6": 0,
      "7": 5,
      "8": 5,
      "9": 1,
      "10": 5,
      "11": 3,
      "12": 5,
      "13": 2,
      "14": 3,
      "15": 3,
      "16": 0,
      "17": 3,
      "18": 10,
      "19": 11,
      "20": 4,
      "21": 3,
      "22": 22,
      "23": 1,
      "24": 13,
      "25": 9,
      "26": 15,
      "27": 3,
      "28": 7,
      "29": 1,
      "30": 27,
      "31": 6,
      "32": 3,
      "33": 3,
      "34": 12,
      "35": 1,
      "36": 0,
      "37": 44,
      "38": 1,
      "39": 2,
      "40": 1,
      "41": 0,
      "42": 3,
      "43": 6,
      "44": 0,
      "45": 0,
      "46": 1,
      "47": 0,
      "48": 2,
      "49": 0,
      "50": 5,
      "51": 1,
      "52": 4,
      "53": 11,
      "54": 7,
      "55": 4,
      "56": 8,
      "57": 6,
      "58": 0,
      "59": 2,
      "60": 3,
      "61": 0,
      "62": 16,
      "63": 6,
      "64": 2,
      "65": 1,
      "66": 31,
      "67": 0,
      "68": 1,
      "69": 1,
      "70": 5,
      "71": 7,
      "72": 2,
      "73": 2,
      "74": 1,
      "75": 4,
      "76": 4,
      "77": 11,
      "78": 9,
      "79": 16,
      "80": 0,
      "81": 3,
      "82": 4,
      "83": 0,
      "84": 30,
      "85": 4,
      "86": 3,
      "87": 1,
      "88": 1,
      "89": 8,
      "90": 10,
      "91": 2,
      "92": 3,
      "93": 2,
      "94": 1,
      "95": 2,
      "96": 29,
      "97": 23,
      "98": 11,
      "99": 0
    },
    "n_agents": 100,
    "mean_rank_1based": 6.69,
    "median_rank_1based": 4.0,
    "std_rank": 7.722298880514791,
    "top1_rate": 0.15,
    "top3_rate": 0.42,
    "mean_score": 0.9425252525252525,
    "gini_score": 0.03682241989068746,
    "hist_1based": {
      "1": 15,
      "2": 17,
      "3": 10,
      "4": 14,
      "5": 7,
      "6": 7,
      "7": 5,
      "8": 3,
      "9": 2,
      "10": 2,
      "11": 2,
      "12": 4,
      "13": 1,
      "14": 1,
      "15": 0,
      "16": 1,
      "17": 2,
      "18": 0,
      "19": 0,
      "20": 0,
      "21": 0,
      "22": 0,
      "23": 1,
      "24": 1,
      "25": 0,
      "26": 0,
      "27": 0,
      "28": 1,
      "29": 0,
      "30": 1,
      "31": 1,
      "32": 1,
      "33": 0,
      "34": 0,
      "35": 0,
      "36": 0,
      "37": 0,
      "38": 0,
      "39": 0,
      "40": 0,
      "41": 0,
      "42": 0,
      "43": 0,
      "44": 0,
      "45": 1,
      "46": 0,
      "47": 0,
      "48": 0,
      "49": 0,
      "50": 0,
      "51": 0,
      "52": 0,
      "53": 0,
      "54": 0,
      "55": 0,
      "56": 0,
      "57": 0,
      "58": 0,
      "59": 0,
      "60": 0,
      "61": 0,
      "62": 0,
      "63": 0,
      "64": 0,
      "65": 0,
      "66": 0,
      "67": 0,
      "68": 0,
      "69": 0,
      "70": 0,
      "71": 0,
      "72": 0,
      "73": 0,
      "74": 0,
      "75": 0,
      "76": 0,
      "77": 0,
      "78": 0,
      "79": 0,
      "80": 0,
      "81": 0,
      "82": 0,
      "83": 0,
      "84": 0,
      "85": 0,
      "86": 0,
      "87": 0,
      "88": 0,
      "89": 0,
      "90": 0,
      "91": 0,
      "92": 0,
      "93": 0,
      "94": 0,
      "95": 0,
      "96": 0,
      "97": 0,
      "98": 0,
      "99": 0,
      "100": 0
    }
  },
  "schools": {
    "ranks_0based": {
      "0": 19,
      "1": 27,
      "2": 4,
      "3": 5,
      "4": 15,
      "5": 5,
      "6": 11,
      "7": 5,
      "8": 25,
      "9": 27,
      "10": 44,
      "11": 3,
      "12": 7,
      "13": 30,
      "14": 2,
      "15": 15,
      "16": 0,
      "17": 6,
      "18": 10,
      "19": 16,
      "20": 1,
      "21": 22,
      "22": 16,
      "23": 1,
      "24": 16,
      "25": 1,
      "26": 12,
      "27": 23,
      "28": 69,
      "29": 38,
      "30": 1,
      "31": 3,
      "32": 11,
      "33": 13,
      "34": 42,
      "35": 3,
      "36": 3,
      "37": 17,
      "38": 13,
      "39": 28,
      "40": 2,
      "41": 9,
      "42": 24,
      "43": 3,
      "44": 28,
      "45": 9,
      "46": 9,
      "47": 8,
      "48": 31,
      "49": 0,
      "50": 9,
      "51": 20,
      "52": 22,
      "53": 24,
      "54": 14,
      "55": 9,
      "56": 17,
      "57": 16,
      "58": 8,
      "59": 24,
      "60": 41,
      "61": 18,
      "62": 8,
      "63": 18,
      "64": 23,
      "65": 50,
      "66": 0,
      "67": 16,
      "68": 12,
      "69": 2,
      "70": 5,
      "71": 9,
      "72": 22,
      "73": 3,
      "74": 20,
      "75": 11,
      "76": 0,
      "77": 6,
      "78": 59,
      "79": 21,
      "80": 18,
      "81": 7,
      "82": 6,
      "83": 3,
      "84": 3,
      "85": 3,
      "86": 2,
      "87": 23,
      "88": 5,
      "89": 2,
      "90": 25,
      "91": 28,
      "92": 1,
      "93": 23,
      "94": 10,
      "95": 6,
      "96": 3,
      "97": 25,
      "98": 5,
      "99": 1
    },
    "n_agents": 100,
    "mean_rank_1based": 15.38,
    "median_rank_1based": 12.0,
    "std_rank": 13.114709299103811,
    "top1_rate": 0.04,
    "top3_rate": 0.15,
    "mean_score": 0.8547474747474747,
    "gini_score": 0.08077995745686684,
    "hist_1based": {
      "1": 4,
      "2": 6,
      "3": 5,
      "4": 10,
      "5": 1,
      "6": 6,
      "7": 4,
      "8": 2,
      "9": 3,
      "10": 6,
      "11": 2,
      "12": 3,
      "13": 2,
      "14": 2,
      "15": 1,
      "16": 2,
      "17": 5,
      "18": 2,
      "19": 3,
      "20": 1,
      "21": 2,
      "22": 1,
      "23": 3,
      "24": 4,
      "25": 3,
      "26": 3,
      "27": 0,
      "28": 2,
      "29": 3,
      "30": 0,
      "31": 1,
      "32": 1,
      "33": 0,
      "34": 0,
      "35": 0,
      "36": 0,
      "37": 0,
      "38": 0,
      "39": 1,
      "40": 0,
      "41": 0,
      "42": 1,
      "43": 1,
      "44": 0,
      "45": 1,
      "46": 0,
      "47": 0,
      "48": 0,
      "49": 0,
      "50": 0,
      "51": 1,
      "52": 0,
      "53": 0,
      "54": 0,
      "55": 0,
      "56": 0,
      "57": 0,
      "58": 0,
      "59": 0,
      "60": 1,
      "61": 0,
      "62": 0,
      "63": 0,
      "64": 0,
      "65": 0,
      "66": 0,
      "67": 0,
      "68": 0,
      "69": 0,
      "70": 1,
      "71": 0,
      "72": 0,
      "73": 0,
      "74": 0,
      "75": 0,
      "76": 0,
      "77": 0,
      "78": 0,
      "79": 0,
      "80": 0,
      "81": 0,
      "82": 0,
      "83": 0,
      "84": 0,
      "85": 0,
      "86": 0,
      "87": 0,
      "88": 0,
      "89": 0,
      "90": 0,
      "91": 0,
      "92": 0,
      "93": 0,
      "94": 0,
      "95": 0,
      "96": 0,
      "97": 0,
      "98": 0,
      "99": 0,
      "100": 0
    }
  }
}