{
  "mode": "DA_S",
  "stable": true,
  "students": {
    "ranks_0based": {
      "0": 11,
      "1": 30,
      "2": 13,
      "3": 27,
      "4": 6,
      "5": 6,
      "6": 47,
      "7": 7,
      "8": 25,
      "9": 12,
      "10": 5,
      "11": 5,
      "12": 30,
      "13": 18,
      "14": 17,
      "15": 4,
      "16": 7,
      "17": 15,
      "18": 7,
      "19": 24,
      "20": 26,
      "21": 17,
      "22": 3,
      "23": 17,
      "24": 2,
      "25": 22,
      "26": 37,
      "27": 32,
      "28": 20,
      "29": 36,
      "30": 19,
      "31": 14,
      "32": 5,
      "33": 8,
      "34": 14,
      "35": 13,
      "36": 21,
      "37": 22,
      "38": 24,
      "39": 6,
      "40": 21,
      "41": 7,
      "42": 7,
      "43": 9,
      "44": 11,
      "45": 32,
      "46": 8,
      "47": 17,
      "48": 4,
      "49": 27,
      "50": 12,
      "51": 38,
      "52": 2,
      "53": 4,
      "54": 1,
      "55": 39,
      "56": 5,
      "57": 38,
      "58": 2,
      "59": 36,
      "60": 40,
      "61": 1,
      "62": 10,
      "63": 63,
      "64": 24,
      "65": 0,
      "66": 0,
      "67": 3,
      "68": 49,
      "69": 11,
      "70": 13,
      "71": 34,
      "72": 1,
      "73": 3,
      "74": 28,
      "75": 4,
      "76": 29,
      "77": 0,
      "78": 1,
      "79": 0,
      "80": 1,
      "81": 1,
      "82": 17,
      "83": 1,
      "84": 38,
      "85": 9,
      "86": 11,
      "87": 45,
      "88": 2,
      "89": 2,
      "90": 5,
      "91": 21,
      "92": 18,
      "93": 15,
      "94": 59,
      "95": 22,
      "96": 34,
      "97": 55,
      "98": 1,
      "99": 30
    },
    "n_agents": 100,
    "mean_rank_1based": 17.95,
    "median_rank_1based": 14.0,
    "std_rank": 14.731853243906553,
    "top1_rate": 0.04,
    "top3_rate": 0.17,
    "mean_score": 0.8287878787878787,
    "gini_score": 0.0982900670322977,
    "hist_1based": {
      "1": 4,
      "2": 8,
      "3": 5,
      "4": 3,
      "5": 4,
      "6": 5,
      "7": 3,
      "8": 5,
      "9": 2,
      "10": 2,
      "11": 1,
      "12": 4,
      "13": 2,
      "14": 3,
      "15": 2,
      "16": 2,
      "17": 0,
      "18": 5,
      "19": 2,
      "20": 1,
      "21": 1,
      "22": 3,
      "23": 3,
      "24": 0,
      "25": 3,
      "26": 1,
      "27": 1,
      "28": 2,
      "29": 1,
      "30": 1,
      "31": 3,
      "32": 0,
      "33": 2,
      "34": 0,
      "35": 2,
      "36": 0,
      "37": 2,
      "38": 1,
      "39": 3,
      "40": 1,
      "41": 1,
      "42": 0,
      "43": 0,
      "44": 0,
      "45": 0,
      "46": 1,
      "47": 0,
      "48": 1,
      "49": 0,
      "50": 1,
      "51": 0,
      "52": 0,
      "53": 0,
      "54": 0,
      "55": 0,
      "56": 1,
      "57": 0,
      "58": 0,
      "59": 0,
      "60": 1,
      "61": 0,
      "62": 0,
      "63": 0,
      "64": 1,
      "65": 0,
      "66": 0,
      "67": 0,
      "68": 0,
      "69": 0,
      "70": 0,
      "71": 0,
      "72": 0,
      "73": 0,
      "74": 0,
      "75": 0,
      "76": 0,
      "77": 0,
      "78": 0,
      "79": 0,
      "80": 0,
      "81": 0,
      "82": 0,
      "83": 0,
      "84": 0,
      "85": 0,
      "86": 0,
      "87": 0,
      "88": 0,
      "89": 0,
      "90": 0,
      "91": 0,
      "92": 0,
      "93": 0,
      "94": 0,
      "95": 0,
      "96": 0,
      "97": 0,
      "98": 0,
      "99": 0,
      "100": 0
    }
  },
  "schools": {
    "ranks_0based": {
      "0": 8,
      "1": 2,
      "2": 5,
      "3": 0,
      "4": 6,
      "5": 0,
      "6": 1,
      "7": 24,
      "8": 14,
      "9": 2,
      "10": 0,
      "11": 4,
      "12": 0,
      "13": 0,
      "14": 2,
      "15": 4,
      "16": 2,
      "17": 5,
      "18": 20,
      "19": 3,
      "20": 8,
      "21": 7,
      "22": 0,
      "23": 0,
      "24": 2,
      "25": 0,
      "26": 9,
      "27": 0,
      "28": 3,
      "29": 5,
      "30": 1,
      "31": 4,
      "32": 2,
      "33": 8,
      "34": 0,
      "35": 4,
      "36": 13,
      "37": 8,
      "38": 6,
      "39": 0,
      "40": 5,
      "41": 5,
      "42": 1,
      "43": 0,
      "44": 2,
      "45": 28,
      "46": 6,
      "47": 3,
      "48": 3,
      "49": 1,
      "50": 0,
      "51": 8,
      "52": 8,
      "53": 0,
      "54": 0,
      "55": 7,
      "56": 0,
      "57": 5,
      "58": 4,
      "59": 4,
      "60": 0,
      "61": 1,
      "62": 11,
      "63": 22,
      "64": 0,
      "65": 4,
      "66": 5,
      "67": 13,
      "68": 1,
      "69": 6,
      "70": 4,
      "71": 0,
      "72": 5,
      "73": 8,
      "74": 14,
      "75": 0,
      "76": 9,
      "77": 2,
      "78": 0,
      "79": 8,
      "80": 1,
      "81": 8,
      "82": 5,
      "83": 5,
      "84": 0,
      "85": 14,
      "86": 3,
      "87": 3,
      "88": 6,
      "89": 5,
      "90": 4,
      "91": 0,
      "92": 0,
      "93": 17,
      "94": 6,
      "95": 3,
      "96": 4,
      "97": 5,
      "98": 5,
      "99": 0
    },
    "n_agents": 100,
    "mean_rank_1based": 5.79,
    "median_rank_1based": 5.0,
    "std_rank": 5.407947854778187,
    "top1_rate": 0.25,
    "top3_rate": 0.4,
    "mean_score": 0.9516161616161616,
    "gini_score": 0.02824010190001114,
    "hist_1based": {
      "1": 25,
      "2": 7,
      "3": 8,
      "4": 7,
      "5": 10,
      "6": 13,
      "7": 6,
      "8": 2,
      "9": 9,
      "10": 2,
      "11": 0,
      "12": 1,
      "13": 0,
      "14": 2,
      "15": 3,
      "16": 0,
      "17": 0,
      "18": 1,
      "19": 0,
      "20": 0,
      "21": 1,
      "22": 0,
      "23": 1,
      "24": 0,
      "25": 1,
      "26": 0,
      "27": 0,
      "28": 0,
      "29": 1,
      "30": 0,
      "31": 0,
      "32": 0,
      "33": 0,
      "34": 0,
      "35": 0,
      "36": 0,
      "37": 0,
      "38": 0,
      "39": 0,
      "40": 0,
      "41": 0,
      "42": 0,
      "43": 0,
      "44": 0,
      "45": 0,
      "46": 0,
      "47": 0,
      "48": 0,
      "49": 0,
      "50": 0,
      "51": 0,
      "52": 0,
      "53": 0,
      "54": 0,
      "55": 0,
      "56": 0,
      "57": 0,
      "58": 0,
      "59": 0,
      "60": 0,
      "61": 0,
      "62": 0,
      "63": 0,
      "64": 0,
      "65": 0,
      "66": 0,
      "67": 0,
      "68": 0,
      "69": 0,
      "70": 0,
      "71": 0,
      "72": 0,
      "73": 0,
      "74": 0,
      "75": 0,
      "76": 0,
      "77": 0,
      "78": 0,
      "79": 0,
      "80": 0,
      "81": 0,
      "82": 0,
      "83": 0,
      "84": 0,
      "85": 0,
      "86": 0,
      "87": 0,
      "88": 0,
      "89": 0,
      "90": 0,
      "91": 0,
      "92": 0,
      "93": 0,
      "94": 0,
      "95": 0,
      "96": 0,
      "97": 0,
      "98": 0,
      "99": 0,
      "100": 0
    }
  }
}