{
  "mode": "DA_E",
  "stable": true,
  "students": {
    "ranks_0based": {
      "0": 1,
      "1": 0,
      "2": 1,
      "3": 1,
      "4": 5,
      "5": 3,
      "6": 1,
      "7": 6,
      "8": 3,
      "9": 1,
      "10": 0,
      "11": 2,
      "12": 3,
      "13": 0,
      "14": 0,
      "15": 3,
      "16": 3,
      "17": 3,
      "18": 0,
      "19": 3
    },
    "n_agents": 20,
    "mean_rank_1based": 2.95,
    "median_rank_1based": 2.5,
    "std_rank": 1.6874537030686205,
    "top1_rate": 0.25,
    "top3_rate": 0.55,
    "mean_score": 0.8973684210526316,
    "gini_score": 0.053519061583577665,
    "hist_1based": {
      "1": 5,
      "2": 5,
      "3": 1,
      "4": 7,
      "5": 0,
      "6": 1,
      "7": 1,
      "8": 0,
      "9": 0,
      "10": 0,
      "11": 0,
      "12": 0,
      "13": 0,
      "14": 0,
      "15": 0,
      "16": 0,
      "17": 0,
      "18": 0,
      "19": 0,
      "20": 0
    }
  },
  "schools": {
    "ranks_0based": {
      "0": 7,
      "1": 3,
      "2": 16,
      "3": 6,
      "4": 3,
      "5": 9,
      "6": 7,
      "7": 4,
      "8": 2,
      "9": 2,
      "10": 2,
      "11": 4,
      "12": 3,
      "13": 16,
      "14": 4,
      "15": 5,
      "16": 2,
      "17": 2,
      "18": 5,
      "19": 1
    },
    "n_agents": 20,
    "mean_rank_1based": 6.15,
    "median_rank_1based": 5.0,
    "std_rank": 4.138538389335056,
    "top1_rate": 0.0,
    "top3_rate": 0.3,
    "mean_score": 0.7289473684210527,
    "gini_score": 0.14638989169675032,
    "hist_1based": {
      "1": 0,
      "2": 1,
      "3": 5,
      "4": 3,
      "5": 3,
      "6": 2,
      "7": 1,
      "8": 2,
      "9": 0,
      "10": 1,
      "11": 0,
      "12": 0,
      "13": 0,
      "14": 0,
      "15": 0,
      "16": 0,
      "17": 2,
      "18": 0,
      "19": 0,
      "20": 0
    }
  }
}