{
  "mode": "DA_E",
  "stable": true,
  "students": {
    "ranks_0based": {
      "0": 6,
      "1": 3,
      "2": 0,
      "3": 1,
      "4": 1,
      "5": 0,
      "6": 0,
      "7": 2,
      "8": 1,
      "9": 0,
      "10": 0,
      "11": 0,
      "12": 1,
      "13": 0,
      "14": 5,
      "15": 1,
      "16": 4,
      "17": 1,
      "18": 1,
      "19": 1
    },
    "n_agents": 20,
    "mean_rank_1based": 2.4,
    "median_rank_1based": 2.0,
    "std_rank": 1.7146428199482247,
    "top1_rate": 0.35,
    "top3_rate": 0.8,
    "mean_score": 0.9263157894736842,
    "gini_score": 0.04772727272727262,
    "hist_1based": {
      "1": 7,
      "2": 8,
      "3": 1,
      "4": 1,
      "5": 1,
      "6": 1,
      "7": 1,
      "8": 0,
      "9": 0,
      "10": 0,
      "11": 0,
      "12": 0,
      "13": 0,
      "14": 0,
      "15": 0,
      "16": 0,
      "17": 0,
      "18": 0,
      "19": 0,
      "20": 0
    }
  },
  "schools": {
    "ranks_0based": {
      "0": 2,
      "1": 1,
      "2": 6,
      "3": 4,
      "4": 1,
      "5": 0,
      "6": 2,
      "7": 2,
      "8": 2,
      "9": 0,
      "10": 15,
      "11": 4,
      "12": 14,
      "13": 18,
      "14": 11,
      "15": 11,
      "16": 12,
      "17": 7,
      "18": 9,
      "19": 0
    },
    "n_agents": 20,
    "mean_rank_1based": 7.05,
    "median_rank_1based": 5.0,
    "std_rank": 5.545042831214201,
    "top1_rate": 0.15,
    "top3_rate": 0.45,
    "mean_score": 0.6815789473684211,
    "gini_score": 0.23687258687258672,
    "hist_1based": {
      "1": 3,
      "2": 2,
      "3": 4,
      "4": 0,
      "5": 2,
      "6": 0,
      "7": 1,
      "8": 1,
      "9": 0,
      "10": 1,
      "11": 0,
      "12": 2,
      "13": 1,
      "14": 0,
      "15": 1,
      "16": 1,
      "17": 0,
      "18": 0,
      "19": 1,
      "20": 0
    }
  }
}