{
  "mode": "DA_S",
  "stable": true,
  "students": {
    "ranks_0based": {
      "0": 4,
      "1": 3,
      "2": 5,
      "3": 7,
      "4": 5,
      "5": 0,
      "6": 2,
      "7": 1,
      "8": 12,
      "9": 1,
      "10": 1,
      "11": 0,
      "12": 16,
      "13": 15,
      "14": 1,
      "15": 6,
      "16": 14,
      "17": 3,
      "18": 1,
      "19": 24,
      "20": 6,
      "21": 6,
      "22": 9,
      "23": 9,
      "24": 11,
      "25": 26,
      "26": 1,
      "27": 8,
      "28": 5,
      "29": 12,
      "30": 27,
      "31": 5,
      "32": 13,
      "33": 14,
      "34": 7,
      "35": 6,
      "36": 18,
      "37": 11,
      "38": 11,
      "39": 8,
      "40": 2,
      "41": 13,
      "42": 0,
      "43": 47,
      "44": 4,
      "45": 12,
      "46": 1,
      "47": 10,
      "48": 1,
      "49": 3
    },
    "n_agents": 50,
    "mean_rank_1based": 9.54,
    "median_rank_1based": 7.0,
    "std_rank": 8.579533786867442,
    "top1_rate": 0.06,
    "top3_rate": 0.26,
    "mean_score": 0.8257142857142857,
    "gini_score": 0.10423133959466213,
    "hist_1based": {
      "1": 3,
      "2": 8,
      "3": 2,
      "4": 3,
      "5": 2,
      "6": 4,
      "7": 4,
      "8": 2,
      "9": 2,
      "10": 2,
      "11": 1,
      "12": 3,
      "13": 3,
      "14": 2,
      "15": 2,
      "16": 1,
      "17": 1,
      "18": 0,
      "19": 1,
      "20": 0,
      "21": 0,
      "22": 0,
      "23": 0,
      "24": 0,
      "25": 1,
      "26": 0,
      "27": 1,
      "28": 1,
      "29": 0,
      "30": 0,
      "31": 0,
      "32": 0,
      "33": 0,
      "34": 0,
      "35": 0,
      "36": 0,
      "37": 0,
      "38": 0,
      "39": 0,
      "40": 0,
      "41": 0,
      "42": 0,
      "43": 0,
      "44": 0,
      "45": 0,
      "46": 0,
      "47": 0,
      "48": 1,
      "49": 0,
      "50": 0
    }
  },
  "schools": {
    "ranks_0based": {
      "0": 7,
      "1": 13,
      "2": 0,
      "3": 2,
      "4": 5,
      "5": 3,
      "6": 0,
      "7": 1,
      "8": 0,
      "9": 0,
      "10": 0,
      "11": 1,
      "12": 0,
      "13": 10,
      "14": 2,
      "15": 0,
      "16": 0,
      "17": 2,
      "18": 1,
      "19": 4,
      "20": 4,
      "21": 4,
      "22": 0,
      "23": 0,
      "24": 12,
      "25": 4,
      "26": 2,
      "27": 1,
      "28": 1,
      "29": 0,
      "30": 0,
      "31": 4,
      "32": 2,
      "33": 3,
      "34": 15,
      "35": 7,
      "36": 7,
      "37": 1,
      "38": 0,
      "39": 4,
      "40": 28,
      "41": 3,
      "42": 0,
      "43": 4,
      "44": 10,
      "45": 13,
      "46": 1,
      "47": 0,
      "48": 11,
      "49": 2
    },
    "n_agents": 50,
    "mean_rank_1based": 4.88,
    "median_rank_1based": 3.0,
    "std_rank": 5.293921042101025,
    "top1_rate": 0.3,
    "top3_rate": 0.56,
    "mean_score": 0.9208163265306123,
    "gini_score": 0.0546985815602834,
    "hist_1based": {
      "1": 15,
      "2": 7,
      "3": 6,
      "4": 3,
      "5": 7,
      "6": 1,
      "7": 0,
      "8": 3,
      "9": 0,
      "10": 0,
      "11": 2,
      "12": 1,
      "13": 1,
      "14": 2,
      "15": 0,
      "16": 1,
      "17": 0,
      "18": 0,
      "19": 0,
      "20": 0,
      "21": 0,
      "22": 0,
      "23": 0,
      "24": 0,
      "25": 0,
      "26": 0,
      "27": 0,
      "28": 0,
      "29": 1,
      "30": 0,
      "31": 0,
      "32": 0,
      "33": 0,
      "34": 0,
      "35": 0,
      "36": 0,
      "37": 0,
      "38": 0,
      "39": 0,
      "40": 0,
      "41": 0,
      "42": 0,
      "43": 0,
      "44": 0,
      "45": 0,
      "46": 0,
      "47": 0,
      "48": 0,
      "49": 0,
      "50": 0
    }
  }
}