{
  "mode": "DA_E",
  "stable": true,
  "students": {
    "ranks_0based": {
      "0": 6,
      "1": 2,
      "2": 1,
      "3": 6,
      "4": 1,
      "5": 2,
      "6": 3,
      "7": 2,
      "8": 0,
      "9": 1,
      "10": 1,
      "11": 0,
      "12": 2,
      "13": 1,
      "14": 5,
      "15": 0,
      "16": 16,
      "17": 0,
      "18": 3,
      "19": 3,
      "20": 0,
      "21": 13,
      "22": 2,
      "23": 0,
      "24": 7,
      "25": 2,
      "26": 1,
      "27": 2,
      "28": 1,
      "29": 0,
      "30": 2,
      "31": 7,
      "32": 10,
      "33": 0,
      "34": 3,
      "35": 1,
      "36": 11,
      "37": 3,
      "38": 4,
      "39": 2,
      "40": 3,
      "41": 7,
      "42": 0,
      "43": 3,
      "44": 1,
      "45": 4,
      "46": 2,
      "47": 2,
      "48": 1,
      "49": 1,
      "50": 0,
      "51": 4,
      "52": 0,
      "53": 3,
      "54": 12,
      "55": 13,
      "56": 0,
      "57": 2,
      "58": 4,
      "59": 1,
      "60": 6,
      "61": 3,
      "62": 4,
      "63": 7,
      "64": 11,
      "65": 5,
      "66": 0,
      "67": 2,
      "68": 5,
      "69": 9,
      "70": 1,
      "71": 1,
      "72": 3,
      "73": 2,
      "74": 0,
      "75": 0,
      "76": 15,
      "77": 0,
      "78": 6,
      "79": 10,
      "80": 7,
      "81": 3,
      "82": 5,
      "83": 1,
      "84": 8,
      "85": 2,
      "86": 4,
      "87": 2,
      "88": 4,
      "89": 5,
      "90": 0,
      "91": 4,
      "92": 0,
      "93": 4,
      "94": 3,
      "95": 9,
      "96": 5,
      "97": 1,
      "98": 1,
      "99": 8
    },
    "n_agents": 100,
    "mean_rank_1based": 4.55,
    "median_rank_1based": 3.0,
    "std_rank": 3.614899721984,
    "top1_rate": 0.18,
    "top3_rate": 0.51,
    "mean_score": 0.9641414141414142,
    "gini_score": 0.019611314824515835,
    "hist_1based": {
      "1": 18,
      "2": 17,
      "3": 16,
      "4": 12,
      "5": 9,
      "6": 6,
      "7": 4,
      "8": 5,
      "9": 2,
      "10": 2,
      "11": 2,
      "12": 2,
      "13": 1,
      "14": 2,
      "15": 0,
      "16": 1,
      "17": 1,
      "18": 0,
      "19": 0,
      "20": 0,
      "21": 0,
      "22": 0,
      "23": 0,
      "24": 0,
      "25": 0,
      "26": 0,
      "27": 0,
      "28": 0,
      "29": 0,
      "30": 0,
      "31": 0,
      "32": 0,
      "33": 0,
      "34": 0,
      "35": 0,
      "36": 0,
      "37": 0,
      "38": 0,
      "39": 0,
      "40": 0,
      "41": 0,
      "42": 0,
      "43": 0,
      "44": 0,
      "45": 0,
      "46": 0,
      "47": 0,
      "48": 0,
      "49": 0,
      "50": 0,
      "51": 0,
      "52": 0,
      "53": 0,
      "54": 0,
      "55": 0,
      "56": 0,
      "57": 0,
      "58": 0,
      "59": 0,
      "60": 0,
      "61": 0,
      "62": 0,
      "63": 0,
      "64": 0,
      "65": 0,
      "66": 0,
      "67": 0,
      "68": 0,
      "69": 0,
      "70": 0,
      "71": 0,
      "72": 0,
      "73": 0,
      "74": 0,
      "75": 0,
      "76": 0,
      "77": 0,
      "78": 0,
      "79": 0,
      "80": 0,
      "81": 0,
      "82": 0,
      "83": 0,
      "84": 0,
      "85": 0,
      "86": 0,
      "87": 0,
      "88": 0,
      "89": 0,
      "90": 0,
      "91": 0,
      "92": 0,
      "93": 0,
      "94": 0,
      "95": 0,
      "96": 0,
      "97": 0,
      "98": 0,
      "99": 0,
      "100": 0
    }
  },
  "schools": {
    "ranks_0based": {
      "0": 8,
      "1": 0,
      "2": 8,
      "3": 6,
      "4": 9,
      "5": 19,
      "6": 14,
      "7": 4,
      "8": 47,
      "9": 6,
      "10": 27,
      "11": 20,
      "12": 3,
      "13": 57,
      "14": 12,
      "15": 30,
      "16": 50,
      "17": 2,
      "18": 3,
      "19": 33,
      "20": 12,
      "21": 8,
      "22": 4,
      "23": 4,
      "24": 0,
      "25": 23,
      "26": 14,
      "27": 22,
      "28": 77,
      "29": 17,
      "30": 23,
      "31": 9,
      "32": 0,
      "33": 4,
      "34": 69,
      "35": 42,
      "36": 0,
      "37": 30,
      "38": 33,
      "39": 26,
      "40": 21,
      "41": 13,
      "42": 35,
      "43": 23,
      "44": 29,
      "45": 39,
      "46": 4,
      "47": 29,
      "48": 4,
      "49": 43,
      "50": 36,
      "51": 10,
      "52": 1,
      "53": 2,
      "54": 2,
      "55": 45,
      "56": 9,
      "57": 44,
      "58": 9,
      "59": 3,
      "60": 28,
      "61": 24,
      "62": 58,
      "63": 99,
      "64": 39,
      "65": 12,
      "66": 1,
      "67": 28,
      "68": 1,
      "69": 24,
      "70": 2,
      "71": 24,
      "72": 4,
      "73": 6,
      "74": 22,
      "75": 20,
      "76": 50,
      "77": 48,
      "78": 1,
      "79": 6,
      "80": 8,
      "81": 41,
      "82": 24,
      "83": 29,
      "84": 2,
      "85": 10,
      "86": 7,
      "87": 9,
      "88": 23,
      "89": 12,
      "90": 3,
      "91": 19,
      "92": 49,
      "93": 1,
      "94": 50,
      "95": 45,
      "96": 9,
      "97": 19,
      "98": 60,
      "99": 7
    },
    "n_agents": 100,
    "mean_rank_1based": 22,
    "median_rank_1based": 16.5,
    "std_rank": 19.449935732541636,
    "top1_rate": 0.04,
    "top3_rate": 0.14,
    "mean_score": 0.7878787878787878,
    "gini_score": 0.13294358974359044,
    "hist_1based": {
      "1": 4,
      "2": 5,
      "3": 5,
      "4": 4,
      "5": 7,
      "6": 0,
      "7": 4,
      "8": 2,
      "9": 4,
      "10": 6,
      "11": 2,
      "12": 0,
      "13": 4,
      "14": 1,
      "15": 2,
      "16": 0,
      "17": 0,
      "18": 1,
      "19": 0,
      "20": 3,
      "21": 2,
      "22": 1,
      "23": 2,
      "24": 4,
      "25": 4,
      "26": 0,
      "27": 1,
      "28": 1,
      "29": 2,
      "30": 3,
      "31": 2,
      "32": 0,
      "33": 0,
      "34": 2,
      "35": 0,
      "36": 1,
      "37": 1,
      "38": 0,
      "39": 0,
      "40": 2,
      "41": 0,
      "42": 1,
      "43": 1,
      "44": 1,
      "45": 1,
      "46": 2,
      "47": 0,
      "48": 1,
      "49": 1,
      "50": 1,
      "51": 3,
      "52": 0,
      "53": 0,
      "54": 0,
      "55": 0,
      "56": 0,
      "57": 0,
      "58": 1,
      "59": 1,
      "60": 0,
      "61": 1,
      "62": 0,
      "63": 0,
      "64": 0,
      "65": 0,
      "66": 0,
      "67": 0,
      "68": 0,
      "69": 0,
      "70": 1,
      "71": 0,
      "72": 0,
      "73": 0,
      "74": 0,
      "75": 0,
      "76": 0,
      "77": 0,
      "78": 1,
      "79": 0,
      "80": 0,
      "81": 0,
      "82": 0,
      "83": 0,
      "84": 0,
      "85": 0,
      "86": 0,
      "87": 0,
      "88": 0,
      "89": 0,
      "90": 0,
      "91": 0,
      "92": 0,
      "93": 0,
      "94": 0,
      "95": 0,
      "96": 0,
      "97": 0,
      "98": 0,
      "99": 0,
      "100": 1
    }
  }
}