{
  "mode": "DA_S",
  "stable": true,
  "students": {
    "ranks_0based": {
      "0": 0,
      "1": 2,
      "2": 0,
      "3": 3,
      "4": 6,
      "5": 0,
      "6": 3,
      "7": 1,
      "8": 2,
      "9": 1
    },
    "n_agents": 10,
    "mean_rank_1based": 2.8,
    "median_rank_1based": 2.5,
    "std_rank": 1.7776388834631178,
    "top1_rate": 0.3,
    "top3_rate": 0.7,
    "mean_score": 0.8,
    "gini_score": 0.13055555555555554,
    "hist_1based": {
      "1": 3,
      "2": 2,
      "3": 2,
      "4": 2,
      "5": 0,
      "6": 0,
      "7": 1,
      "8": 0,
      "9": 0,
      "10": 0
    }
  },
  "schools": {
    "ranks_0based": {
      "0": 0,
      "1": 2,
      "2": 0,
      "3": 4,
      "4": 5,
      "5": 1,
      "6": 2,
      "7": 0,
      "8": 4,
      "9": 3
    },
    "n_agents": 10,
    "mean_rank_1based": 3.1,
    "median_rank_1based": 3.0,
    "std_rank": 1.7578395831246945,
    "top1_rate": 0.3,
    "top3_rate": 0.6,
    "mean_score": 0.7666666666666667,
    "gini_score": 0.1434782608695655,
    "hist_1based": {
      "1": 3,
      "2": 1,
      "3": 2,
      "4": 1,
      "5": 2,
      "6": 1,
      "7": 0,
      "8": 0,
      "9": 0,
      "10": 0
    }
  }
}