{
  "mode": "DA_S",
  "stable": true,
  "students": {
    "ranks_0based": {
      "0": 12,
      "1": 8,
      "2": 59,
      "3": 7,
      "4": 3,
      "5": 21,
      "6": 8,
      "7": 3,
      "8": 12,
      "9": 9,
      "10": 0,
      "11": 17,
      "12": 27,
      "13": 38,
      "14": 0,
      "15": 3,
      "16": 29,
      "17": 4,
      "18": 15,
      "19": 14,
      "20": 1,
      "21": 2,
      "22": 10,
      "23": 10,
      "24": 16,
      "25": 0,
      "26": 12,
      "27": 23,
      "28": 10,
      "29": 12,
      "30": 4,
      "31": 9,
      "32": 2,
      "33": 10,
      "34": 4,
      "35": 14,
      "36": 37,
      "37": 13,
      "38": 0,
      "39": 3,
      "40": 71,
      "41": 6,
      "42": 8,
      "43": 2,
      "44": 6,
      "45": 26,
      "46": 56,
      "47": 1,
      "48": 3,
      "49": 7,
      "50": 6,
      "51": 8,
      "52": 2,
      "53": 28,
      "54": 14,
      "55": 11,
      "56": 4,
      "57": 2,
      "58": 8,
      "59": 0,
      "60": 5,
      "61": 0,
      "62": 5,
      "63": 22,
      "64": 4,
      "65": 6,
      "66": 5,
      "67": 16,
      "68": 20,
      "69": 0,
      "70": 2,
      "71": 45,
      "72": 33,
      "73": 38,
      "74": 6,
      "75": 38,
      "76": 45,
      "77": 16,
      "78": 6,
      "79": 23,
      "80": 35,
      "81": 19,
      "82": 17,
      "83": 1,
      "84": 19,
      "85": 70,
      "86": 0,
      "87": 19,
      "88": 21,
      "89": 19,
      "90": 6,
      "91": 14,
      "92": 1,
      "93": 26,
      "94": 15,
      "95": 2,
      "96": 47,
      "97": 9,
      "98": 5,
      "99": 1
    },
    "n_agents": 100,
    "mean_rank_1based": 15.31,
    "median_rank_1based": 10.0,
    "std_rank": 15.279198277396626,
    "top1_rate": 0.08,
    "top3_rate": 0.2,
    "mean_score": 0.8554545454545455,
    "gini_score": 0.09042035659463998,
    "hist_1based": {
      "1": 8,
      "2": 5,
      "3": 7,
      "4": 5,
      "5": 5,
      "6": 4,
      "7": 7,
      "8": 2,
      "9": 5,
      "10": 3,
      "11": 4,
      "12": 1,
      "13": 4,
      "14": 1,
      "15": 4,
      "16": 2,
      "17": 3,
      "18": 2,
      "19": 0,
      "20": 4,
      "21": 1,
      "22": 2,
      "23": 1,
      "24": 2,
      "25": 0,
      "26": 0,
      "27": 2,
      "28": 1,
      "29": 1,
      "30": 1,
      "31": 0,
      "32": 0,
      "33": 0,
      "34": 1,
      "35": 0,
      "36": 1,
      "37": 0,
      "38": 1,
      "39": 3,
      "40": 0,
      "41": 0,
      "42": 0,
      "43": 0,
      "44": 0,
      "45": 0,
      "46": 2,
      "47": 0,
      "48": 1,
      "49": 0,
      "50": 0,
      "51": 0,
      "52": 0,
      "53": 0,
      "54": 0,
      "55": 0,
      "56": 0,
      "57": 1,
      "58": 0,
      "59": 0,
      "60": 1,
      "61": 0,
      "62": 0,
      "63": 0,
      "64": 0,
      "65": 0,
      "66": 0,
      "67": 0,
      "68": 0,
      "69": 0,
      "70": 0,
      "71": 1,
      "72": 1,
      "73": 0,
      "74": 0,
      "75": 0,
      "76": 0,
      "77": 0,
      "78": 0,
      "79": 0,
      "80": 0,
      "81": 0,
      "82": 0,
      "83": 0,
      "84": 0,
      "85": 0,
      "86": 0,
      "87": 0,
      "88": 0,
      "89": 0,
      "90": 0,
      "91": 0,
      "92": 0,
      "93": 0,
      "94": 0,
      "95": 0,
      "96": 0,
      "97": 0,
      "98": 0,
      "99": 0,
      "100": 0
    }
  },
  "schools": {
    "ranks_0based": {
      "0": 3,
      "1": 4,
      "2": 8,
      "3": 2,
      "4": 2,
      "5": 0,
      "6": 5,
      "7": 0,
      "8": 12,
      "9": 3,
      "10": 3,
      "11": 0,
      "12": 9,
      "13": 0,
      "14": 6,
      "15": 2,
      "16": 2,
      "17": 12,
      "18": 2,
      "19": 0,
      "20": 12,
      "21": 3,
      "22": 7,
      "23": 6,
      "24": 1,
      "25": 6,
      "26": 0,
      "27": 4,
      "28": 2,
      "29": 0,
      "30": 1,
      "31": 1,
      "32": 13,
      "33": 2,
      "34": 4,
      "35": 13,
      "36": 2,
      "37": 10,
      "38": 3,
      "39": 4,
      "40": 5,
      "41": 5,
      "42": 0,
      "43": 13,
      "44": 1,
      "45": 0,
      "46": 0,
      "47": 3,
      "48": 9,
      "49": 0,
      "50": 16,
      "51": 0,
      "52": 0,
      "53": 7,
      "54": 43,
      "55": 1,
      "56": 0,
      "57": 4,
      "58": 1,
      "59": 2,
      "60": 1,
      "61": 4,
      "62": 7,
      "63": 1,
      "64": 18,
      "65": 3,
      "66": 6,
      "67": 4,
      "68": 3,
      "69": 12,
      "70": 1,
      "71": 0,
      "72": 21,
      "73": 5,
      "74": 2,
      "75": 4,
      "76": 8,
      "77": 6,
      "78": 2,
      "79": 1,
      "80": 22,
      "81": 4,
      "82": 2,
      "83": 15,
      "84": 4,
      "85": 12,
      "86": 2,
      "87": 6,
      "88": 0,
      "89": 5,
      "90": 0,
      "91": 2,
      "92": 11,
      "93": 0,
      "94": 9,
      "95": 9,
      "96": 6,
      "97": 6,
      "98": 5,
      "99": 4
    },
    "n_agents": 100,
    "mean_rank_1based": 6.12,
    "median_rank_1based": 4.5,
    "std_rank": 6.129078234122975,
    "top1_rate": 0.18,
    "top3_rate": 0.42,
    "mean_score": 0.9482828282828283,
    "gini_score": 0.030219429058372604,
    "hist_1based": {
      "1": 18,
      "2": 10,
      "3": 14,
      "4": 8,
      "5": 11,
      "6": 6,
      "7": 8,
      "8": 3,
      "9": 2,
      "10": 4,
      "11": 1,
      "12": 1,
      "13": 5,
      "14": 3,
      "15": 0,
      "16": 1,
      "17": 1,
      "18": 0,
      "19": 1,
      "20": 0,
      "21": 0,
      "22": 1,
      "23": 1,
      "24": 0,
      "25": 0,
      "26": 0,
      "27": 0,
      "28": 0,
      "29": 0,
      "30": 0,
      "31": 0,
      "32": 0,
      "33": 0,
      "34": 0,
      "35": 0,
      "36": 0,
      "37": 0,
      "38": 0,
      "39": 0,
      "40": 0,
      "41": 0,
      "42": 0,
      "43": 0,
      "44": 1,
      "45": 0,
      "46": 0,
      "47": 0,
      "48": 0,
      "49": 0,
      "50": 0,
      "51": 0,
      "52": 0,
      "53": 0,
      "54": 0,
      "55": 0,
      "56": 0,
      "57": 0,
      "58": 0,
      "59": 0,
      "60": 0,
      "61": 0,
      "62": 0,
      "63": 0,
      "64": 0,
      "65": 0,
      "66": 0,
      "67": 0,
      "68": 0,
      "69": 0,
      "70": 0,
      "71": 0,
      "72": 0,
      "73": 0,
      "74": 0,
      "75": 0,
      "76": 0,
      "77": 0,
      "78": 0,
      "79": 0,
      "80": 0,
      "81": 0,
      "82": 0,
      "83": 0,
      "84": 0,
      "85": 0,
      "86": 0,
      "87": 0,
      "88": 0,
      "89": 0,
      "90": 0,
      "91": 0,
      "92": 0,
      "93": 0,
      "94": 0,
      "95": 0,
      "96": 0,
      "97": 0,
      "98": 0,
      "99": 0,
      "100": 0
    }
  }
}