{
  "mode": "DA_S",
  "stable": true,
  "students": {
    "ranks_0based": {
      "0": 5,
      "1": 3,
      "2": 11,
      "3": 11,
      "4": 17,
      "5": 8,
      "6": 30,
      "7": 2,
      "8": 18,
      "9": 9,
      "10": 5,
      "11": 7,
      "12": 5,
      "13": 4,
      "14": 30,
      "15": 1,
      "16": 2,
      "17": 17,
      "18": 20,
      "19": 3,
      "20": 1,
      "21": 24,
      "22": 26,
      "23": 26,
      "24": 7,
      "25": 3,
      "26": 8,
      "27": 3,
      "28": 16,
      "29": 29,
      "30": 0,
      "31": 1,
      "32": 43,
      "33": 20,
      "34": 17,
      "35": 2,
      "36": 92,
      "37": 5,
      "38": 8,
      "39": 3,
      "40": 8,
      "41": 11,
      "42": 6,
      "43": 2,
      "44": 1,
      "45": 21,
      "46": 53,
      "47": 10,
      "48": 17,
      "49": 11,
      "50": 24,
      "51": 15,
      "52": 8,
      "53": 9,
      "54": 5,
      "55": 0,
      "56": 4,
      "57": 6,
      "58": 36,
      "59": 3,
      "60": 6,
      "61": 34,
      "62": 1,
      "63": 17,
      "64": 9,
      "65": 21,
      "66": 10,
      "67": 9,
      "68": 2,
      "69": 15,
      "70": 9,
      "71": 9,
      "72": 4,
      "73": 4,
      "74": 1,
      "75": 49,
      "76": 14,
      "77": 4,
      "78": 7,
      "79": 6,
      "80": 5,
      "81": 16,
      "82": 23,
      "83": 3,
      "84": 11,
      "85": 8,
      "86": 10,
      "87": 60,
      "88": 1,
      "89": 3,
      "90": 56,
      "91": 12,
      "92": 2,
      "93": 18,
      "94": 0,
      "95": 14,
      "96": 37,
      "97": 20,
      "98": 19,
      "99": 35
    },
    "n_agents": 100,
    "mean_rank_1based": 14.76,
    "median_rank_1based": 10.0,
    "std_rank": 14.99274491212333,
    "top1_rate": 0.03,
    "top3_rate": 0.16,
    "mean_score": 0.861010101010101,
    "gini_score": 0.08383857343970069,
    "hist_1based": {
      "1": 3,
      "2": 7,
      "3": 6,
      "4": 8,
      "5": 5,
      "6": 6,
      "7": 4,
      "8": 3,
      "9": 6,
      "10": 6,
      "11": 3,
      "12": 5,
      "13": 1,
      "14": 0,
      "15": 2,
      "16": 2,
      "17": 2,
      "18": 5,
      "19": 2,
      "20": 1,
      "21": 3,
      "22": 2,
      "23": 0,
      "24": 1,
      "25": 2,
      "26": 0,
      "27": 2,
      "28": 0,
      "29": 0,
      "30": 1,
      "31": 2,
      "32": 0,
      "33": 0,
      "34": 0,
      "35": 1,
      "36": 1,
      "37": 1,
      "38": 1,
      "39": 0,
      "40": 0,
      "41": 0,
      "42": 0,
      "43": 0,
      "44": 1,
      "45": 0,
      "46": 0,
      "47": 0,
      "48": 0,
      "49": 0,
      "50": 1,
      "51": 0,
      "52": 0,
      "53": 0,
      "54": 1,
      "55": 0,
      "56": 0,
      "57": 1,
      "58": 0,
      "59": 0,
      "60": 0,
      "61": 1,
      "62": 0,
      "63": 0,
      "64": 0,
      "65": 0,
      "66": 0,
      "67": 0,
      "68": 0,
      "69": 0,
      "70": 0,
      "71": 0,
      "72": 0,
      "73": 0,
      "74": 0,
      "75": 0,
      "76": 0,
      "77": 0,
      "78": 0,
      "79": 0,
      "80": 0,
      "81": 0,
      "82": 0,
      "83": 0,
      "84": 0,
      "85": 0,
      "86": 0,
      "87": 0,
      "88": 0,
      "89": 0,
      "90": 0,
      "91": 0,
      "92": 0,
      "93": 1,
      "94": 0,
      "95": 0,
      "96": 0,
      "97": 0,
      "98": 0,
      "99": 0,
      "100": 0
    }
  },
  "schools": {
    "ranks_0based": {
      "0": 0,
      "1": 3,
      "2": 1,
      "3": 4,
      "4": 14,
      "5": 13,
      "6": 27,
      "7": 6,
      "8": 21,
      "9": 1,
      "10": 2,
      "11": 10,
      "12": 13,
      "13": 5,
      "14": 0,
      "15": 2,
      "16": 10,
      "17": 7,
      "18": 0,
      "19": 9,
      "20": 8,
      "21": 0,
      "22": 0,
      "23": 17,
      "24": 5,
      "25": 1,
      "26": 1,
      "27": 2,
      "28": 2,
      "29": 24,
      "30": 2,
      "31": 5,
      "32": 0,
      "33": 12,
      "34": 6,
      "35": 3,
      "36": 3,
      "37": 5,
      "38": 3,
      "39": 3,
      "40": 1,
      "41": 13,
      "42": 17,
      "43": 11,
      "44": 2,
      "45": 17,
      "46": 2,
      "47": 5,
      "48": 5,
      "49": 2,
      "50": 5,
      "51": 0,
      "52": 0,
      "53": 0,
      "54": 2,
      "55": 4,
      "56": 6,
      "57": 3,
      "58": 10,
      "59": 0,
      "60": 5,
      "61": 6,
      "62": 5,
      "63": 0,
      "64": 29,
      "65": 5,
      "66": 8,
      "67": 5,
      "68": 4,
      "69": 1,
      "70": 4,
      "71": 8,
      "72": 4,
      "73": 9,
      "74": 1,
      "75": 5,
      "76": 6,
      "77": 3,
      "78": 12,
      "79": 11,
      "80": 8,
      "81": 3,
      "82": 16,
      "83": 23,
      "84": 6,
      "85": 1,
      "86": 7,
      "87": 0,
      "88": 11,
      "89": 0,
      "90": 21,
      "91": 0,
      "92": 23,
      "93": 21,
      "94": 4,
      "95": 5,
      "96": 1,
      "97": 6,
      "98": 5,
      "99": 2
    },
    "n_agents": 100,
    "mean_rank_1based": 7.49,
    "median_rank_1based": 6.0,
    "std_rank": 6.653562955289444,
    "top1_rate": 0.14,
    "top3_rate": 0.33,
    "mean_score": 0.9344444444444444,
    "gini_score": 0.03693762836450154,
    "hist_1based": {
      "1": 14,
      "2": 9,
      "3": 10,
      "4": 8,
      "5": 6,
      "6": 14,
      "7": 7,
      "8": 2,
      "9": 4,
      "10": 2,
      "11": 3,
      "12": 3,
      "13": 2,
      "14": 3,
      "15": 1,
      "16": 0,
      "17": 1,
      "18": 3,
      "19": 0,
      "20": 0,
      "21": 0,
      "22": 3,
      "23": 0,
      "24": 2,
      "25": 1,
      "26": 0,
      "27": 0,
      "28": 1,
      "29": 0,
      "30": 1,
      "31": 0,
      "32": 0,
      "33": 0,
      "34": 0,
      "35": 0,
      "36": 0,
      "37": 0,
      "38": 0,
      "39": 0,
      "40": 0,
      "41": 0,
      "42": 0,
      "43": 0,
      "44": 0,
      "45": 0,
      "46": 0,
      "47": 0,
      "48": 0,
      "49": 0,
      "50": 0,
      "51": 0,
      "52": 0,
      "53": 0,
      "54": 0,
      "55": 0,
      "56": 0,
      "57": 0,
      "58": 0,
      "59": 0,
      "60": 0,
      "61": 0,
      "62": 0,
      "63": 0,
      "64": 0,
      "65": 0,
      "66": 0,
      "67": 0,
      "68": 0,
      "69": 0,
      "70": 0,
      "71": 0,
      "72": 0,
      "73": 0,
      "74": 0,
      "75": 0,
      "76": 0,
      "77": 0,
      "78": 0,
      "79": 0,
      "80": 0,
      "81": 0,
      "82": 0,
      "83": 0,
      "84": 0,
      "85": 0,
      "86": 0,
      "87": 0,
      "88": 0,
      "89": 0,
      "90": 0,
      "91": 0,
      "92": 0,
      "93": 0,
      "94": 0,
      "95": 0,
      "96": 0,
      "97": 0,
      "98": 0,
      "99": 0,
      "100": 0
    }
  }
}