{
  "mode": "DA_S",
  "stable": true,
  "students": {
    "ranks_0based": {
      "0": 4,
      "1": 1,
      "2": 24,
      "3": 24,
      "4": 37,
      "5": 13,
      "6": 12,
      "7": 40,
      "8": 24,
      "9": 6,
      "10": 32,
      "11": 9,
      "12": 6,
      "13": 0,
      "14": 36,
      "15": 17,
      "16": 62,
      "17": 5,
      "18": 50,
      "19": 45,
      "20": 14,
      "21": 7,
      "22": 23,
      "23": 4,
      "24": 1,
      "25": 2,
      "26": 1,
      "27": 4,
      "28": 10,
      "29": 22,
      "30": 19,
      "31": 12,
      "32": 31,
      "33": 56,
      "34": 11,
      "35": 2,
      "36": 1,
      "37": 0,
      "38": 41,
      "39": 41,
      "40": 1,
      "41": 28,
      "42": 10,
      "43": 1,
      "44": 46,
      "45": 15,
      "46": 3,
      "47": 3,
      "48": 12,
      "49": 1,
      "50": 27,
      "51": 11,
      "52": 74,
      "53": 20,
      "54": 17,
      "55": 31,
      "56": 2,
      "57": 95,
      "58": 15,
      "59": 8,
      "60": 21,
      "61": 27,
      "62": 15,
      "63": 11,
      "64": 3,
      "65": 15,
      "66": 85,
      "67": 79,
      "68": 28,
      "69": 15,
      "70": 2,
      "71": 2,
      "72": 27,
      "73": 6,
      "74": 51,
      "75": 29,
      "76": 1,
      "77": 52,
      "78": 12,
      "79": 9,
      "80": 16,
      "81": 28,
      "82": 3,
      "83": 21,
      "84": 12,
      "85": 6,
      "86": 87,
      "87": 21,
      "88": 4,
      "89": 2,
      "90": 10,
      "91": 0,
      "92": 38,
      "93": 3,
      "94": 2,
      "95": 26,
      "96": 2,
      "97": 0,
      "98": 34,
      "99": 1
    },
    "n_agents": 100,
    "mean_rank_1based": 20.75,
    "median_rank_1based": 13.5,
    "std_rank": 20.93101765323416,
    "top1_rate": 0.04,
    "top3_rate": 0.21,
    "mean_score": 0.8005050505050505,
    "gini_score": 0.13451735015772948,
    "hist_1based": {
      "1": 4,
      "2": 9,
      "3": 8,
      "4": 5,
      "5": 4,
      "6": 1,
      "7": 4,
      "8": 1,
      "9": 1,
      "10": 2,
      "11": 3,
      "12": 3,
      "13": 5,
      "14": 1,
      "15": 1,
      "16": 5,
      "17": 1,
      "18": 2,
      "19": 0,
      "20": 1,
      "21": 1,
      "22": 3,
      "23": 1,
      "24": 1,
      "25": 3,
      "26": 0,
      "27": 1,
      "28": 3,
      "29": 3,
      "30": 1,
      "31": 0,
      "32": 2,
      "33": 1,
      "34": 0,
      "35": 1,
      "36": 0,
      "37": 1,
      "38": 1,
      "39": 1,
      "40": 0,
      "41": 1,
      "42": 2,
      "43": 0,
      "44": 0,
      "45": 0,
      "46": 1,
      "47": 1,
      "48": 0,
      "49": 0,
      "50": 0,
      "51": 1,
      "52": 1,
      "53": 1,
      "54": 0,
      "55": 0,
      "56": 0,
      "57": 1,
      "58": 0,
      "59": 0,
      "60": 0,
      "61": 0,
      "62": 0,
      "63": 1,
      "64": 0,
      "65": 0,
      "66": 0,
      "67": 0,
      "68": 0,
      "69": 0,
      "70": 0,
      "71": 0,
      "72": 0,
      "73": 0,
      "74": 0,
      "75": 1,
      "76": 0,
      "77": 0,
      "78": 0,
      "79": 0,
      "80": 1,
      "81": 0,
      "82": 0,
      "83": 0,
      "84": 0,
      "85": 0,
      "86": 1,
      "87": 0,
      "88": 1,
      "89": 0,
      "90": 0,
      "91": 0,
      "92": 0,
      "93": 0,
      "94": 0,
      "95": 0,
      "96": 1,
      "97": 0,
      "98": 0,
      "99": 0,
      "100": 0
    }
  },
  "schools": {
    "ranks_0based": {
      "0": 13,
      "1": 1,
      "2": 0,
      "3": 0,
      "4": 1,
      "5": 1,
      "6": 6,
      "7": 22,
      "8": 1,
      "9": 6,
      "10": 5,
      "11": 1,
      "12": 3,
      "13": 3,
      "14": 8,
      "15": 0,
      "16": 0,
      "17": 4,
      "18": 2,
      "19": 1,
      "20": 2,
      "21": 6,
      "22": 1,
      "23": 2,
      "24": 1,
      "25": 1,
      "26": 6,
      "27": 0,
      "28": 1,
      "29": 7,
      "30": 0,
      "31": 0,
      "32": 23,
      "33": 3,
      "34": 1,
      "35": 2,
      "36": 1,
      "37": 3,
      "38": 0,
      "39": 9,
      "40": 2,
      "41": 7,
      "42": 5,
      "43": 5,
      "44": 1,
      "45": 11,
      "46": 1,
      "47": 0,
      "48": 3,
      "49": 3,
      "50": 0,
      "51": 4,
      "52": 9,
      "53": 2,
      "54": 0,
      "55": 1,
      "56": 2,
      "57": 10,
      "58": 1,
      "59": 2,
      "60": 19,
      "61": 1,
      "62": 3,
      "63": 5,
      "64": 3,
      "65": 13,
      "66": 3,
      "67": 0,
      "68": 3,
      "69": 0,
      "70": 4,
      "71": 0,
      "72": 5,
      "73": 4,
      "74": 2,
      "75": 13,
      "76": 0,
      "77": 0,
      "78": 2,
      "79": 7,
      "80": 0,
      "81": 3,
      "82": 2,
      "83": 0,
      "84": 0,
      "85": 5,
      "86": 2,
      "87": 8,
      "88": 6,
      "89": 6,
      "90": 3,
      "91": 4,
      "92": 2,
      "93": 0,
      "94": 0,
      "95": 2,
      "96": 0,
      "97": 6,
      "98": 1,
      "99": 2
    },
    "n_agents": 100,
    "mean_rank_1based": 4.55,
    "median_rank_1based": 3.0,
    "std_rank": 4.412198998232061,
    "top1_rate": 0.22,
    "top3_rate": 0.55,
    "mean_score": 0.9641414141414142,
    "gini_score": 0.021700366684128225,
    "hist_1based": {
      "1": 22,
      "2": 18,
      "3": 15,
      "4": 12,
      "5": 5,
      "6": 6,
      "7": 7,
      "8": 3,
      "9": 2,
      "10": 2,
      "11": 1,
      "12": 1,
      "13": 0,
      "14": 3,
      "15": 0,
      "16": 0,
      "17": 0,
      "18": 0,
      "19": 0,
      "20": 1,
      "21": 0,
      "22": 0,
      "23": 1,
      "24": 1,
      "25": 0,
      "26": 0,
      "27": 0,
      "28": 0,
      "29": 0,
      "30": 0,
      "31": 0,
      "32": 0,
      "33": 0,
      "34": 0,
      "35": 0,
      "36": 0,
      "37": 0,
      "38": 0,
      "39": 0,
      "40": 0,
      "41": 0,
      "42": 0,
      "43": 0,
      "44": 0,
      "45": 0,
      "46": 0,
      "47": 0,
      "48": 0,
      "49": 0,
      "50": 0,
      "51": 0,
      "52": 0,
      "53": 0,
      "54": 0,
      "55": 0,
      "56": 0,
      "57": 0,
      "58": 0,
      "59": 0,
      "60": 0,
      "61": 0,
      "62": 0,
      "63": 0,
      "64": 0,
      "65": 0,
      "66": 0,
      "67": 0,
      "68": 0,
      "69": 0,
      "70": 0,
      "71": 0,
      "72": 0,
      "73": 0,
      "74": 0,
      "75": 0,
      "76": 0,
      "77": 0,
      "78": 0,
      "79": 0,
      "80": 0,
      "81": 0,
      "82": 0,
      "83": 0,
      "84": 0,
      "85": 0,
      "86": 0,
      "87": 0,
      "88": 0,
      "89": 0,
      "90": 0,
      "91": 0,
      "92": 0,
      "93": 0,
      "94": 0,
      "95": 0,
      "96": 0,
      "97": 0,
      "98": 0,
      "99": 0,
      "100": 0
    }
  }
}