{
  "mode": "DA_E",
  "stable": true,
  "students": {
    "ranks_0based": {
      "0": 0,
      "1": 0,
      "2": 0,
      "3": 0,
      "4": 6,
      "5": 4,
      "6": 1,
      "7": 0,
      "8": 2,
      "9": 0
    },
    "n_agents": 10,
    "mean_rank_1based": 2.3,
    "median_rank_1based": 1.0,
    "std_rank": 2.0024984394500787,
    "top1_rate": 0.6,
    "top3_rate": 0.8,
    "mean_score": 0.8555555555555555,
    "gini_score": 0.12337662337662336,
    "hist_1based": {
      "1": 6,
      "2": 1,
      "3": 1,
      "4": 0,
      "5": 1,
      "6": 0,
      "7": 1,
      "8": 0,
      "9": 0,
      "10": 0
    }
  },
  "schools": {
    "ranks_0based": {
      "0": 1,
      "1": 0,
      "2": 2,
      "3": 2,
      "4": 7,
      "5": 1,
      "6": 7,
      "7": 0,
      "8": 1,
      "9": 2
    },
    "n_agents": 10,
    "mean_rank_1based": 3.3,
    "median_rank_1based": 2.5,
    "std_rank": 2.4515301344262523,
    "top1_rate": 0.2,
    "top3_rate": 0.8,
    "mean_score": 0.7444444444444445,
    "gini_score": 0.18059701492537306,
    "hist_1based": {
      "1": 2,
      "2": 3,
      "3": 3,
      "4": 0,
      "5": 0,
      "6": 0,
      "7": 0,
      "8": 2,
      "9": 0,
      "10": 0
    }
  }
}