{
  "mode": "DA_S",
  "stable": true,
  "students": {
    "ranks_0based": {
      "0": 19,
      "1": 7,
      "2": 28,
      "3": 0,
      "4": 11,
      "5": 23,
      "6": 4,
      "7": 4,
      "8": 4,
      "9": 2,
      "10": 45,
      "11": 2,
      "12": 10,
      "13": 26,
      "14": 4,
      "15": 12,
      "16": 5,
      "17": 21,
      "18": 27,
      "19": 5,
      "20": 23,
      "21": 10,
      "22": 3,
      "23": 10,
      "24": 5,
      "25": 4,
      "26": 11,
      "27": 15,
      "28": 21,
      "29": 17,
      "30": 0,
      "31": 10,
      "32": 3,
      "33": 0,
      "34": 10,
      "35": 5,
      "36": 45,
      "37": 21,
      "38": 57,
      "39": 15,
      "40": 13,
      "41": 4,
      "42": 16,
      "43": 35,
      "44": 2,
      "45": 51,
      "46": 22,
      "47": 4,
      "48": 28,
      "49": 16,
      "50": 11,
      "51": 7,
      "52": 1,
      "53": 24,
      "54": 11,
      "55": 14,
      "56": 15,
      "57": 6,
      "58": 4,
      "59": 1,
      "60": 24,
      "61": 56,
      "62": 39,
      "63": 9,
      "64": 60,
      "65": 1,
      "66": 0,
      "67": 41,
      "68": 1,
      "69": 9,
      "70": 3,
      "71": 3,
      "72": 5,
      "73": 33,
      "74": 10,
      "75": 8,
      "76": 0,
      "77": 43,
      "78": 9,
      "79": 33,
      "80": 12,
      "81": 30,
      "82": 0,
      "83": 31,
      "84": 11,
      "85": 43,
      "86": 50,
      "87": 11,
      "88": 26,
      "89": 16,
      "90": 8,
      "91": 12,
      "92": 0,
      "93": 9,
      "94": 6,
      "95": 9,
      "96": 49,
      "97": 3,
      "98": 7,
      "99": 20
    },
    "n_agents": 100,
    "mean_rank_1based": 16.69,
    "median_rank_1based": 11.5,
    "std_rank": 14.977112538804,
    "top1_rate": 0.07,
    "top3_rate": 0.14,
    "mean_score": 0.8415151515151515,
    "gini_score": 0.09481574840955576,
    "hist_1based": {
      "1": 7,
      "2": 4,
      "3": 3,
      "4": 5,
      "5": 8,
      "6": 5,
      "7": 2,
      "8": 3,
      "9": 2,
      "10": 5,
      "11": 6,
      "12": 6,
      "13": 3,
      "14": 1,
      "15": 1,
      "16": 3,
      "17": 3,
      "18": 1,
      "19": 0,
      "20": 1,
      "21": 1,
      "22": 3,
      "23": 1,
      "24": 2,
      "25": 2,
      "26": 0,
      "27": 2,
      "28": 1,
      "29": 2,
      "30": 0,
      "31": 1,
      "32": 1,
      "33": 0,
      "34": 2,
      "35": 0,
      "36": 1,
      "37": 0,
      "38": 0,
      "39": 0,
      "40": 1,
      "41": 0,
      "42": 1,
      "43": 0,
      "44": 2,
      "45": 0,
      "46": 2,
      "47": 0,
      "48": 0,
      "49": 0,
      "50": 1,
      "51": 1,
      "52": 1,
      "53": 0,
      "54": 0,
      "55": 0,
      "56": 0,
      "57": 1,
      "58": 1,
      "59": 0,
      "60": 0,
      "61": 1,
      "62": 0,
      "63": 0,
      "64": 0,
      "65": 0,
      "66": 0,
      "67": 0,
      "68": 0,
      "69": 0,
      "70": 0,
      "71": 0,
      "72": 0,
      "73": 0,
      "74": 0,
      "75": 0,
      "76": 0,
      "77": 0,
      "78": 0,
      "79": 0,
      "80": 0,
      "81": 0,
      "82": 0,
      "83": 0,
      "84": 0,
      "85": 0,
      "86": 0,
      "87": 0,
      "88": 0,
      "89": 0,
      "90": 0,
      "91": 0,
      "92": 0,
      "93": 0,
      "94": 0,
      "95": 0,
      "96": 0,
      "97": 0,
      "98": 0,
      "99": 0,
      "100": 0
    }
  },
  "schools": {
    "ranks_0based": {
      "0": 3,
      "1": 2,
      "2": 13,
      "3": 10,
      "4": 0,
      "5": 2,
      "6": 3,
      "7": 4,
      "8": 1,
      "9": 2,
      "10": 10,
      "11": 8,
      "12": 3,
      "13": 2,
      "14": 1,
      "15": 0,
      "16": 12,
      "17": 8,
      "18": 1,
      "19": 0,
      "20": 5,
      "21": 1,
      "22": 4,
      "23": 12,
      "24": 4,
      "25": 13,
      "26": 6,
      "27": 6,
      "28": 5,
      "29": 2,
      "30": 2,
      "31": 11,
      "32": 4,
      "33": 3,
      "34": 11,
      "35": 0,
      "36": 1,
      "37": 2,
      "38": 1,
      "39": 6,
      "40": 2,
      "41": 0,
      "42": 7,
      "43": 7,
      "44": 3,
      "45": 5,
      "46": 2,
      "47": 0,
      "48": 0,
      "49": 3,
      "50": 4,
      "51": 2,
      "52": 3,
      "53": 5,
      "54": 10,
      "55": 15,
      "56": 3,
      "57": 1,
      "58": 12,
      "59": 2,
      "60": 11,
      "61": 8,
      "62": 4,
      "63": 2,
      "64": 7,
      "65": 2,
      "66": 5,
      "67": 5,
      "68": 0,
      "69": 1,
      "70": 3,
      "71": 13,
      "72": 10,
      "73": 3,
      "74": 7,
      "75": 4,
      "76": 5,
      "77": 3,
      "78": 8,
      "79": 9,
      "80": 1,
      "81": 2,
      "82": 3,
      "83": 0,
      "84": 7,
      "85": 7,
      "86": 0,
      "87": 1,
      "88": 15,
      "89": 2,
      "90": 2,
      "91": 1,
      "92": 4,
      "93": 15,
      "94": 7,
      "95": 4,
      "96": 1,
      "97": 1,
      "98": 8,
      "99": 0
    },
    "n_agents": 100,
    "mean_rank_1based": 5.61,
    "median_rank_1based": 4.0,
    "std_rank": 4.009725676402315,
    "top1_rate": 0.11,
    "top3_rate": 0.4,
    "mean_score": 0.9534343434343434,
    "gini_score": 0.0231009640851787,
    "hist_1based": {
      "1": 11,
      "2": 13,
      "3": 16,
      "4": 12,
      "5": 9,
      "6": 7,
      "7": 3,
      "8": 7,
      "9": 5,
      "10": 1,
      "11": 4,
      "12": 3,
      "13": 3,
      "14": 3,
      "15": 0,
      "16": 3,
      "17": 0,
      "18": 0,
      "19": 0,
      "20": 0,
      "21": 0,
      "22": 0,
      "23": 0,
      "24": 0,
      "25": 0,
      "26": 0,
      "27": 0,
      "28": 0,
      "29": 0,
      "30": 0,
      "31": 0,
      "32": 0,
      "33": 0,
      "34": 0,
      "35": 0,
      "36": 0,
      "37": 0,
      "38": 0,
      "39": 0,
      "40": 0,
      "41": 0,
      "42": 0,
      "43": 0,
      "44": 0,
      "45": 0,
      "46": 0,
      "47": 0,
      "48": 0,
      "49": 0,
      "50": 0,
      "51": 0,
      "52": 0,
      "53": 0,
      "54": 0,
      "55": 0,
      "56": 0,
      "57": 0,
      "58": 0,
      "59": 0,
      "60": 0,
      "61": 0,
      "62": 0,
      "63": 0,
      "64": 0,
      "65": 0,
      "66": 0,
      "67": 0,
      "68": 0,
      "69": 0,
      "70": 0,
      "71": 0,
      "72": 0,
      "73": 0,
      "74": 0,
      "75": 0,
      "76": 0,
      "77": 0,
      "78": 0,
      "79": 0,
      "80": 0,
      "81": 0,
      "82": 0,
      "83": 0,
      "84": 0,
      "85": 0,
      "86": 0,
      "87": 0,
      "88": 0,
      "89": 0,
      "90": 0,
      "91": 0,
      "92": 0,
      "93": 0,
      "94": 0,
      "95": 0,
      "96": 0,
      "97": 0,
      "98": 0,
      "99": 0,
      "100": 0
    }
  }
}