{
  "mode": "DA_E",
  "stable": true,
  "students": {
    "ranks_0based": {
      "0": 0,
      "1": 0,
      "2": 0,
      "3": 2,
      "4": 3,
      "5": 1,
      "6": 7,
      "7": 1,
      "8": 0,
      "9": 7
    },
    "n_agents": 10,
    "mean_rank_1based": 3.1,
    "median_rank_1based": 2.0,
    "std_rank": 2.6248809496813372,
    "top1_rate": 0.4,
    "top3_rate": 0.7,
    "mean_score": 0.7666666666666666,
    "gini_score": 0.19275362318840594,
    "hist_1based": {
      "1": 4,
      "2": 2,
      "3": 1,
      "4": 1,
      "5": 0,
      "6": 0,
      "7": 0,
      "8": 2,
      "9": 0,
      "10": 0
    }
  },
  "schools": {
    "ranks_0based": {
      "0": 0,
      "1": 1,
      "2": 1,
      "3": 1,
      "4": 6,
      "5": 0,
      "6": 1,
      "7": 0,
      "8": 0,
      "9": 1
    },
    "n_agents": 10,
    "mean_rank_1based": 2.1,
    "median_rank_1based": 2.0,
    "std_rank": 1.7,
    "top1_rate": 0.4,
    "top3_rate": 0.9,
    "mean_score": 0.8777777777777778,
    "gini_score": 0.08734177215189853,
    "hist_1based": {
      "1": 4,
      "2": 5,
      "3": 0,
      "4": 0,
      "5": 0,
      "6": 0,
      "7": 1,
      "8": 0,
      "9": 0,
      "10": 0
    }
  }
}