{
  "mode": "DA_S",
  "stable": true,
  "students": {
    "ranks_0based": {
      "0": 0,
      "1": 4,
      "2": 1,
      "3": 5,
      "4": 0,
      "5": 8,
      "6": 0,
      "7": 0,
      "8": 0,
      "9": 0
    },
    "n_agents": 10,
    "mean_rank_1based": 2.8,
    "median_rank_1based": 1.0,
    "std_rank": 2.7129319932501073,
    "top1_rate": 0.6,
    "top3_rate": 0.7,
    "mean_score": 0.8,
    "gini_score": 0.18055555555555536,
    "hist_1based": {
      "1": 6,
      "2": 1,
      "3": 0,
      "4": 0,
      "5": 1,
      "6": 1,
      "7": 0,
      "8": 0,
      "9": 1,
      "10": 0
    }
  },
  "schools": {
    "ranks_0based": {
      "0": 2,
      "1": 1,
      "2": 1,
      "3": 0,
      "4": 3,
      "5": 2,
      "6": 0,
      "7": 2,
      "8": 0,
      "9": 1
    },
    "n_agents": 10,
    "mean_rank_1based": 2.2,
    "median_rank_1based": 2.0,
    "std_rank": 0.9797958971132712,
    "top1_rate": 0.3,
    "top3_rate": 0.9,
    "mean_score": 0.8666666666666667,
    "gini_score": 0.0692307692307692,
    "hist_1based": {
      "1": 3,
      "2": 3,
      "3": 3,
      "4": 1,
      "5": 0,
      "6": 0,
      "7": 0,
      "8": 0,
      "9": 0,
      "10": 0
    }
  }
}