{
  "mode": "DA_S",
  "stable": true,
  "students": {
    "ranks_0based": {
      "0": 7,
      "1": 18,
      "2": 3,
      "3": 8,
      "4": 6,
      "5": 16,
      "6": 1,
      "7": 12,
      "8": 12,
      "9": 3,
      "10": 7,
      "11": 7,
      "12": 18,
      "13": 3,
      "14": 11,
      "15": 5,
      "16": 15,
      "17": 12,
      "18": 11,
      "19": 9
    },
    "n_agents": 20,
    "mean_rank_1based": 10.2,
    "median_rank_1based": 9.5,
    "std_rank": 4.955804677345546,
    "top1_rate": 0.0,
    "top3_rate": 0.05,
    "mean_score": 0.5157894736842106,
    "gini_score": 0.2877551020408162,
    "hist_1based": {
      "1": 0,
      "2": 1,
      "3": 0,
      "4": 3,
      "5": 0,
      "6": 1,
      "7": 1,
      "8": 3,
      "9": 1,
      "10": 1,
      "11": 0,
      "12": 2,
      "13": 3,
      "14": 0,
      "15": 0,
      "16": 1,
      "17": 1,
      "18": 0,
      "19": 2,
      "20": 0
    }
  },
  "schools": {
    "ranks_0based": {
      "0": 3,
      "1": 1,
      "2": 1,
      "3": 0,
      "4": 0,
      "5": 3,
      "6": 0,
      "7": 0,
      "8": 0,
      "9": 0,
      "10": 1,
      "11": 1,
      "12": 1,
      "13": 0,
      "14": 0,
      "15": 1,
      "16": 0,
      "17": 0,
      "18": 2,
      "19": 1
    },
    "n_agents": 20,
    "mean_rank_1based": 1.75,
    "median_rank_1based": 1.5,
    "std_rank": 0.9420721840708386,
    "top1_rate": 0.5,
    "top3_rate": 0.9,
    "mean_score": 0.9605263157894737,
    "gini_score": 0.02561643835616434,
    "hist_1based": {
      "1": 10,
      "2": 7,
      "3": 1,
      "4": 2,
      "5": 0,
      "6": 0,
      "7": 0,
      "8": 0,
      "9": 0,
      "10": 0,
      "11": 0,
      "12": 0,
      "13": 0,
      "14": 0,
      "15": 0,
      "16": 0,
      "17": 0,
      "18": 0,
      "19": 0,
      "20": 0
    }
  }
}