{
  "mode": "DA_S",
  "stable": true,
  "students": {
    "ranks_0based": {
      "0": 17,
      "1": 1,
      "2": 4,
      "3": 22,
      "4": 9,
      "5": 13,
      "6": 26,
      "7": 9,
      "8": 12,
      "9": 1,
      "10": 0,
      "11": 25,
      "12": 0,
      "13": 6,
      "14": 15,
      "15": 20,
      "16": 3,
      "17": 12,
      "18": 5,
      "19": 7,
      "20": 7,
      "21": 9,
      "22": 4,
      "23": 12,
      "24": 0,
      "25": 0,
      "26": 25,
      "27": 4,
      "28": 2,
      "29": 27,
      "30": 7,
      "31": 25,
      "32": 7,
      "33": 9,
      "34": 16,
      "35": 2,
      "36": 14,
      "37": 3,
      "38": 7,
      "39": 31,
      "40": 2,
      "41": 2,
      "42": 16,
      "43": 4,
      "44": 20,
      "45": 10,
      "46": 2,
      "47": 21,
      "48": 15,
      "49": 7
    },
    "n_agents": 50,
    "mean_rank_1based": 11.34,
    "median_rank_1based": 9.0,
    "std_rank": 8.42759752242595,
    "top1_rate": 0.08,
    "top3_rate": 0.22,
    "mean_score": 0.7889795918367347,
    "gini_score": 0.12152095188825673,
    "hist_1based": {
      "1": 4,
      "2": 2,
      "3": 5,
      "4": 2,
      "5": 4,
      "6": 1,
      "7": 1,
      "8": 6,
      "9": 0,
      "10": 4,
      "11": 1,
      "12": 0,
      "13": 3,
      "14": 1,
      "15": 1,
      "16": 2,
      "17": 2,
      "18": 1,
      "19": 0,
      "20": 0,
      "21": 2,
      "22": 1,
      "23": 1,
      "24": 0,
      "25": 0,
      "26": 3,
      "27": 1,
      "28": 1,
      "29": 0,
      "30": 0,
      "31": 0,
      "32": 1,
      "33": 0,
      "34": 0,
      "35": 0,
      "36": 0,
      "37": 0,
      "38": 0,
      "39": 0,
      "40": 0,
      "41": 0,
      "42": 0,
      "43": 0,
      "44": 0,
      "45": 0,
      "46": 0,
      "47": 0,
      "48": 0,
      "49": 0,
      "50": 0
    }
  },
  "schools": {
    "ranks_0based": {
      "0": 1,
      "1": 0,
      "2": 1,
      "3": 0,
      "4": 0,
      "5": 4,
      "6": 3,
      "7": 4,
      "8": 7,
      "9": 2,
      "10": 3,
      "11": 4,
      "12": 4,
      "13": 3,
      "14": 0,
      "15": 1,
      "16": 0,
      "17": 2,
      "18": 0,
      "19": 3,
      "20": 17,
      "21": 0,
      "22": 0,
      "23": 10,
      "24": 0,
      "25": 0,
      "26": 4,
      "27": 0,
      "28": 1,
      "29": 1,
      "30": 3,
      "31": 2,
      "32": 2,
      "33": 0,
      "34": 1,
      "35": 1,
      "36": 6,
      "37": 0,
      "38": 0,
      "39": 6,
      "40": 11,
      "41": 3,
      "42": 0,
      "43": 5,
      "44": 5,
      "45": 2,
      "46": 1,
      "47": 7,
      "48": 4,
      "49": 5
    },
    "n_agents": 50,
    "mean_rank_1based": 3.78,
    "median_rank_1based": 3.0,
    "std_rank": 3.306297022349928,
    "top1_rate": 0.3,
    "top3_rate": 0.56,
    "mean_score": 0.943265306122449,
    "gini_score": 0.03500649069666806,
    "hist_1based": {
      "1": 15,
      "2": 8,
      "3": 5,
      "4": 6,
      "5": 6,
      "6": 3,
      "7": 2,
      "8": 2,
      "9": 0,
      "10": 0,
      "11": 1,
      "12": 1,
      "13": 0,
      "14": 0,
      "15": 0,
      "16": 0,
      "17": 0,
      "18": 1,
      "19": 0,
      "20": 0,
      "21": 0,
      "22": 0,
      "23": 0,
      "24": 0,
      "25": 0,
      "26": 0,
      "27": 0,
      "28": 0,
      "29": 0,
      "30": 0,
      "31": 0,
      "32": 0,
      "33": 0,
      "34": 0,
      "35": 0,
      "36": 0,
      "37": 0,
      "38": 0,
      "39": 0,
      "40": 0,
      "41": 0,
      "42": 0,
      "43": 0,
      "44": 0,
      "45": 0,
      "46": 0,
      "47": 0,
      "48": 0,
      "49": 0,
      "50": 0
    }
  }
}