{
  "mode": "DA_E",
  "stable": true,
  "students": {
    "ranks_0based": {
      "0": 0,
      "1": 0,
      "2": 1,
      "3": 0,
      "4": 0,
      "5": 0,
      "6": 0,
      "7": 5,
      "8": 1,
      "9": 1
    },
    "n_agents": 10,
    "mean_rank_1based": 1.8,
    "median_rank_1based": 1.0,
    "std_rank": 1.469693845669907,
    "top1_rate": 0.6,
    "top3_rate": 0.9,
    "mean_score": 0.9111111111111111,
    "gini_score": 0.07317073170731692,
    "hist_1based": {
      "1": 6,
      "2": 3,
      "3": 0,
      "4": 0,
      "5": 0,
      "6": 1,
      "7": 0,
      "8": 0,
      "9": 0,
      "10": 0
    }
  },
  "schools": {
    "ranks_0based": {
      "0": 0,
      "1": 5,
      "2": 2,
      "3": 3,
      "4": 5,
      "5": 2,
      "6": 4,
      "7": 3,
      "8": 5,
      "9": 7
    },
    "n_agents": 10,
    "mean_rank_1based": 4.6,
    "median_rank_1based": 4.5,
    "std_rank": 1.9078784028338913,
    "top1_rate": 0.1,
    "top3_rate": 0.3,
    "mean_score": 0.6,
    "gini_score": 0.1962962962962962,
    "hist_1based": {
      "1": 1,
      "2": 0,
      "3": 2,
      "4": 2,
      "5": 1,
      "6": 3,
      "7": 0,
      "8": 1,
      "9": 0,
      "10": 0
    }
  }
}