{
  "mode": "DA_E",
  "stable": true,
  "students": {
    "ranks_0based": {
      "0": 1,
      "1": 2,
      "2": 0,
      "3": 2,
      "4": 3,
      "5": 0,
      "6": 2,
      "7": 1,
      "8": 0,
      "9": 1,
      "10": 1,
      "11": 0,
      "12": 0,
      "13": 5,
      "14": 1,
      "15": 2,
      "16": 3,
      "17": 2,
      "18": 1,
      "19": 1
    },
    "n_agents": 20,
    "mean_rank_1based": 2.4,
    "median_rank_1based": 2.0,
    "std_rank": 1.2409673645990857,
    "top1_rate": 0.25,
    "top3_rate": 0.85,
    "mean_score": 0.9263157894736842,
    "gini_score": 0.03693181818181812,
    "hist_1based": {
      "1": 5,
      "2": 7,
      "3": 5,
      "4": 2,
      "5": 0,
      "6": 1,
      "7": 0,
      "8": 0,
      "9": 0,
      "10": 0,
      "11": 0,
      "12": 0,
      "13": 0,
      "14": 0,
      "15": 0,
      "16": 0,
      "17": 0,
      "18": 0,
      "19": 0,
      "20": 0
    }
  },
  "schools": {
    "ranks_0based": {
      "0": 8,
      "1": 17,
      "2": 1,
      "3": 9,
      "4": 11,
      "5": 4,
      "6": 1,
      "7": 6,
      "8": 3,
      "9": 17,
      "10": 14,
      "11": 9,
      "12": 0,
      "13": 0,
      "14": 15,
      "15": 5,
      "16": 1,
      "17": 3,
      "18": 0,
      "19": 0
    },
    "n_agents": 20,
    "mean_rank_1based": 7.2,
    "median_rank_1based": 5.5,
    "std_rank": 5.81033561853358,
    "top1_rate": 0.2,
    "top3_rate": 0.35,
    "mean_score": 0.6736842105263158,
    "gini_score": 0.25234374999999987,
    "hist_1based": {
      "1": 4,
      "2": 3,
      "3": 0,
      "4": 2,
      "5": 1,
      "6": 1,
      "7": 1,
      "8": 0,
      "9": 1,
      "10": 2,
      "11": 0,
      "12": 1,
      "13": 0,
      "14": 0,
      "15": 1,
      "16": 1,
      "17": 0,
      "18": 2,
      "19": 0,
      "20": 0
    }
  }
}