{
  "mode": "DA_S",
  "stable": true,
  "students": {
    "ranks_0based": {
      "0": 10,
      "1": 1,
      "2": 10,
      "3": 28,
      "4": 2,
      "5": 41,
      "6": 7,
      "7": 19,
      "8": 35,
      "9": 1,
      "10": 36,
      "11": 4,
      "12": 4,
      "13": 0,
      "14": 7,
      "15": 0,
      "16": 15,
      "17": 20,
      "18": 15,
      "19": 6,
      "20": 20,
      "21": 13,
      "22": 3,
      "23": 22,
      "24": 5,
      "25": 9,
      "26": 9,
      "27": 57,
      "28": 9,
      "29": 17,
      "30": 0,
      "31": 45,
      "32": 33,
      "33": 56,
      "34": 8,
      "35": 29,
      "36": 3,
      "37": 17,
      "38": 8,
      "39": 48,
      "40": 6,
      "41": 12,
      "42": 28,
      "43": 5,
      "44": 13,
      "45": 15,
      "46": 4,
      "47": 0,
      "48": 34,
      "49": 2,
      "50": 13,
      "51": 9,
      "52": 65,
      "53": 12,
      "54": 41,
      "55": 13,
      "56": 36,
      "57": 24,
      "58": 2,
      "59": 27,
      "60": 7,
      "61": 2,
      "62": 0,
      "63": 26,
      "64": 2,
      "65": 7,
      "66": 21,
      "67": 25,
      "68": 9,
      "69": 11,
      "70": 29,
      "71": 4,
      "72": 1,
      "73": 2,
      "74": 7,
      "75": 5,
      "76": 22,
      "77": 1,
      "78": 4,
      "79": 6,
      "80": 17,
      "81": 0,
      "82": 17,
      "83": 26,
      "84": 2,
      "85": 1,
      "86": 6,
      "87": 42,
      "88": 2,
      "89": 31,
      "90": 22,
      "91": 33,
      "92": 29,
      "93": 20,
      "94": 4,
      "95": 5,
      "96": 18,
      "97": 17,
      "98": 27,
      "99": 74
    },
    "n_agents": 100,
    "mean_rank_1based": 17.17,
    "median_rank_1based": 12.5,
    "std_rank": 15.480345603377206,
    "top1_rate": 0.06,
    "top3_rate": 0.19,
    "mean_score": 0.8366666666666667,
    "gini_score": 0.09848484848484906,
    "hist_1based": {
      "1": 6,
      "2": 5,
      "3": 8,
      "4": 2,
      "5": 6,
      "6": 4,
      "7": 4,
      "8": 5,
      "9": 2,
      "10": 5,
      "11": 2,
      "12": 1,
      "13": 2,
      "14": 4,
      "15": 0,
      "16": 3,
      "17": 0,
      "18": 5,
      "19": 1,
      "20": 1,
      "21": 3,
      "22": 1,
      "23": 3,
      "24": 0,
      "25": 1,
      "26": 1,
      "27": 2,
      "28": 2,
      "29": 2,
      "30": 3,
      "31": 0,
      "32": 1,
      "33": 0,
      "34": 2,
      "35": 1,
      "36": 1,
      "37": 2,
      "38": 0,
      "39": 0,
      "40": 0,
      "41": 0,
      "42": 2,
      "43": 1,
      "44": 0,
      "45": 0,
      "46": 1,
      "47": 0,
      "48": 0,
      "49": 1,
      "50": 0,
      "51": 0,
      "52": 0,
      "53": 0,
      "54": 0,
      "55": 0,
      "56": 0,
      "57": 1,
      "58": 1,
      "59": 0,
      "60": 0,
      "61": 0,
      "62": 0,
      "63": 0,
      "64": 0,
      "65": 0,
      "66": 1,
      "67": 0,
      "68": 0,
      "69": 0,
      "70": 0,
      "71": 0,
      "72": 0,
      "73": 0,
      "74": 0,
      "75": 1,
      "76": 0,
      "77": 0,
      "78": 0,
      "79": 0,
      "80": 0,
      "81": 0,
      "82": 0,
      "83": 0,
      "84": 0,
      "85": 0,
      "86": 0,
      "87": 0,
      "88": 0,
      "89": 0,
      "90": 0,
      "91": 0,
      "92": 0,
      "93": 0,
      "94": 0,
      "95": 0,
      "96": 0,
      "97": 0,
      "98": 0,
      "99": 0,
      "100": 0
    }
  },
  "schools": {
    "ranks_0based": {
      "0": 3,
      "1": 2,
      "2": 3,
      "3": 2,
      "4": 2,
      "5": 8,
      "6": 14,
      "7": 3,
      "8": 1,
      "9": 9,
      "10": 1,
      "11": 0,
      "12": 0,
      "13": 1,
      "14": 0,
      "15": 1,
      "16": 16,
      "17": 2,
      "18": 12,
      "19": 10,
      "20": 7,
      "21": 6,
      "22": 26,
      "23": 1,
      "24": 0,
      "25": 1,
      "26": 3,
      "27": 6,
      "28": 0,
      "29": 0,
      "30": 17,
      "31": 2,
      "32": 5,
      "33": 7,
      "34": 0,
      "35": 3,
      "36": 0,
      "37": 9,
      "38": 15,
      "39": 0,
      "40": 3,
      "41": 1,
      "42": 1,
      "43": 3,
      "44": 0,
      "45": 5,
      "46": 2,
      "47": 8,
      "48": 0,
      "49": 1,
      "50": 2,
      "51": 1,
      "52": 0,
      "53": 8,
      "54": 4,
      "55": 9,
      "56": 10,
      "57": 2,
      "58": 0,
      "59": 1,
      "60": 5,
      "61": 20,
      "62": 9,
      "63": 1,
      "64": 27,
      "65": 6,
      "66": 0,
      "67": 3,
      "68": 0,
      "69": 7,
      "70": 1,
      "71": 0,
      "72": 10,
      "73": 2,
      "74": 8,
      "75": 8,
      "76": 4,
      "77": 3,
      "78": 4,
      "79": 8,
      "80": 5,
      "81": 8,
      "82": 12,
      "83": 0,
      "84": 1,
      "85": 8,
      "86": 2,
      "87": 13,
      "88": 6,
      "89": 6,
      "90": 2,
      "91": 1,
      "92": 3,
      "93": 5,
      "94": 0,
      "95": 1,
      "96": 0,
      "97": 0,
      "98": 7,
      "99": 1
    },
    "n_agents": 100,
    "mean_rank_1based": 5.66,
    "median_rank_1based": 4.0,
    "std_rank": 5.378140942742204,
    "top1_rate": 0.2,
    "top3_rate": 0.48,
    "mean_score": 0.952929292929293,
    "gini_score": 0.028323086707653378,
    "hist_1based": {
      "1": 20,
      "2": 17,
      "3": 11,
      "4": 10,
      "5": 3,
      "6": 5,
      "7": 5,
      "8": 4,
      "9": 8,
      "10": 4,
      "11": 3,
      "12": 0,
      "13": 2,
      "14": 1,
      "15": 1,
      "16": 1,
      "17": 1,
      "18": 1,
      "19": 0,
      "20": 0,
      "21": 1,
      "22": 0,
      "23": 0,
      "24": 0,
      "25": 0,
      "26": 0,
      "27": 1,
      "28": 1,
      "29": 0,
      "30": 0,
      "31": 0,
      "32": 0,
      "33": 0,
      "34": 0,
      "35": 0,
      "36": 0,
      "37": 0,
      "38": 0,
      "39": 0,
      "40": 0,
      "41": 0,
      "42": 0,
      "43": 0,
      "44": 0,
      "45": 0,
      "46": 0,
      "47": 0,
      "48": 0,
      "49": 0,
      "50": 0,
      "51": 0,
      "52": 0,
      "53": 0,
      "54": 0,
      "55": 0,
      "56": 0,
      "57": 0,
      "58": 0,
      "59": 0,
      "60": 0,
      "61": 0,
      "62": 0,
      "63": 0,
      "64": 0,
      "65": 0,
      "66": 0,
      "67": 0,
      "68": 0,
      "69": 0,
      "70": 0,
      "71": 0,
      "72": 0,
      "73": 0,
      "74": 0,
      "75": 0,
      "76": 0,
      "77": 0,
      "78": 0,
      "79": 0,
      "80": 0,
      "81": 0,
      "82": 0,
      "83": 0,
      "84": 0,
      "85": 0,
      "86": 0,
      "87": 0,
      "88": 0,
      "89": 0,
      "90": 0,
      "91": 0,
      "92": 0,
      "93": 0,
      "94": 0,
      "95": 0,
      "96": 0,
      "97": 0,
      "98": 0,
      "99": 0,
      "100": 0
    }
  }
}