{
  "mode": "DA_S",
  "stable": true,
  "students": {
    "ranks_0based": {
      "0": 0,
      "1": 4,
      "2": 6,
      "3": 0,
      "4": 6,
      "5": 4,
      "6": 1,
      "7": 0,
      "8": 2,
      "9": 0
    },
    "n_agents": 10,
    "mean_rank_1based": 3.3,
    "median_rank_1based": 2.5,
    "std_rank": 2.3685438564654024,
    "top1_rate": 0.4,
    "top3_rate": 0.6,
    "mean_score": 0.7444444444444445,
    "gini_score": 0.19253731343283587,
    "hist_1based": {
      "1": 4,
      "2": 1,
      "3": 1,
      "4": 0,
      "5": 2,
      "6": 0,
      "7": 2,
      "8": 0,
      "9": 0,
      "10": 0
    }
  },
  "schools": {
    "ranks_0based": {
      "0": 1,
      "1": 0,
      "2": 0,
      "3": 2,
      "4": 7,
      "5": 1,
      "6": 4,
      "7": 0,
      "8": 1,
      "9": 2
    },
    "n_agents": 10,
    "mean_rank_1based": 2.8,
    "median_rank_1based": 2.0,
    "std_rank": 2.08806130178211,
    "top1_rate": 0.3,
    "top3_rate": 0.8,
    "mean_score": 0.8,
    "gini_score": 0.14444444444444438,
    "hist_1based": {
      "1": 3,
      "2": 3,
      "3": 2,
      "4": 0,
      "5": 1,
      "6": 0,
      "7": 0,
      "8": 1,
      "9": 0,
      "10": 0
    }
  }
}