{
  "mode": "DA_E",
  "stable": true,
  "students": {
    "ranks_0based": {
      "0": 2,
      "1": 2,
      "2": 2,
      "3": 0,
      "4": 3,
      "5": 1,
      "6": 5,
      "7": 0,
      "8": 0,
      "9": 4,
      "10": 1,
      "11": 0,
      "12": 1,
      "13": 8,
      "14": 0,
      "15": 1,
      "16": 0,
      "17": 3,
      "18": 0,
      "19": 2
    },
    "n_agents": 20,
    "mean_rank_1based": 2.75,
    "median_rank_1based": 2.0,
    "std_rank": 2.021756661915573,
    "top1_rate": 0.35,
    "top3_rate": 0.75,
    "mean_score": 0.9078947368421053,
    "gini_score": 0.059275362318840674,
    "hist_1based": {
      "1": 7,
      "2": 4,
      "3": 4,
      "4": 2,
      "5": 1,
      "6": 1,
      "7": 0,
      "8": 0,
      "9": 1,
      "10": 0,
      "11": 0,
      "12": 0,
      "13": 0,
      "14": 0,
      "15": 0,
      "16": 0,
      "17": 0,
      "18": 0,
      "19": 0,
      "20": 0
    }
  },
  "schools": {
    "ranks_0based": {
      "0": 10,
      "1": 0,
      "2": 9,
      "3": 1,
      "4": 3,
      "5": 0,
      "6": 8,
      "7": 7,
      "8": 8,
      "9": 2,
      "10": 17,
      "11": 1,
      "12": 3,
      "13": 7,
      "14": 5,
      "15": 2,
      "16": 19,
      "17": 14,
      "18": 10,
      "19": 1
    },
    "n_agents": 20,
    "mean_rank_1based": 7.35,
    "median_rank_1based": 7.0,
    "std_rank": 5.479735395071554,
    "top1_rate": 0.1,
    "top3_rate": 0.35,
    "mean_score": 0.6657894736842105,
    "gini_score": 0.23814229249011865,
    "hist_1based": {
      "1": 2,
      "2": 3,
      "3": 2,
      "4": 2,
      "5": 0,
      "6": 1,
      "7": 0,
      "8": 2,
      "9": 2,
      "10": 1,
      "11": 2,
      "12": 0,
      "13": 0,
      "14": 0,
      "15": 1,
      "16": 0,
      "17": 0,
      "18": 1,
      "19": 0,
      "20": 1
    }
  }
}