{
  "mode": "DA_S",
  "stable": true,
  "students": {
    "ranks_0based": {
      "0": 11,
      "1": 3,
      "2": 4,
      "3": 11,
      "4": 2,
      "5": 0,
      "6": 18,
      "7": 1,
      "8": 1,
      "9": 1,
      "10": 9,
      "11": 0,
      "12": 0,
      "13": 1,
      "14": 1,
      "15": 0,
      "16": 7,
      "17": 0,
      "18": 1,
      "19": 2
    },
    "n_agents": 20,
    "mean_rank_1based": 4.65,
    "median_rank_1based": 2.0,
    "std_rank": 4.8401962770119145,
    "top1_rate": 0.25,
    "top3_rate": 0.65,
    "mean_score": 0.8078947368421053,
    "gini_score": 0.15260586319218228,
    "hist_1based": {
      "1": 5,
      "2": 6,
      "3": 2,
      "4": 1,
      "5": 1,
      "6": 0,
      "7": 0,
      "8": 1,
      "9": 0,
      "10": 1,
      "11": 0,
      "12": 2,
      "13": 0,
      "14": 0,
      "15": 0,
      "16": 0,
      "17": 0,
      "18": 0,
      "19": 1,
      "20": 0
    }
  },
  "schools": {
    "ranks_0based": {
      "0": 4,
      "1": 6,
      "2": 5,
      "3": 1,
      "4": 2,
      "5": 6,
      "6": 0,
      "7": 5,
      "8": 4,
      "9": 0,
      "10": 5,
      "11": 3,
      "12": 8,
      "13": 1,
      "14": 1,
      "15": 2,
      "16": 0,
      "17": 0,
      "18": 8,
      "19": 5
    },
    "n_agents": 20,
    "mean_rank_1based": 4.3,
    "median_rank_1based": 4.5,
    "std_rank": 2.5903667693977237,
    "top1_rate": 0.2,
    "top3_rate": 0.45,
    "mean_score": 0.8263157894736842,
    "gini_score": 0.09331210191082806,
    "hist_1based": {
      "1": 4,
      "2": 3,
      "3": 2,
      "4": 1,
      "5": 2,
      "6": 4,
      "7": 2,
      "8": 0,
      "9": 2,
      "10": 0,
      "11": 0,
      "12": 0,
      "13": 0,
      "14": 0,
      "15": 0,
      "16": 0,
      "17": 0,
      "18": 0,
      "19": 0,
      "20": 0
    }
  }
}