{
  "mode": "DA_E",
  "stable": true,
  "students": {
    "ranks_0based": {
      "0": 1,
      "1": 8,
      "2": 2,
      "3": 10,
      "4": 0,
      "5": 9,
      "6": 4,
      "7": 3,
      "8": 2,
      "9": 5,
      "10": 1,
      "11": 3,
      "12": 0,
      "13": 1,
      "14": 8,
      "15": 2,
      "16": 6,
      "17": 6,
      "18": 1,
      "19": 3,
      "20": 4,
      "21": 0,
      "22": 0,
      "23": 1,
      "24": 6,
      "25": 0,
      "26": 6,
      "27": 7,
      "28": 1,
      "29": 1,
      "30": 1,
      "31": 5,
      "32": 4,
      "33": 0,
      "34": 2,
      "35": 6,
      "36": 0,
      "37": 1,
      "38": 6,
      "39": 4,
      "40": 5,
      "41": 0,
      "42": 3,
      "43": 2,
      "44": 0,
      "45": 4,
      "46": 1,
      "47": 11,
      "48": 5,
      "49": 2,
      "50": 0,
      "51": 0,
      "52": 5,
      "53": 3,
      "54": 3,
      "55": 6,
      "56": 5,
      "57": 4,
      "58": 4,
      "59": 6,
      "60": 0,
      "61": 1,
      "62": 4,
      "63": 0,
      "64": 2,
      "65": 18,
      "66": 0,
      "67": 4,
      "68": 3,
      "69": 2,
      "70": 0,
      "71": 0,
      "72": 7,
      "73": 4,
      "74": 2,
      "75": 3,
      "76": 1,
      "77": 2,
      "78": 0,
      "79": 1,
      "80": 0,
      "81": 5,
      "82": 3,
      "83": 6,
      "84": 8,
      "85": 2,
      "86": 1,
      "87": 10,
      "88": 1,
      "89": 6,
      "90": 25,
      "91": 4,
      "92": 0,
      "93": 3,
      "94": 0,
      "95": 2,
      "96": 2,
      "97": 4,
      "98": 7,
      "99": 4
    },
    "n_agents": 100,
    "mean_rank_1based": 4.46,
    "median_rank_1based": 4.0,
    "std_rank": 3.732077169620157,
    "top1_rate": 0.2,
    "top3_rate": 0.48,
    "mean_score": 0.965050505050505,
    "gini_score": 0.01868536738538884,
    "hist_1based": {
      "1": 20,
      "2": 15,
      "3": 13,
      "4": 10,
      "5": 13,
      "6": 7,
      "7": 10,
      "8": 3,
      "9": 3,
      "10": 1,
      "11": 2,
      "12": 1,
      "13": 0,
      "14": 0,
      "15": 0,
      "16": 0,
      "17": 0,
      "18": 0,
      "19": 1,
      "20": 0,
      "21": 0,
      "22": 0,
      "23": 0,
      "24": 0,
      "25": 0,
      "26": 1,
      "27": 0,
      "28": 0,
      "29": 0,
      "30": 0,
      "31": 0,
      "32": 0,
      "33": 0,
      "34": 0,
      "35": 0,
      "36": 0,
      "37": 0,
      "38": 0,
      "39": 0,
      "40": 0,
      "41": 0,
      "42": 0,
      "43": 0,
      "44": 0,
      "45": 0,
      "46": 0,
      "47": 0,
      "48": 0,
      "49": 0,
      "50": 0,
      "51": 0,
      "52": 0,
      "53": 0,
      "54": 0,
      "55": 0,
      "56": 0,
      "57": 0,
      "58": 0,
      "59": 0,
      "60": 0,
      "61": 0,
      "62": 0,
      "63": 0,
      "64": 0,
      "65": 0,
      "66": 0,
      "67": 0,
      "68": 0,
      "69": 0,
      "70": 0,
      "71": 0,
      "72": 0,
      "73": 0,
      "74": 0,
      "75": 0,
      "76": 0,
      "77": 0,
      "78": 0,
      "79": 0,
      "80": 0,
      "81": 0,
      "82": 0,
      "83": 0,
      "84": 0,
      "85": 0,
      "86": 0,
      "87": 0,
      "88": 0,
      "89": 0,
      "90": 0,
      "91": 0,
      "92": 0,
      "93": 0,
      "94": 0,
      "95": 0,
      "96": 0,
      "97": 0,
      "98": 0,
      "99": 0,
      "100": 0
    }
  },
  "schools": {
    "ranks_0based": {
      "0": 13,
      "1": 30,
      "2": 20,
      "3": 1,
      "4": 8,
      "5": 22,
      "6": 17,
      "7": 21,
      "8": 1,
      "9": 10,
      "10": 0,
      "11": 9,
      "12": 7,
      "13": 33,
      "14": 24,
      "15": 30,
      "16": 90,
      "17": 70,
      "18": 48,
      "19": 11,
      "20": 19,
      "21": 33,
      "22": 27,
      "23": 4,
      "24": 36,
      "25": 35,
      "26": 14,
      "27": 16,
      "28": 5,
      "29": 46,
      "30": 71,
      "31": 1,
      "32": 3,
      "33": 2,
      "34": 23,
      "35": 24,
      "36": 1,
      "37": 9,
      "38": 9,
      "39": 76,
      "40": 0,
      "41": 83,
      "42": 22,
      "43": 33,
      "44": 13,
      "45": 15,
      "46": 7,
      "47": 46,
      "48": 25,
      "49": 10,
      "50": 48,
      "51": 95,
      "52": 18,
      "53": 21,
      "54": 70,
      "55": 9,
      "56": 2,
      "57": 47,
      "58": 29,
      "59": 15,
      "60": 26,
      "61": 0,
      "62": 42,
      "63": 9,
      "64": 7,
      "65": 18,
      "66": 11,
      "67": 19,
      "68": 14,
      "69": 2,
      "70": 30,
      "71": 12,
      "72": 12,
      "73": 3,
      "74": 7,
      "75": 42,
      "76": 28,
      "77": 36,
      "78": 2,
      "79": 23,
      "80": 8,
      "81": 62,
      "82": 24,
      "83": 56,
      "84": 5,
      "85": 92,
      "86": 20,
      "87": 11,
      "88": 18,
      "89": 31,
      "90": 21,
      "91": 4,
      "92": 22,
      "93": 52,
      "94": 2,
      "95": 7,
      "96": 3,
      "97": 35,
      "98": 9,
      "99": 57
    },
    "n_agents": 100,
    "mean_rank_1based": 25.09,
    "median_rank_1based": 19.5,
    "std_rank": 22.320436823682464,
    "top1_rate": 0.03,
    "top3_rate": 0.12,
    "mean_score": 0.7566666666666667,
    "gini_score": 0.15558002936857607,
    "hist_1based": {
      "1": 3,
      "2": 4,
      "3": 5,
      "4": 3,
      "5": 2,
      "6": 2,
      "7": 0,
      "8": 5,
      "9": 2,
      "10": 6,
      "11": 2,
      "12": 3,
      "13": 2,
      "14": 2,
      "15": 2,
      "16": 2,
      "17": 1,
      "18": 1,
      "19": 3,
      "20": 2,
      "21": 2,
      "22": 3,
      "23": 3,
      "24": 2,
      "25": 3,
      "26": 1,
      "27": 1,
      "28": 1,
      "29": 1,
      "30": 1,
      "31": 3,
      "32": 1,
      "33": 0,
      "34": 3,
      "35": 0,
      "36": 2,
      "37": 2,
      "38": 0,
      "39": 0,
      "40": 0,
      "41": 0,
      "42": 0,
      "43": 2,
      "44": 0,
      "45": 0,
      "46": 0,
      "47": 2,
      "48": 1,
      "49": 2,
      "50": 0,
      "51": 0,
      "52": 0,
      "53": 1,
      "54": 0,
      "55": 0,
      "56": 0,
      "57": 1,
      "58": 1,
      "59": 0,
      "60": 0,
      "61": 0,
      "62": 0,
      "63": 1,
      "64": 0,
      "65": 0,
      "66": 0,
      "67": 0,
      "68": 0,
      "69": 0,
      "70": 0,
      "71": 2,
      "72": 1,
      "73": 0,
      "74": 0,
      "75": 0,
      "76": 0,
      "77": 1,
      "78": 0,
      "79": 0,
      "80": 0,
      "81": 0,
      "82": 0,
      "83": 0,
      "84": 1,
      "85": 0,
      "86": 0,
      "87": 0,
      "88": 0,
      "89": 0,
      "90": 0,
      "91": 1,
      "92": 0,
      "93": 1,
      "94": 0,
      "95": 0,
      "96": 1,
      "97": 0,
      "98": 0,
      "99": 0,
      "100": 0
    }
  }
}