{
  "mode": "DA_S",
  "stable": true,
  "students": {
    "ranks_0based": {
      "0": 18,
      "1": 7,
      "2": 0,
      "3": 2,
      "4": 16,
      "5": 2,
      "6": 6,
      "7": 26,
      "8": 6,
      "9": 5,
      "10": 16,
      "11": 6,
      "12": 1,
      "13": 0,
      "14": 4,
      "15": 5,
      "16": 12,
      "17": 20,
      "18": 11,
      "19": 2,
      "20": 1,
      "21": 1,
      "22": 9,
      "23": 1,
      "24": 25,
      "25": 44,
      "26": 16,
      "27": 44,
      "28": 17,
      "29": 14,
      "30": 3,
      "31": 20,
      "32": 28,
      "33": 2,
      "34": 0,
      "35": 22,
      "36": 43,
      "37": 1,
      "38": 11,
      "39": 27,
      "40": 13,
      "41": 4,
      "42": 1,
      "43": 20,
      "44": 6,
      "45": 8,
      "46": 15,
      "47": 1,
      "48": 2,
      "49": 8
    },
    "n_agents": 50,
    "mean_rank_1based": 12.44,
    "median_rank_1based": 8.5,
    "std_rank": 11.447549956213338,
    "top1_rate": 0.06,
    "top3_rate": 0.3,
    "mean_score": 0.7665306122448979,
    "gini_score": 0.159872204472844,
    "hist_1based": {
      "1": 3,
      "2": 7,
      "3": 5,
      "4": 1,
      "5": 2,
      "6": 2,
      "7": 4,
      "8": 1,
      "9": 2,
      "10": 1,
      "11": 0,
      "12": 2,
      "13": 1,
      "14": 1,
      "15": 1,
      "16": 1,
      "17": 3,
      "18": 1,
      "19": 1,
      "20": 0,
      "21": 3,
      "22": 0,
      "23": 1,
      "24": 0,
      "25": 0,
      "26": 1,
      "27": 1,
      "28": 1,
      "29": 1,
      "30": 0,
      "31": 0,
      "32": 0,
      "33": 0,
      "34": 0,
      "35": 0,
      "36": 0,
      "37": 0,
      "38": 0,
      "39": 0,
      "40": 0,
      "41": 0,
      "42": 0,
      "43": 0,
      "44": 1,
      "45": 2,
      "46": 0,
      "47": 0,
      "48": 0,
      "49": 0,
      "50": 0
    }
  },
  "schools": {
    "ranks_0based": {
      "0": 0,
      "1": 3,
      "2": 6,
      "3": 1,
      "4": 2,
      "5": 6,
      "6": 3,
      "7": 1,
      "8": 2,
      "9": 5,
      "10": 6,
      "11": 4,
      "12": 2,
      "13": 9,
      "14": 5,
      "15": 0,
      "16": 8,
      "17": 0,
      "18": 4,
      "19": 2,
      "20": 0,
      "21": 1,
      "22": 0,
      "23": 7,
      "24": 5,
      "25": 4,
      "26": 1,
      "27": 4,
      "28": 7,
      "29": 2,
      "30": 6,
      "31": 2,
      "32": 5,
      "33": 1,
      "34": 0,
      "35": 1,
      "36": 4,
      "37": 6,
      "38": 3,
      "39": 0,
      "40": 8,
      "41": 0,
      "42": 2,
      "43": 7,
      "44": 2,
      "45": 0,
      "46": 0,
      "47": 2,
      "48": 0,
      "49": 5
    },
    "n_agents": 50,
    "mean_rank_1based": 4.08,
    "median_rank_1based": 3.0,
    "std_rank": 2.5910615585122634,
    "top1_rate": 0.22,
    "top3_rate": 0.52,
    "mean_score": 0.9371428571428572,
    "gini_score": 0.03179442508710828,
    "hist_1based": {
      "1": 11,
      "2": 6,
      "3": 9,
      "4": 3,
      "5": 5,
      "6": 5,
      "7": 5,
      "8": 3,
      "9": 2,
      "10": 1,
      "11": 0,
      "12": 0,
      "13": 0,
      "14": 0,
      "15": 0,
      "16": 0,
      "17": 0,
      "18": 0,
      "19": 0,
      "20": 0,
      "21": 0,
      "22": 0,
      "23": 0,
      "24": 0,
      "25": 0,
      "26": 0,
      "27": 0,
      "28": 0,
      "29": 0,
      "30": 0,
      "31": 0,
      "32": 0,
      "33": 0,
      "34": 0,
      "35": 0,
      "36": 0,
      "37": 0,
      "38": 0,
      "39": 0,
      "40": 0,
      "41": 0,
      "42": 0,
      "43": 0,
      "44": 0,
      "45": 0,
      "46": 0,
      "47": 0,
      "48": 0,
      "49": 0,
      "50": 0
    }
  }
}