{
  "mode": "DA_S",
  "stable": true,
  "students": {
    "ranks_0based": {
      "0": 0,
      "1": 0,
      "2": 18,
      "3": 0,
      "4": 5,
      "5": 5,
      "6": 8,
      "7": 13,
      "8": 4,
      "9": 8,
      "10": 0,
      "11": 5,
      "12": 5,
      "13": 3,
      "14": 3,
      "15": 16,
      "16": 12,
      "17": 3,
      "18": 0,
      "19": 1
    },
    "n_agents": 20,
    "mean_rank_1based": 6.45,
    "median_rank_1based": 5.5,
    "std_rank": 5.342986056504359,
    "top1_rate": 0.25,
    "top3_rate": 0.3,
    "mean_score": 0.7131578947368421,
    "gini_score": 0.21162361623616222,
    "hist_1based": {
      "1": 5,
      "2": 1,
      "3": 0,
      "4": 3,
      "5": 1,
      "6": 4,
      "7": 0,
      "8": 0,
      "9": 2,
      "10": 0,
      "11": 0,
      "12": 0,
      "13": 1,
      "14": 1,
      "15": 0,
      "16": 0,
      "17": 1,
      "18": 0,
      "19": 1,
      "20": 0
    }
  },
  "schools": {
    "ranks_0based": {
      "0": 0,
      "1": 1,
      "2": 0,
      "3": 1,
      "4": 0,
      "5": 6,
      "6": 2,
      "7": 0,
      "8": 3,
      "9": 1,
      "10": 2,
      "11": 0,
      "12": 2,
      "13": 1,
      "14": 2,
      "15": 2,
      "16": 5,
      "17": 2,
      "18": 4,
      "19": 0
    },
    "n_agents": 20,
    "mean_rank_1based": 2.7,
    "median_rank_1based": 2.5,
    "std_rank": 1.676305461424021,
    "top1_rate": 0.3,
    "top3_rate": 0.8,
    "mean_score": 0.9105263157894737,
    "gini_score": 0.05115606936416173,
    "hist_1based": {
      "1": 6,
      "2": 4,
      "3": 6,
      "4": 1,
      "5": 1,
      "6": 1,
      "7": 1,
      "8": 0,
      "9": 0,
      "10": 0,
      "11": 0,
      "12": 0,
      "13": 0,
      "14": 0,
      "15": 0,
      "16": 0,
      "17": 0,
      "18": 0,
      "19": 0,
      "20": 0
    }
  }
}