{
  "mode": "DA_S",
  "stable": true,
  "students": {
    "ranks_0based": {
      "0": 8,
      "1": 13,
      "2": 37,
      "3": 3,
      "4": 45,
      "5": 36,
      "6": 1,
      "7": 19,
      "8": 7,
      "9": 31,
      "10": 15,
      "11": 11,
      "12": 3,
      "13": 7,
      "14": 27,
      "15": 12,
      "16": 3,
      "17": 23,
      "18": 56,
      "19": 0,
      "20": 1,
      "21": 0,
      "22": 5,
      "23": 0,
      "24": 16,
      "25": 33,
      "26": 14,
      "27": 94,
      "28": 8,
      "29": 4,
      "30": 9,
      "31": 0,
      "32": 1,
      "33": 51,
      "34": 5,
      "35": 2,
      "36": 62,
      "37": 11,
      "38": 9,
      "39": 2,
      "40": 39,
      "41": 48,
      "42": 29,
      "43": 22,
      "44": 2,
      "45": 45,
      "46": 20,
      "47": 2,
      "48": 3,
      "49": 11,
      "50": 11,
      "51": 8,
      "52": 38,
      "53": 6,
      "54": 28,
      "55": 0,
      "56": 2,
      "57": 9,
      "58": 35,
      "59": 7,
      "60": 4,
      "61": 1,
      "62": 10,
      "63": 0,
      "64": 12,
      "65": 20,
      "66": 14,
      "67": 5,
      "68": 7,
      "69": 8,
      "70": 2,
      "71": 12,
      "72": 15,
      "73": 5,
      "74": 1,
      "75": 25,
      "76": 6,
      "77": 13,
      "78": 4,
      "79": 15,
      "80": 8,
      "81": 48,
      "82": 8,
      "83": 0,
      "84": 6,
      "85": 61,
      "86": 3,
      "87": 22,
      "88": 6,
      "89": 4,
      "90": 0,
      "91": 5,
      "92": 22,
      "93": 22,
      "94": 11,
      "95": 4,
      "96": 2,
      "97": 20,
      "98": 19,
      "99": 3
    },
    "n_agents": 100,
    "mean_rank_1based": 16.02,
    "median_rank_1based": 9.5,
    "std_rank": 16.900875716956207,
    "top1_rate": 0.08,
    "top3_rate": 0.2,
    "mean_score": 0.8482828282828283,
    "gini_score": 0.09915217909026008,
    "hist_1based": {
      "1": 8,
      "2": 5,
      "3": 7,
      "4": 6,
      "5": 5,
      "6": 5,
      "7": 4,
      "8": 4,
      "9": 6,
      "10": 3,
      "11": 1,
      "12": 5,
      "13": 3,
      "14": 2,
      "15": 2,
      "16": 3,
      "17": 1,
      "18": 0,
      "19": 0,
      "20": 2,
      "21": 3,
      "22": 0,
      "23": 4,
      "24": 1,
      "25": 0,
      "26": 1,
      "27": 0,
      "28": 1,
      "29": 1,
      "30": 1,
      "31": 0,
      "32": 1,
      "33": 0,
      "34": 1,
      "35": 0,
      "36": 1,
      "37": 1,
      "38": 1,
      "39": 1,
      "40": 1,
      "41": 0,
      "42": 0,
      "43": 0,
      "44": 0,
      "45": 0,
      "46": 2,
      "47": 0,
      "48": 0,
      "49": 2,
      "50": 0,
      "51": 0,
      "52": 1,
      "53": 0,
      "54": 0,
      "55": 0,
      "56": 0,
      "57": 1,
      "58": 0,
      "59": 0,
      "60": 0,
      "61": 0,
      "62": 1,
      "63": 1,
      "64": 0,
      "65": 0,
      "66": 0,
      "67": 0,
      "68": 0,
      "69": 0,
      "70": 0,
      "71": 0,
      "72": 0,
      "73": 0,
      "74": 0,
      "75": 0,
      "76": 0,
      "77": 0,
      "78": 0,
      "79": 0,
      "80": 0,
      "81": 0,
      "82": 0,
      "83": 0,
      "84": 0,
      "85": 0,
      "86": 0,
      "87": 0,
      "88": 0,
      "89": 0,
      "90": 0,
      "91": 0,
      "92": 0,
      "93": 0,
      "94": 0,
      "95": 1,
      "96": 0,
      "97": 0,
      "98": 0,
      "99": 0,
      "100": 0
    }
  },
  "schools": {
    "ranks_0based": {
      "0": 2,
      "1": 6,
      "2": 5,
      "3": 15,
      "4": 9,
      "5": 0,
      "6": 8,
      "7": 3,
      "8": 10,
      "9": 10,
      "10": 3,
      "11": 0,
      "12": 1,
      "13": 15,
      "14": 2,
      "15": 7,
      "16": 0,
      "17": 0,
      "18": 1,
      "19": 0,
      "20": 1,
      "21": 0,
      "22": 7,
      "23": 8,
      "24": 14,
      "25": 0,
      "26": 0,
      "27": 0,
      "28": 8,
      "29": 6,
      "30": 2,
      "31": 2,
      "32": 12,
      "33": 1,
      "34": 3,
      "35": 5,
      "36": 5,
      "37": 2,
      "38": 3,
      "39": 0,
      "40": 0,
      "41": 2,
      "42": 3,
      "43": 1,
      "44": 0,
      "45": 2,
      "46": 20,
      "47": 15,
      "48": 2,
      "49": 3,
      "50": 11,
      "51": 7,
      "52": 3,
      "53": 4,
      "54": 3,
      "55": 5,
      "56": 14,
      "57": 2,
      "58": 12,
      "59": 0,
      "60": 2,
      "61": 2,
      "62": 5,
      "63": 0,
      "64": 8,
      "65": 1,
      "66": 3,
      "67": 16,
      "68": 22,
      "69": 0,
      "70": 10,
      "71": 8,
      "72": 1,
      "73": 2,
      "74": 0,
      "75": 2,
      "76": 3,
      "77": 4,
      "78": 4,
      "79": 2,
      "80": 1,
      "81": 6,
      "82": 1,
      "83": 1,
      "84": 11,
      "85": 25,
      "86": 0,
      "87": 4,
      "88": 5,
      "89": 3,
      "90": 1,
      "91": 3,
      "92": 16,
      "93": 9,
      "94": 2,
      "95": 3,
      "96": 11,
      "97": 4,
      "98": 3,
      "99": 2
    },
    "n_agents": 100,
    "mean_rank_1based": 5.91,
    "median_rank_1based": 4.0,
    "std_rank": 5.287901285009016,
    "top1_rate": 0.17,
    "top3_rate": 0.44,
    "mean_score": 0.9504040404040404,
    "gini_score": 0.02865235412902578,
    "hist_1based": {
      "1": 17,
      "2": 11,
      "3": 16,
      "4": 14,
      "5": 5,
      "6": 6,
      "7": 3,
      "8": 3,
      "9": 5,
      "10": 2,
      "11": 3,
      "12": 3,
      "13": 2,
      "14": 0,
      "15": 2,
      "16": 3,
      "17": 2,
      "18": 0,
      "19": 0,
      "20": 0,
      "21": 1,
      "22": 0,
      "23": 1,
      "24": 0,
      "25": 0,
      "26": 1,
      "27": 0,
      "28": 0,
      "29": 0,
      "30": 0,
      "31": 0,
      "32": 0,
      "33": 0,
      "34": 0,
      "35": 0,
      "36": 0,
      "37": 0,
      "38": 0,
      "39": 0,
      "40": 0,
      "41": 0,
      "42": 0,
      "43": 0,
      "44": 0,
      "45": 0,
      "46": 0,
      "47": 0,
      "48": 0,
      "49": 0,
      "50": 0,
      "51": 0,
      "52": 0,
      "53": 0,
      "54": 0,
      "55": 0,
      "56": 0,
      "57": 0,
      "58": 0,
      "59": 0,
      "60": 0,
      "61": 0,
      "62": 0,
      "63": 0,
      "64": 0,
      "65": 0,
      "66": 0,
      "67": 0,
      "68": 0,
      "69": 0,
      "70": 0,
      "71": 0,
      "72": 0,
      "73": 0,
      "74": 0,
      "75": 0,
      "76": 0,
      "77": 0,
      "78": 0,
      "79": 0,
      "80": 0,
      "81": 0,
      "82": 0,
      "83": 0,
      "84": 0,
      "85": 0,
      "86": 0,
      "87": 0,
      "88": 0,
      "89": 0,
      "90": 0,
      "91": 0,
      "92": 0,
      "93": 0,
      "94": 0,
      "95": 0,
      "96": 0,
      "97": 0,
      "98": 0,
      "99": 0,
      "100": 0
    }
  }
}