{
  "mode": "DA_E",
  "stable": true,
  "students": {
    "ranks_0based": {
      "0": 5,
      "1": 0,
      "2": 1,
      "3": 0,
      "4": 3,
      "5": 1,
      "6": 0,
      "7": 3,
      "8": 0,
      "9": 1
    },
    "n_agents": 10,
    "mean_rank_1based": 2.4,
    "median_rank_1based": 2.0,
    "std_rank": 1.624807680927192,
    "top1_rate": 0.4,
    "top3_rate": 0.7,
    "mean_score": 0.8444444444444444,
    "gini_score": 0.11052631578947358,
    "hist_1based": {
      "1": 4,
      "2": 3,
      "3": 0,
      "4": 2,
      "5": 0,
      "6": 1,
      "7": 0,
      "8": 0,
      "9": 0,
      "10": 0
    }
  },
  "schools": {
    "ranks_0based": {
      "0": 1,
      "1": 3,
      "2": 4,
      "3": 1,
      "4": 2,
      "5": 1,
      "6": 1,
      "7": 6,
      "8": 0,
      "9": 0
    },
    "n_agents": 10,
    "mean_rank_1based": 2.9,
    "median_rank_1based": 2.0,
    "std_rank": 1.8138357147217055,
    "top1_rate": 0.2,
    "top3_rate": 0.7,
    "mean_score": 0.7888888888888889,
    "gini_score": 0.13380281690140827,
    "hist_1based": {
      "1": 2,
      "2": 4,
      "3": 1,
      "4": 1,
      "5": 1,
      "6": 0,
      "7": 1,
      "8": 0,
      "9": 0,
      "10": 0
    }
  }
}