{
  "mode": "DA_S",
  "stable": true,
  "students": {
    "ranks_0based": {
      "0": 4,
      "1": 11,
      "2": 3,
      "3": 0,
      "4": 4,
      "5": 0,
      "6": 3,
      "7": 1,
      "8": 11,
      "9": 10,
      "10": 1,
      "11": 12,
      "12": 6,
      "13": 1,
      "14": 6,
      "15": 3,
      "16": 7,
      "17": 10,
      "18": 0,
      "19": 4
    },
    "n_agents": 20,
    "mean_rank_1based": 5.85,
    "median_rank_1based": 5.0,
    "std_rank": 3.9657912199206855,
    "top1_rate": 0.15,
    "top3_rate": 0.3,
    "mean_score": 0.7447368421052631,
    "gini_score": 0.15706713780918702,
    "hist_1based": {
      "1": 3,
      "2": 3,
      "3": 0,
      "4": 3,
      "5": 3,
      "6": 0,
      "7": 2,
      "8": 1,
      "9": 0,
      "10": 0,
      "11": 2,
      "12": 2,
      "13": 1,
      "14": 0,
      "15": 0,
      "16": 0,
      "17": 0,
      "18": 0,
      "19": 0,
      "20": 0
    }
  },
  "schools": {
    "ranks_0based": {
      "0": 1,
      "1": 0,
      "2": 4,
      "3": 0,
      "4": 0,
      "5": 4,
      "6": 0,
      "7": 0,
      "8": 4,
      "9": 0,
      "10": 0,
      "11": 6,
      "12": 4,
      "13": 1,
      "14": 1,
      "15": 0,
      "16": 2,
      "17": 4,
      "18": 0,
      "19": 0
    },
    "n_agents": 20,
    "mean_rank_1based": 2.55,
    "median_rank_1based": 1.5,
    "std_rank": 1.935846068260594,
    "top1_rate": 0.5,
    "top3_rate": 0.7,
    "mean_score": 0.9184210526315789,
    "gini_score": 0.05687679083094532,
    "hist_1based": {
      "1": 10,
      "2": 3,
      "3": 1,
      "4": 0,
      "5": 5,
      "6": 0,
      "7": 1,
      "8": 0,
      "9": 0,
      "10": 0,
      "11": 0,
      "12": 0,
      "13": 0,
      "14": 0,
      "15": 0,
      "16": 0,
      "17": 0,
      "18": 0,
      "19": 0,
      "20": 0
    }
  }
}