{
  "mode": "DA_E",
  "stable": true,
  "students": {
    "ranks_0based": {
      "0": 4,
      "1": 0,
      "2": 9,
      "3": 0,
      "4": 6,
      "5": 1,
      "6": 4,
      "7": 3,
      "8": 4,
      "9": 6,
      "10": 0,
      "11": 1,
      "12": 2,
      "13": 3,
      "14": 3,
      "15": 7,
      "16": 3,
      "17": 11,
      "18": 2,
      "19": 6,
      "20": 3,
      "21": 1,
      "22": 3,
      "23": 2,
      "24": 3,
      "25": 2,
      "26": 1,
      "27": 7,
      "28": 1,
      "29": 1,
      "30": 5,
      "31": 0,
      "32": 9,
      "33": 1,
      "34": 0,
      "35": 1,
      "36": 2,
      "37": 0,
      "38": 0,
      "39": 2,
      "40": 2,
      "41": 0,
      "42": 2,
      "43": 0,
      "44": 3,
      "45": 0,
      "46": 8,
      "47": 0,
      "48": 4,
      "49": 12,
      "50": 3,
      "51": 1,
      "52": 11,
      "53": 2,
      "54": 0,
      "55": 3,
      "56": 1,
      "57": 2,
      "58": 0,
      "59": 4,
      "60": 3,
      "61": 3,
      "62": 1,
      "63": 3,
      "64": 0,
      "65": 2,
      "66": 1,
      "67": 1,
      "68": 2,
      "69": 1,
      "70": 10,
      "71": 0,
      "72": 1,
      "73": 8,
      "74": 1,
      "75": 2,
      "76": 3,
      "77": 1,
      "78": 5,
      "79": 1,
      "80": 2,
      "81": 2,
      "82": 1,
      "83": 3,
      "84": 4,
      "85": 2,
      "86": 5,
      "87": 17,
      "88": 1,
      "89": 11,
      "90": 2,
      "91": 6,
      "92": 1,
      "93": 5,
      "94": 1,
      "95": 4,
      "96": 5,
      "97": 6,
      "98": 0,
      "99": 7
    },
    "n_agents": 100,
    "mean_rank_1based": 4.11,
    "median_rank_1based": 3.0,
    "std_rank": 3.1745708371368875,
    "top1_rate": 0.16,
    "top3_rate": 0.55,
    "mean_score": 0.9685858585858586,
    "gini_score": 0.01670560016685818,
    "hist_1based": {
      "1": 16,
      "2": 22,
      "3": 17,
      "4": 15,
      "5": 7,
      "6": 5,
      "7": 5,
      "8": 3,
      "9": 2,
      "10": 2,
      "11": 1,
      "12": 3,
      "13": 1,
      "14": 0,
      "15": 0,
      "16": 0,
      "17": 0,
      "18": 1,
      "19": 0,
      "20": 0,
      "21": 0,
      "22": 0,
      "23": 0,
      "24": 0,
      "25": 0,
      "26": 0,
      "27": 0,
      "28": 0,
      "29": 0,
      "30": 0,
      "31": 0,
      "32": 0,
      "33": 0,
      "34": 0,
      "35": 0,
      "36": 0,
      "37": 0,
      "38": 0,
      "39": 0,
      "40": 0,
      "41": 0,
      "42": 0,
      "43": 0,
      "44": 0,
      "45": 0,
      "46": 0,
      "47": 0,
      "48": 0,
      "49": 0,
      "50": 0,
      "51": 0,
      "52": 0,
      "53": 0,
      "54": 0,
      "55": 0,
      "56": 0,
      "57": 0,
      "58": 0,
      "59": 0,
      "60": 0,
      "61": 0,
      "62": 0,
      "63": 0,
      "64": 0,
      "65": 0,
      "66": 0,
      "67": 0,
      "68": 0,
      "69": 0,
      "70": 0,
      "71": 0,
      "72": 0,
      "73": 0,
      "74": 0,
      "75": 0,
      "76": 0,
      "77": 0,
      "78": 0,
      "79": 0,
      "80": 0,
      "81": 0,
      "82": 0,
      "83": 0,
      "84": 0,
      "85": 0,
      "86": 0,
      "87": 0,
      "88": 0,
      "89": 0,
      "90": 0,
      "91": 0,
      "92": 0,
      "93": 0,
      "94": 0,
      "95": 0,
      "96": 0,
      "97": 0,
      "98": 0,
      "99": 0,
      "100": 0
    }
  },
  "schools": {
    "ranks_0based": {
      "0": 8,
      "1": 20,
      "2": 7,
      "3": 24,
      "4": 68,
      "5": 1,
      "6": 38,
      "7": 9,
      "8": 8,
      "9": 5,
      "10": 18,
      "11": 7,
      "12": 42,
      "13": 53,
      "14": 27,
      "15": 12,
      "16": 17,
      "17": 2,
      "18": 19,
      "19": 52,
      "20": 23,
      "21": 14,
      "22": 29,
      "23": 2,
      "24": 9,
      "25": 10,
      "26": 2,
      "27": 25,
      "28": 24,
      "29": 23,
      "30": 2,
      "31": 4,
      "32": 24,
      "33": 51,
      "34": 11,
      "35": 44,
      "36": 50,
      "37": 14,
      "38": 14,
      "39": 1,
      "40": 24,
      "41": 0,
      "42": 19,
      "43": 10,
      "44": 13,
      "45": 23,
      "46": 30,
      "47": 15,
      "48": 8,
      "49": 9,
      "50": 14,
      "51": 27,
      "52": 15,
      "53": 33,
      "54": 43,
      "55": 0,
      "56": 38,
      "57": 20,
      "58": 15,
      "59": 31,
      "60": 16,
      "61": 22,
      "62": 63,
      "63": 20,
      "64": 85,
      "65": 18,
      "66": 1,
      "67": 18,
      "68": 24,
      "69": 7,
      "70": 13,
      "71": 8,
      "72": 28,
      "73": 1,
      "74": 2,
      "75": 19,
      "76": 54,
      "77": 26,
      "78": 2,
      "79": 14,
      "80": 18,
      "81": 3,
      "82": 19,
      "83": 29,
      "84": 43,
      "85": 5,
      "86": 6,
      "87": 44,
      "88": 28,
      "89": 8,
      "90": 5,
      "91": 13,
      "92": 2,
      "93": 72,
      "94": 14,
      "95": 20,
      "96": 22,
      "97": 22,
      "98": 37,
      "99": 21
    },
    "n_agents": 100,
    "mean_rank_1based": 21.72,
    "median_rank_1based": 19.0,
    "std_rank": 17.057596548165865,
    "top1_rate": 0.02,
    "top3_rate": 0.13,
    "mean_score": 0.7907070707070707,
    "gini_score": 0.11508431272355613,
    "hist_1based": {
      "1": 2,
      "2": 4,
      "3": 7,
      "4": 1,
      "5": 1,
      "6": 3,
      "7": 1,
      "8": 3,
      "9": 5,
      "10": 3,
      "11": 2,
      "12": 1,
      "13": 1,
      "14": 3,
      "15": 6,
      "16": 3,
      "17": 1,
      "18": 1,
      "19": 4,
      "20": 4,
      "21": 4,
      "22": 1,
      "23": 3,
      "24": 3,
      "25": 5,
      "26": 1,
      "27": 1,
      "28": 2,
      "29": 2,
      "30": 2,
      "31": 1,
      "32": 1,
      "33": 0,
      "34": 1,
      "35": 0,
      "36": 0,
      "37": 0,
      "38": 1,
      "39": 2,
      "40": 0,
      "41": 0,
      "42": 0,
      "43": 1,
      "44": 2,
      "45": 2,
      "46": 0,
      "47": 0,
      "48": 0,
      "49": 0,
      "50": 0,
      "51": 1,
      "52": 1,
      "53": 1,
      "54": 1,
      "55": 1,
      "56": 0,
      "57": 0,
      "58": 0,
      "59": 0,
      "60": 0,
      "61": 0,
      "62": 0,
      "63": 0,
      "64": 1,
      "65": 0,
      "66": 0,
      "67": 0,
      "68": 0,
      "69": 1,
      "70": 0,
      "71": 0,
      "72": 0,
      "73": 1,
      "74": 0,
      "75": 0,
      "76": 0,
      "77": 0,
      "78": 0,
      "79": 0,
      "80": 0,
      "81": 0,
      "82": 0,
      "83": 0,
      "84": 0,
      "85": 0,
      "86": 1,
      "87": 0,
      "88": 0,
      "89": 0,
      "90": 0,
      "91": 0,
      "92": 0,
      "93": 0,
      "94": 0,
      "95": 0,
      "96": 0,
      "97": 0,
      "98": 0,
      "99": 0,
      "100": 0
    }
  }
}