{
  "mode": "DA_E",
  "stable": true,
  "students": {
    "ranks_0based": {
      "0": 2,
      "1": 6,
      "2": 0,
      "3": 0,
      "4": 0,
      "5": 0,
      "6": 1,
      "7": 1,
      "8": 2,
      "9": 4,
      "10": 1,
      "11": 3,
      "12": 6,
      "13": 0,
      "14": 6,
      "15": 0,
      "16": 7,
      "17": 2,
      "18": 0,
      "19": 4
    },
    "n_agents": 20,
    "mean_rank_1based": 3.25,
    "median_rank_1based": 2.5,
    "std_rank": 2.3637893307145625,
    "top1_rate": 0.35,
    "top3_rate": 0.65,
    "mean_score": 0.881578947368421,
    "gini_score": 0.07656716417910436,
    "hist_1based": {
      "1": 7,
      "2": 3,
      "3": 3,
      "4": 1,
      "5": 2,
      "6": 0,
      "7": 3,
      "8": 1,
      "9": 0,
      "10": 0,
      "11": 0,
      "12": 0,
      "13": 0,
      "14": 0,
      "15": 0,
      "16": 0,
      "17": 0,
      "18": 0,
      "19": 0,
      "20": 0
    }
  },
  "schools": {
    "ranks_0based": {
      "0": 4,
      "1": 0,
      "2": 4,
      "3": 0,
      "4": 0,
      "5": 4,
      "6": 1,
      "7": 7,
      "8": 14,
      "9": 8,
      "10": 19,
      "11": 6,
      "12": 6,
      "13": 1,
      "14": 1,
      "15": 2,
      "16": 2,
      "17": 9,
      "18": 1,
      "19": 1
    },
    "n_agents": 20,
    "mean_rank_1based": 5.5,
    "median_rank_1based": 4.0,
    "std_rank": 4.893873721296862,
    "top1_rate": 0.15,
    "top3_rate": 0.5,
    "mean_score": 0.7631578947368421,
    "gini_score": 0.17137931034482756,
    "hist_1based": {
      "1": 3,
      "2": 5,
      "3": 2,
      "4": 0,
      "5": 3,
      "6": 0,
      "7": 2,
      "8": 1,
      "9": 1,
      "10": 1,
      "11": 0,
      "12": 0,
      "13": 0,
      "14": 0,
      "15": 1,
      "16": 0,
      "17": 0,
      "18": 0,
      "19": 0,
      "20": 1
    }
  }
}