{
  "mode": "DA_E",
  "stable": true,
  "students": {
    "ranks_0based": {
      "0": 4,
      "1": 1,
      "2": 6,
      "3": 0,
      "4": 7,
      "5": 1,
      "6": 6,
      "7": 9,
      "8": 21,
      "9": 4,
      "10": 3,
      "11": 9,
      "12": 2,
      "13": 0,
      "14": 18,
      "15": 12,
      "16": 2,
      "17": 5,
      "18": 1,
      "19": 44,
      "20": 2,
      "21": 0,
      "22": 6,
      "23": 4,
      "24": 1,
      "25": 2,
      "26": 1,
      "27": 4,
      "28": 2,
      "29": 16,
      "30": 5,
      "31": 12,
      "32": 1,
      "33": 54,
      "34": 11,
      "35": 2,
      "36": 1,
      "37": 0,
      "38": 12,
      "39": 4,
      "40": 1,
      "41": 0,
      "42": 10,
      "43": 1,
      "44": 10,
      "45": 1,
      "46": 3,
      "47": 3,
      "48": 12,
      "49": 0,
      "50": 8,
      "51": 11,
      "52": 11,
      "53": 10,
      "54": 8,
      "55": 9,
      "56": 2,
      "57": 4,
      "58": 2,
      "59": 3,
      "60": 6,
      "61": 5,
      "62": 1,
      "63": 11,
      "64": 3,
      "65": 3,
      "66": 13,
      "67": 11,
      "68": 4,
      "69": 15,
      "70": 2,
      "71": 2,
      "72": 2,
      "73": 6,
      "74": 0,
      "75": 28,
      "76": 1,
      "77": 8,
      "78": 6,
      "79": 2,
      "80": 2,
      "81": 1,
      "82": 3,
      "83": 2,
      "84": 12,
      "85": 3,
      "86": 1,
      "87": 7,
      "88": 4,
      "89": 1,
      "90": 10,
      "91": 0,
      "92": 7,
      "93": 3,
      "94": 2,
      "95": 26,
      "96": 2,
      "97": 0,
      "98": 2,
      "99": 1
    },
    "n_agents": 100,
    "mean_rank_1based": 7.22,
    "median_rank_1based": 4.0,
    "std_rank": 8.215327138951924,
    "top1_rate": 0.09,
    "top3_rate": 0.42,
    "mean_score": 0.9371717171717172,
    "gini_score": 0.03793921103686149,
    "hist_1based": {
      "1": 9,
      "2": 16,
      "3": 17,
      "4": 9,
      "5": 8,
      "6": 3,
      "7": 6,
      "8": 3,
      "9": 3,
      "10": 3,
      "11": 4,
      "12": 5,
      "13": 5,
      "14": 1,
      "15": 0,
      "16": 1,
      "17": 1,
      "18": 0,
      "19": 1,
      "20": 0,
      "21": 0,
      "22": 1,
      "23": 0,
      "24": 0,
      "25": 0,
      "26": 0,
      "27": 1,
      "28": 0,
      "29": 1,
      "30": 0,
      "31": 0,
      "32": 0,
      "33": 0,
      "34": 0,
      "35": 0,
      "36": 0,
      "37": 0,
      "38": 0,
      "39": 0,
      "40": 0,
      "41": 0,
      "42": 0,
      "43": 0,
      "44": 0,
      "45": 1,
      "46": 0,
      "47": 0,
      "48": 0,
      "49": 0,
      "50": 0,
      "51": 0,
      "52": 0,
      "53": 0,
      "54": 0,
      "55": 1,
      "56": 0,
      "57": 0,
      "58": 0,
      "59": 0,
      "60": 0,
      "61": 0,
      "62": 0,
      "63": 0,
      "64": 0,
      "65": 0,
      "66": 0,
      "67": 0,
      "68": 0,
      "69": 0,
      "70": 0,
      "71": 0,
      "72": 0,
      "73": 0,
      "74": 0,
      "75": 0,
      "76": 0,
      "77": 0,
      "78": 0,
      "79": 0,
      "80": 0,
      "81": 0,
      "82": 0,
      "83": 0,
      "84": 0,
      "85": 0,
      "86": 0,
      "87": 0,
      "88": 0,
      "89": 0,
      "90": 0,
      "91": 0,
      "92": 0,
      "93": 0,
      "94": 0,
      "95": 0,
      "96": 0,
      "97": 0,
      "98": 0,
      "99": 0,
      "100": 0
    }
  },
  "schools": {
    "ranks_0based": {
      "0": 13,
      "1": 1,
      "2": 0,
      "3": 0,
      "4": 1,
      "5": 79,
      "6": 6,
      "7": 26,
      "8": 1,
      "9": 33,
      "10": 5,
      "11": 1,
      "12": 3,
      "13": 3,
      "14": 23,
      "15": 0,
      "16": 5,
      "17": 4,
      "18": 31,
      "19": 1,
      "20": 14,
      "21": 61,
      "22": 1,
      "23": 2,
      "24": 3,
      "25": 1,
      "26": 25,
      "27": 1,
      "28": 22,
      "29": 7,
      "30": 10,
      "31": 14,
      "32": 23,
      "33": 3,
      "34": 1,
      "35": 41,
      "36": 17,
      "37": 3,
      "38": 6,
      "39": 9,
      "40": 17,
      "41": 16,
      "42": 5,
      "43": 10,
      "44": 4,
      "45": 22,
      "46": 19,
      "47": 72,
      "48": 3,
      "49": 3,
      "50": 10,
      "51": 5,
      "52": 9,
      "53": 21,
      "54": 31,
      "55": 11,
      "56": 2,
      "57": 18,
      "58": 48,
      "59": 17,
      "60": 19,
      "61": 1,
      "62": 22,
      "63": 5,
      "64": 11,
      "65": 13,
      "66": 3,
      "67": 10,
      "68": 13,
      "69": 30,
      "70": 18,
      "71": 13,
      "72": 15,
      "73": 21,
      "74": 5,
      "75": 14,
      "76": 10,
      "77": 10,
      "78": 2,
      "79": 22,
      "80": 35,
      "81": 8,
      "82": 5,
      "83": 3,
      "84": 7,
      "85": 5,
      "86": 19,
      "87": 8,
      "88": 6,
      "89": 30,
      "90": 3,
      "91": 25,
      "92": 2,
      "93": 28,
      "94": 25,
      "95": 8,
      "96": 0,
      "97": 7,
      "98": 17,
      "99": 2
    },
    "n_agents": 100,
    "mean_rank_1based": 14.43,
    "median_rank_1based": 10.5,
    "std_rank": 14.414059109078192,
    "top1_rate": 0.04,
    "top3_rate": 0.19,
    "mean_score": 0.8643434343434343,
    "gini_score": 0.08205095243660243,
    "hist_1based": {
      "1": 4,
      "2": 10,
      "3": 5,
      "4": 10,
      "5": 2,
      "6": 8,
      "7": 3,
      "8": 3,
      "9": 3,
      "10": 2,
      "11": 6,
      "12": 2,
      "13": 0,
      "14": 4,
      "15": 3,
      "16": 1,
      "17": 1,
      "18": 4,
      "19": 2,
      "20": 3,
      "21": 0,
      "22": 2,
      "23": 4,
      "24": 2,
      "25": 0,
      "26": 3,
      "27": 1,
      "28": 0,
      "29": 1,
      "30": 0,
      "31": 2,
      "32": 2,
      "33": 0,
      "34": 1,
      "35": 0,
      "36": 1,
      "37": 0,
      "38": 0,
      "39": 0,
      "40": 0,
      "41": 0,
      "42": 1,
      "43": 0,
      "44": 0,
      "45": 0,
      "46": 0,
      "47": 0,
      "48": 0,
      "49": 1,
      "50": 0,
      "51": 0,
      "52": 0,
      "53": 0,
      "54": 0,
      "55": 0,
      "56": 0,
      "57": 0,
      "58": 0,
      "59": 0,
      "60": 0,
      "61": 0,
      "62": 1,
      "63": 0,
      "64": 0,
      "65": 0,
      "66": 0,
      "67": 0,
      "68": 0,
      "69": 0,
      "70": 0,
      "71": 0,
      "72": 0,
      "73": 1,
      "74": 0,
      "75": 0,
      "76": 0,
      "77": 0,
      "78": 0,
      "79": 0,
      "80": 1,
      "81": 0,
      "82": 0,
      "83": 0,
      "84": 0,
      "85": 0,
      "86": 0,
      "87": 0,
      "88": 0,
      "89": 0,
      "90": 0,
      "91": 0,
      "92": 0,
      "93": 0,
      "94": 0,
      "95": 0,
      "96": 0,
      "97": 0,
      "98": 0,
      "99": 0,
      "100": 0
    }
  }
}