{
  "mode": "DA_S",
  "stable": true,
  "students": {
    "ranks_0based": {
      "0": 3,
      "1": 11,
      "2": 2,
      "3": 14,
      "4": 3,
      "5": 19,
      "6": 5,
      "7": 16,
      "8": 0,
      "9": 5,
      "10": 9,
      "11": 13,
      "12": 1,
      "13": 11,
      "14": 2,
      "15": 3,
      "16": 0,
      "17": 5,
      "18": 6,
      "19": 9
    },
    "n_agents": 20,
    "mean_rank_1based": 7.85,
    "median_rank_1based": 6.0,
    "std_rank": 5.452293095569973,
    "top1_rate": 0.1,
    "top3_rate": 0.25,
    "mean_score": 0.6394736842105263,
    "gini_score": 0.2504115226337449,
    "hist_1based": {
      "1": 2,
      "2": 1,
      "3": 2,
      "4": 3,
      "5": 0,
      "6": 3,
      "7": 1,
      "8": 0,
      "9": 0,
      "10": 2,
      "11": 0,
      "12": 2,
      "13": 0,
      "14": 1,
      "15": 1,
      "16": 0,
      "17": 1,
      "18": 0,
      "19": 0,
      "20": 1
    }
  },
  "schools": {
    "ranks_0based": {
      "0": 0,
      "1": 0,
      "2": 7,
      "3": 0,
      "4": 2,
      "5": 0,
      "6": 1,
      "7": 4,
      "8": 2,
      "9": 0,
      "10": 2,
      "11": 1,
      "12": 3,
      "13": 0,
      "14": 2,
      "15": 2,
      "16": 2,
      "17": 1,
      "18": 2,
      "19": 1
    },
    "n_agents": 20,
    "mean_rank_1based": 2.6,
    "median_rank_1based": 2.5,
    "std_rank": 1.6552945357246849,
    "top1_rate": 0.3,
    "top3_rate": 0.85,
    "mean_score": 0.9157894736842105,
    "gini_score": 0.04712643678160888,
    "hist_1based": {
      "1": 6,
      "2": 4,
      "3": 7,
      "4": 1,
      "5": 1,
      "6": 0,
      "7": 0,
      "8": 1,
      "9": 0,
      "10": 0,
      "11": 0,
      "12": 0,
      "13": 0,
      "14": 0,
      "15": 0,
      "16": 0,
      "17": 0,
      "18": 0,
      "19": 0,
      "20": 0
    }
  }
}