{
  "mode": "DA_E",
  "stable": true,
  "students": {
    "ranks_0based": {
      "0": 1,
      "1": 3,
      "2": 3,
      "3": 0,
      "4": 0,
      "5": 1,
      "6": 4,
      "7": 2,
      "8": 1,
      "9": 2,
      "10": 1,
      "11": 4,
      "12": 3,
      "13": 0,
      "14": 1,
      "15": 2,
      "16": 0,
      "17": 0,
      "18": 1,
      "19": 0,
      "20": 0,
      "21": 2,
      "22": 0,
      "23": 5,
      "24": 2,
      "25": 3,
      "26": 5,
      "27": 0,
      "28": 0,
      "29": 0,
      "30": 0,
      "31": 7,
      "32": 0,
      "33": 0,
      "34": 0,
      "35": 2,
      "36": 3,
      "37": 2,
      "38": 1,
      "39": 0,
      "40": 0,
      "41": 0,
      "42": 3,
      "43": 1,
      "44": 1,
      "45": 1,
      "46": 0,
      "47": 3,
      "48": 2,
      "49": 1
    },
    "n_agents": 50,
    "mean_rank_1based": 2.46,
    "median_rank_1based": 2.0,
    "std_rank": 1.6150541786577934,
    "top1_rate": 0.38,
    "top3_rate": 0.76,
    "mean_score": 0.970204081632653,
    "gini_score": 0.01774505679427807,
    "hist_1based": {
      "1": 19,
      "2": 11,
      "3": 8,
      "4": 7,
      "5": 2,
      "6": 2,
      "7": 0,
      "8": 1,
      "9": 0,
      "10": 0,
      "11": 0,
      "12": 0,
      "13": 0,
      "14": 0,
      "15": 0,
      "16": 0,
      "17": 0,
      "18": 0,
      "19": 0,
      "20": 0,
      "21": 0,
      "22": 0,
      "23": 0,
      "24": 0,
      "25": 0,
      "26": 0,
      "27": 0,
      "28": 0,
      "29": 0,
      "30": 0,
      "31": 0,
      "32": 0,
      "33": 0,
      "34": 0,
      "35": 0,
      "36": 0,
      "37": 0,
      "38": 0,
      "39": 0,
      "40": 0,
      "41": 0,
      "42": 0,
      "43": 0,
      "44": 0,
      "45": 0,
      "46": 0,
      "47": 0,
      "48": 0,
      "49": 0,
      "50": 0
    }
  },
  "schools": {
    "ranks_0based": {
      "0": 0,
      "1": 1,
      "2": 28,
      "3": 39,
      "4": 20,
      "5": 3,
      "6": 19,
      "7": 14,
      "8": 4,
      "9": 25,
      "10": 8,
      "11": 0,
      "12": 24,
      "13": 2,
      "14": 13,
      "15": 7,
      "16": 30,
      "17": 12,
      "18": 19,
      "19": 11,
      "20": 43,
      "21": 10,
      "22": 7,
      "23": 16,
      "24": 29,
      "25": 2,
      "26": 20,
      "27": 48,
      "28": 18,
      "29": 37,
      "30": 10,
      "31": 2,
      "32": 17,
      "33": 5,
      "34": 3,
      "35": 33,
      "36": 4,
      "37": 6,
      "38": 5,
      "39": 22,
      "40": 5,
      "41": 23,
      "42": 41,
      "43": 31,
      "44": 1,
      "45": 38,
      "46": 21,
      "47": 14,
      "48": 8,
      "49": 20
    },
    "n_agents": 50,
    "mean_rank_1based": 17.36,
    "median_rank_1based": 15.0,
    "std_rank": 12.83239650260231,
    "top1_rate": 0.04,
    "top3_rate": 0.14,
    "mean_score": 0.6661224489795918,
    "gini_score": 0.2204411764705878,
    "hist_1based": {
      "1": 2,
      "2": 2,
      "3": 3,
      "4": 2,
      "5": 2,
      "6": 3,
      "7": 1,
      "8": 2,
      "9": 2,
      "10": 0,
      "11": 2,
      "12": 1,
      "13": 1,
      "14": 1,
      "15": 2,
      "16": 0,
      "17": 1,
      "18": 1,
      "19": 1,
      "20": 2,
      "21": 3,
      "22": 1,
      "23": 1,
      "24": 1,
      "25": 1,
      "26": 1,
      "27": 0,
      "28": 0,
      "29": 1,
      "30": 1,
      "31": 1,
      "32": 1,
      "33": 0,
      "34": 1,
      "35": 0,
      "36": 0,
      "37": 0,
      "38": 1,
      "39": 1,
      "40": 1,
      "41": 0,
      "42": 1,
      "43": 0,
      "44": 1,
      "45": 0,
      "46": 0,
      "47": 0,
      "48": 0,
      "49": 1,
      "50": 0
    }
  }
}