{
  "mode": "DA_S",
  "stable": true,
  "students": {
    "ranks_0based": {
      "0": 4,
      "1": 3,
      "2": 0,
      "3": 1,
      "4": 0,
      "5": 1,
      "6": 0,
      "7": 4,
      "8": 2,
      "9": 5,
      "10": 4,
      "11": 9,
      "12": 4,
      "13": 5,
      "14": 5,
      "15": 5,
      "16": 4,
      "17": 11,
      "18": 11,
      "19": 1
    },
    "n_agents": 20,
    "mean_rank_1based": 4.95,
    "median_rank_1based": 5.0,
    "std_rank": 3.2167530212933664,
    "top1_rate": 0.15,
    "top3_rate": 0.35,
    "mean_score": 0.7921052631578948,
    "gini_score": 0.114451827242525,
    "hist_1based": {
      "1": 3,
      "2": 3,
      "3": 1,
      "4": 1,
      "5": 5,
      "6": 4,
      "7": 0,
      "8": 0,
      "9": 0,
      "10": 1,
      "11": 0,
      "12": 2,
      "13": 0,
      "14": 0,
      "15": 0,
      "16": 0,
      "17": 0,
      "18": 0,
      "19": 0,
      "20": 0
    }
  },
  "schools": {
    "ranks_0based": {
      "0": 0,
      "1": 0,
      "2": 2,
      "3": 1,
      "4": 1,
      "5": 0,
      "6": 1,
      "7": 13,
      "8": 0,
      "9": 1,
      "10": 0,
      "11": 2,
      "12": 0,
      "13": 0,
      "14": 0,
      "15": 1,
      "16": 1,
      "17": 9,
      "18": 2,
      "19": 4
    },
    "n_agents": 20,
    "mean_rank_1based": 2.9,
    "median_rank_1based": 2.0,
    "std_rank": 3.254228019054596,
    "top1_rate": 0.4,
    "top3_rate": 0.85,
    "mean_score": 0.9,
    "gini_score": 0.07865497076023398,
    "hist_1based": {
      "1": 8,
      "2": 6,
      "3": 3,
      "4": 0,
      "5": 1,
      "6": 0,
      "7": 0,
      "8": 0,
      "9": 0,
      "10": 1,
      "11": 0,
      "12": 0,
      "13": 0,
      "14": 1,
      "15": 0,
      "16": 0,
      "17": 0,
      "18": 0,
      "19": 0,
      "20": 0
    }
  }
}