{
  "mode": "DA_E",
  "stable": true,
  "students": {
    "ranks_0based": {
      "0": 3,
      "1": 2,
      "2": 0,
      "3": 3,
      "4": 6,
      "5": 0,
      "6": 2,
      "7": 5,
      "8": 0,
      "9": 1,
      "10": 0,
      "11": 4,
      "12": 3,
      "13": 4,
      "14": 5,
      "15": 0,
      "16": 6,
      "17": 10,
      "18": 2,
      "19": 10
    },
    "n_agents": 20,
    "mean_rank_1based": 4.3,
    "median_rank_1based": 4.0,
    "std_rank": 2.968164415931166,
    "top1_rate": 0.25,
    "top3_rate": 0.45,
    "mean_score": 0.8263157894736842,
    "gini_score": 0.10286624203821648,
    "hist_1based": {
      "1": 5,
      "2": 1,
      "3": 3,
      "4": 3,
      "5": 2,
      "6": 2,
      "7": 2,
      "8": 0,
      "9": 0,
      "10": 0,
      "11": 2,
      "12": 0,
      "13": 0,
      "14": 0,
      "15": 0,
      "16": 0,
      "17": 0,
      "18": 0,
      "19": 0,
      "20": 0
    }
  },
  "schools": {
    "ranks_0based": {
      "0": 3,
      "1": 5,
      "2": 11,
      "3": 0,
      "4": 4,
      "5": 1,
      "6": 2,
      "7": 3,
      "8": 1,
      "9": 6,
      "10": 1,
      "11": 4,
      "12": 0,
      "13": 17,
      "14": 5,
      "15": 4,
      "16": 9,
      "17": 0,
      "18": 0,
      "19": 3
    },
    "n_agents": 20,
    "mean_rank_1based": 4.95,
    "median_rank_1based": 4.0,
    "std_rank": 4.165033013074447,
    "top1_rate": 0.2,
    "top3_rate": 0.4,
    "mean_score": 0.7921052631578948,
    "gini_score": 0.1390365448504982,
    "hist_1based": {
      "1": 4,
      "2": 3,
      "3": 1,
      "4": 3,
      "5": 3,
      "6": 2,
      "7": 1,
      "8": 0,
      "9": 0,
      "10": 1,
      "11": 0,
      "12": 1,
      "13": 0,
      "14": 0,
      "15": 0,
      "16": 0,
      "17": 0,
      "18": 1,
      "19": 0,
      "20": 0
    }
  }
}