{
  "mode": "DA_S",
  "stable": true,
  "students": {
    "ranks_0based": {
      "0": 0,
      "1": 4,
      "2": 3,
      "3": 9,
      "4": 0,
      "5": 0,
      "6": 1,
      "7": 1,
      "8": 4,
      "9": 0
    },
    "n_agents": 10,
    "mean_rank_1based": 3.2,
    "median_rank_1based": 2.0,
    "std_rank": 2.749545416973504,
    "top1_rate": 0.4,
    "top3_rate": 0.6,
    "mean_score": 0.7555555555555555,
    "gini_score": 0.20294117647058818,
    "hist_1based": {
      "1": 4,
      "2": 2,
      "3": 0,
      "4": 1,
      "5": 2,
      "6": 0,
      "7": 0,
      "8": 0,
      "9": 0,
      "10": 1
    }
  },
  "schools": {
    "ranks_0based": {
      "0": 1,
      "1": 0,
      "2": 0,
      "3": 3,
      "4": 2,
      "5": 4,
      "6": 2,
      "7": 3,
      "8": 0,
      "9": 2
    },
    "n_agents": 10,
    "mean_rank_1based": 2.7,
    "median_rank_1based": 3.0,
    "std_rank": 1.3453624047073711,
    "top1_rate": 0.3,
    "top3_rate": 0.7,
    "mean_score": 0.8111111111111111,
    "gini_score": 0.10273972602739723,
    "hist_1based": {
      "1": 3,
      "2": 1,
      "3": 3,
      "4": 2,
      "5": 1,
      "6": 0,
      "7": 0,
      "8": 0,
      "9": 0,
      "10": 0
    }
  }
}