{
  "mode": "DA_E",
  "stable": true,
  "students": {
    "ranks_0based": {
      "0": 0,
      "1": 2,
      "2": 0,
      "3": 0,
      "4": 1,
      "5": 0,
      "6": 3,
      "7": 0,
      "8": 1,
      "9": 0
    },
    "n_agents": 10,
    "mean_rank_1based": 1.7,
    "median_rank_1based": 1.0,
    "std_rank": 1.004987562112089,
    "top1_rate": 0.6,
    "top3_rate": 0.9,
    "mean_score": 0.9222222222222223,
    "gini_score": 0.05903614457831319,
    "hist_1based": {
      "1": 6,
      "2": 2,
      "3": 1,
      "4": 1,
      "5": 0,
      "6": 0,
      "7": 0,
      "8": 0,
      "9": 0,
      "10": 0
    }
  },
  "schools": {
    "ranks_0based": {
      "0": 0,
      "1": 4,
      "2": 8,
      "3": 4,
      "4": 9,
      "5": 1,
      "6": 2,
      "7": 0,
      "8": 7,
      "9": 6
    },
    "n_agents": 10,
    "mean_rank_1based": 5.1,
    "median_rank_1based": 5.0,
    "std_rank": 3.144837038703278,
    "top1_rate": 0.2,
    "top3_rate": 0.4,
    "mean_score": 0.5444444444444445,
    "gini_score": 0.36530612244897953,
    "hist_1based": {
      "1": 2,
      "2": 1,
      "3": 1,
      "4": 0,
      "5": 2,
      "6": 0,
      "7": 1,
      "8": 1,
      "9": 1,
      "10": 1
    }
  }
}