{
  "mode": "DA_E",
  "stable": true,
  "students": {
    "ranks_0based": {
      "0": 1,
      "1": 2,
      "2": 5,
      "3": 2,
      "4": 2,
      "5": 6,
      "6": 0,
      "7": 2,
      "8": 1,
      "9": 1,
      "10": 3,
      "11": 1,
      "12": 3,
      "13": 0,
      "14": 0,
      "15": 0,
      "16": 3,
      "17": 1,
      "18": 0,
      "19": 1,
      "20": 2,
      "21": 2,
      "22": 0,
      "23": 2,
      "24": 1,
      "25": 0,
      "26": 1,
      "27": 1,
      "28": 8,
      "29": 0,
      "30": 6,
      "31": 1,
      "32": 1,
      "33": 0,
      "34": 1,
      "35": 1,
      "36": 0,
      "37": 4,
      "38": 0,
      "39": 0,
      "40": 3,
      "41": 6,
      "42": 5,
      "43": 2,
      "44": 0,
      "45": 2,
      "46": 1,
      "47": 0,
      "48": 2,
      "49": 17
    },
    "n_agents": 50,
    "mean_rank_1based": 3.06,
    "median_rank_1based": 2.0,
    "std_rank": 2.84541736833105,
    "top1_rate": 0.28,
    "top3_rate": 0.76,
    "mean_score": 0.9579591836734693,
    "gini_score": 0.026169578184916942,
    "hist_1based": {
      "1": 14,
      "2": 14,
      "3": 10,
      "4": 4,
      "5": 1,
      "6": 2,
      "7": 3,
      "8": 0,
      "9": 1,
      "10": 0,
      "11": 0,
      "12": 0,
      "13": 0,
      "14": 0,
      "15": 0,
      "16": 0,
      "17": 0,
      "18": 1,
      "19": 0,
      "20": 0,
      "21": 0,
      "22": 0,
      "23": 0,
      "24": 0,
      "25": 0,
      "26": 0,
      "27": 0,
      "28": 0,
      "29": 0,
      "30": 0,
      "31": 0,
      "32": 0,
      "33": 0,
      "34": 0,
      "35": 0,
      "36": 0,
      "37": 0,
      "38": 0,
      "39": 0,
      "40": 0,
      "41": 0,
      "42": 0,
      "43": 0,
      "44": 0,
      "45": 0,
      "46": 0,
      "47": 0,
      "48": 0,
      "49": 0,
      "50": 0
    }
  },
  "schools": {
    "ranks_0based": {
      "0": 40,
      "1": 0,
      "2": 4,
      "3": 2,
      "4": 6,
      "5": 49,
      "6": 1,
      "7": 29,
      "8": 10,
      "9": 11,
      "10": 17,
      "11": 7,
      "12": 1,
      "13": 6,
      "14": 47,
      "15": 14,
      "16": 4,
      "17": 1,
      "18": 5,
      "19": 18,
      "20": 28,
      "21": 3,
      "22": 3,
      "23": 13,
      "24": 30,
      "25": 4,
      "26": 7,
      "27": 28,
      "28": 2,
      "29": 13,
      "30": 8,
      "31": 3,
      "32": 31,
      "33": 1,
      "34": 13,
      "35": 0,
      "36": 46,
      "37": 1,
      "38": 11,
      "39": 10,
      "40": 21,
      "41": 38,
      "42": 46,
      "43": 19,
      "44": 20,
      "45": 4,
      "46": 37,
      "47": 19,
      "48": 5,
      "49": 31
    },
    "n_agents": 50,
    "mean_rank_1based": 16.34,
    "median_rank_1based": 11.5,
    "std_rank": 14.442451315479653,
    "top1_rate": 0.04,
    "top3_rate": 0.18,
    "mean_score": 0.6869387755102041,
    "gini_score": 0.23271538918597723,
    "hist_1based": {
      "1": 2,
      "2": 5,
      "3": 2,
      "4": 3,
      "5": 4,
      "6": 2,
      "7": 2,
      "8": 2,
      "9": 1,
      "10": 0,
      "11": 2,
      "12": 2,
      "13": 0,
      "14": 3,
      "15": 1,
      "16": 0,
      "17": 0,
      "18": 1,
      "19": 1,
      "20": 2,
      "21": 1,
      "22": 1,
      "23": 0,
      "24": 0,
      "25": 0,
      "26": 0,
      "27": 0,
      "28": 0,
      "29": 2,
      "30": 1,
      "31": 1,
      "32": 2,
      "33": 0,
      "34": 0,
      "35": 0,
      "36": 0,
      "37": 0,
      "38": 1,
      "39": 1,
      "40": 0,
      "41": 1,
      "42": 0,
      "43": 0,
      "44": 0,
      "45": 0,
      "46": 0,
      "47": 2,
      "48": 1,
      "49": 0,
      "50": 1
    }
  }
}