{
  "mode": "DA_E",
  "stable": true,
  "students": {
    "ranks_0based": {
      "0": 4,
      "1": 0,
      "2": 1,
      "3": 0,
      "4": 0,
      "5": 10,
      "6": 1,
      "7": 1,
      "8": 2,
      "9": 3,
      "10": 11,
      "11": 0,
      "12": 13,
      "13": 2,
      "14": 0,
      "15": 2,
      "16": 1,
      "17": 3,
      "18": 0,
      "19": 1,
      "20": 0,
      "21": 15,
      "22": 8,
      "23": 0,
      "24": 0,
      "25": 15,
      "26": 3,
      "27": 0,
      "28": 4,
      "29": 8,
      "30": 3,
      "31": 4,
      "32": 1,
      "33": 2,
      "34": 3,
      "35": 0,
      "36": 0,
      "37": 4,
      "38": 1,
      "39": 0,
      "40": 0,
      "41": 2,
      "42": 1,
      "43": 5,
      "44": 2,
      "45": 4,
      "46": 7,
      "47": 0,
      "48": 2,
      "49": 3
    },
    "n_agents": 50,
    "mean_rank_1based": 4.04,
    "median_rank_1based": 3.0,
    "std_rank": 3.8727767815870826,
    "top1_rate": 0.3,
    "top3_rate": 0.6,
    "mean_score": 0.9379591836734694,
    "gini_score": 0.04090513489991299,
    "hist_1based": {
      "1": 15,
      "2": 8,
      "3": 7,
      "4": 6,
      "5": 5,
      "6": 1,
      "7": 0,
      "8": 1,
      "9": 2,
      "10": 0,
      "11": 1,
      "12": 1,
      "13": 0,
      "14": 1,
      "15": 0,
      "16": 2,
      "17": 0,
      "18": 0,
      "19": 0,
      "20": 0,
      "21": 0,
      "22": 0,
      "23": 0,
      "24": 0,
      "25": 0,
      "26": 0,
      "27": 0,
      "28": 0,
      "29": 0,
      "30": 0,
      "31": 0,
      "32": 0,
      "33": 0,
      "34": 0,
      "35": 0,
      "36": 0,
      "37": 0,
      "38": 0,
      "39": 0,
      "40": 0,
      "41": 0,
      "42": 0,
      "43": 0,
      "44": 0,
      "45": 0,
      "46": 0,
      "47": 0,
      "48": 0,
      "49": 0,
      "50": 0
    }
  },
  "schools": {
    "ranks_0based": {
      "0": 1,
      "1": 30,
      "2": 9,
      "3": 6,
      "4": 15,
      "5": 10,
      "6": 16,
      "7": 1,
      "8": 7,
      "9": 15,
      "10": 19,
      "11": 7,
      "12": 14,
      "13": 3,
      "14": 5,
      "15": 5,
      "16": 34,
      "17": 0,
      "18": 1,
      "19": 33,
      "20": 26,
      "21": 3,
      "22": 11,
      "23": 15,
      "24": 5,
      "25": 19,
      "26": 0,
      "27": 7,
      "28": 7,
      "29": 9,
      "30": 0,
      "31": 23,
      "32": 17,
      "33": 6,
      "34": 16,
      "35": 3,
      "36": 16,
      "37": 1,
      "38": 7,
      "39": 9,
      "40": 14,
      "41": 9,
      "42": 23,
      "43": 1,
      "44": 8,
      "45": 14,
      "46": 0,
      "47": 0,
      "48": 17,
      "49": 10
    },
    "n_agents": 50,
    "mean_rank_1based": 11.54,
    "median_rank_1based": 10.0,
    "std_rank": 8.704504580962665,
    "top1_rate": 0.1,
    "top3_rate": 0.2,
    "mean_score": 0.7848979591836734,
    "gini_score": 0.12419136765470618,
    "hist_1based": {
      "1": 5,
      "2": 5,
      "3": 0,
      "4": 3,
      "5": 0,
      "6": 3,
      "7": 2,
      "8": 5,
      "9": 1,
      "10": 4,
      "11": 2,
      "12": 1,
      "13": 0,
      "14": 0,
      "15": 3,
      "16": 3,
      "17": 3,
      "18": 2,
      "19": 0,
      "20": 2,
      "21": 0,
      "22": 0,
      "23": 0,
      "24": 2,
      "25": 0,
      "26": 0,
      "27": 1,
      "28": 0,
      "29": 0,
      "30": 0,
      "31": 1,
      "32": 0,
      "33": 0,
      "34": 1,
      "35": 1,
      "36": 0,
      "37": 0,
      "38": 0,
      "39": 0,
      "40": 0,
      "41": 0,
      "42": 0,
      "43": 0,
      "44": 0,
      "45": 0,
      "46": 0,
      "47": 0,
      "48": 0,
      "49": 0,
      "50": 0
    }
  }
}