{
  "mode": "DA_E",
  "stable": true,
  "students": {
    "ranks_0based": {
      "0": 3,
      "1": 2,
      "2": 0,
      "3": 20,
      "4": 1,
      "5": 2,
      "6": 5,
      "7": 4,
      "8": 3,
      "9": 0,
      "10": 1,
      "11": 0,
      "12": 12,
      "13": 4,
      "14": 2,
      "15": 5,
      "16": 3,
      "17": 0,
      "18": 0,
      "19": 6,
      "20": 0,
      "21": 0,
      "22": 7,
      "23": 0,
      "24": 4,
      "25": 0,
      "26": 8,
      "27": 0,
      "28": 1,
      "29": 3,
      "30": 2,
      "31": 4,
      "32": 0,
      "33": 2,
      "34": 2,
      "35": 6,
      "36": 3,
      "37": 2,
      "38": 5,
      "39": 13,
      "40": 3,
      "41": 3,
      "42": 6,
      "43": 8,
      "44": 8,
      "45": 1,
      "46": 0,
      "47": 2,
      "48": 0,
      "49": 1,
      "50": 3,
      "51": 2,
      "52": 12,
      "53": 1,
      "54": 5,
      "55": 0,
      "56": 1,
      "57": 11,
      "58": 11,
      "59": 4,
      "60": 7,
      "61": 12,
      "62": 1,
      "63": 8,
      "64": 10,
      "65": 7,
      "66": 7,
      "67": 3,
      "68": 4,
      "69": 3,
      "70": 5,
      "71": 0,
      "72": 1,
      "73": 0,
      "74": 1,
      "75": 1,
      "76": 6,
      "77": 3,
      "78": 1,
      "79": 3,
      "80": 5,
      "81": 6,
      "82": 5,
      "83": 4,
      "84": 3,
      "85": 3,
      "86": 4,
      "87": 2,
      "88": 0,
      "89": 2,
      "90": 2,
      "91": 2,
      "92": 0,
      "93": 0,
      "94": 1,
      "95": 1,
      "96": 1,
      "97": 2,
      "98": 5,
      "99": 0
    },
    "n_agents": 100,
    "mean_rank_1based": 4.48,
    "median_rank_1based": 4.0,
    "std_rank": 3.5902089075707,
    "top1_rate": 0.2,
    "top3_rate": 0.49,
    "mean_score": 0.9648484848484848,
    "gini_score": 0.01916876046901228,
    "hist_1based": {
      "1": 20,
      "2": 15,
      "3": 14,
      "4": 14,
      "5": 8,
      "6": 8,
      "7": 5,
      "8": 4,
      "9": 4,
      "10": 0,
      "11": 1,
      "12": 2,
      "13": 3,
      "14": 1,
      "15": 0,
      "16": 0,
      "17": 0,
      "18": 0,
      "19": 0,
      "20": 0,
      "21": 1,
      "22": 0,
      "23": 0,
      "24": 0,
      "25": 0,
      "26": 0,
      "27": 0,
      "28": 0,
      "29": 0,
      "30": 0,
      "31": 0,
      "32": 0,
      "33": 0,
      "34": 0,
      "35": 0,
      "36": 0,
      "37": 0,
      "38": 0,
      "39": 0,
      "40": 0,
      "41": 0,
      "42": 0,
      "43": 0,
      "44": 0,
      "45": 0,
      "46": 0,
      "47": 0,
      "48": 0,
      "49": 0,
      "50": 0,
      "51": 0,
      "52": 0,
      "53": 0,
      "54": 0,
      "55": 0,
      "56": 0,
      "57": 0,
      "58": 0,
      "59": 0,
      "60": 0,
      "61": 0,
      "62": 0,
      "63": 0,
      "64": 0,
      "65": 0,
      "66": 0,
      "67": 0,
      "68": 0,
      "69": 0,
      "70": 0,
      "71": 0,
      "72": 0,
      "73": 0,
      "74": 0,
      "75": 0,
      "76": 0,
      "77": 0,
      "78": 0,
      "79": 0,
      "80": 0,
      "81": 0,
      "82": 0,
      "83": 0,
      "84": 0,
      "85": 0,
      "86": 0,
      "87": 0,
      "88": 0,
      "89": 0,
      "90": 0,
      "91": 0,
      "92": 0,
      "93": 0,
      "94": 0,
      "95": 0,
      "96": 0,
      "97": 0,
      "98": 0,
      "99": 0,
      "100": 0
    }
  },
  "schools": {
    "ranks_0based": {
      "0": 29,
      "1": 0,
      "2": 17,
      "3": 0,
      "4": 19,
      "5": 25,
      "6": 8,
      "7": 49,
      "8": 35,
      "9": 36,
      "10": 10,
      "11": 64,
      "12": 20,
      "13": 13,
      "14": 40,
      "15": 9,
      "16": 56,
      "17": 10,
      "18": 8,
      "19": 7,
      "20": 8,
      "21": 1,
      "22": 12,
      "23": 5,
      "24": 1,
      "25": 71,
      "26": 0,
      "27": 0,
      "28": 2,
      "29": 8,
      "30": 6,
      "31": 20,
      "32": 2,
      "33": 15,
      "34": 27,
      "35": 24,
      "36": 0,
      "37": 24,
      "38": 35,
      "39": 6,
      "40": 2,
      "41": 8,
      "42": 0,
      "43": 9,
      "44": 0,
      "45": 29,
      "46": 16,
      "47": 28,
      "48": 2,
      "49": 0,
      "50": 13,
      "51": 10,
      "52": 4,
      "53": 61,
      "54": 3,
      "55": 80,
      "56": 10,
      "57": 11,
      "58": 16,
      "59": 2,
      "60": 72,
      "61": 46,
      "62": 4,
      "63": 12,
      "64": 2,
      "65": 2,
      "66": 39,
      "67": 6,
      "68": 21,
      "69": 24,
      "70": 10,
      "71": 20,
      "72": 8,
      "73": 90,
      "74": 36,
      "75": 4,
      "76": 18,
      "77": 4,
      "78": 6,
      "79": 33,
      "80": 22,
      "81": 6,
      "82": 16,
      "83": 13,
      "84": 31,
      "85": 43,
      "86": 4,
      "87": 49,
      "88": 13,
      "89": 1,
      "90": 24,
      "91": 9,
      "92": 8,
      "93": 30,
      "94": 14,
      "95": 2,
      "96": 25,
      "97": 58,
      "98": 34,
      "99": 0
    },
    "n_agents": 100,
    "mean_rank_1based": 19.85,
    "median_rank_1based": 13.0,
    "std_rank": 19.55421949350063,
    "top1_rate": 0.09,
    "top3_rate": 0.2,
    "mean_score": 0.8095959595959596,
    "gini_score": 0.1254859638178425,
    "hist_1based": {
      "1": 9,
      "2": 3,
      "3": 8,
      "4": 1,
      "5": 5,
      "6": 1,
      "7": 5,
      "8": 1,
      "9": 7,
      "10": 3,
      "11": 5,
      "12": 1,
      "13": 2,
      "14": 4,
      "15": 1,
      "16": 1,
      "17": 3,
      "18": 1,
      "19": 1,
      "20": 1,
      "21": 3,
      "22": 1,
      "23": 1,
      "24": 0,
      "25": 4,
      "26": 2,
      "27": 0,
      "28": 1,
      "29": 1,
      "30": 2,
      "31": 1,
      "32": 1,
      "33": 0,
      "34": 1,
      "35": 1,
      "36": 2,
      "37": 2,
      "38": 0,
      "39": 0,
      "40": 1,
      "41": 1,
      "42": 0,
      "43": 0,
      "44": 1,
      "45": 0,
      "46": 0,
      "47": 1,
      "48": 0,
      "49": 0,
      "50": 2,
      "51": 0,
      "52": 0,
      "53": 0,
      "54": 0,
      "55": 0,
      "56": 0,
      "57": 1,
      "58": 0,
      "59": 1,
      "60": 0,
      "61": 0,
      "62": 1,
      "63": 0,
      "64": 0,
      "65": 1,
      "66": 0,
      "67": 0,
      "68": 0,
      "69": 0,
      "70": 0,
      "71": 0,
      "72": 1,
      "73": 1,
      "74": 0,
      "75": 0,
      "76": 0,
      "77": 0,
      "78": 0,
      "79": 0,
      "80": 0,
      "81": 1,
      "82": 0,
      "83": 0,
      "84": 0,
      "85": 0,
      "86": 0,
      "87": 0,
      "88": 0,
      "89": 0,
      "90": 0,
      "91": 1,
      "92": 0,
      "93": 0,
      "94": 0,
      "95": 0,
      "96": 0,
      "97": 0,
      "98": 0,
      "99": 0,
      "100": 0
    }
  }
}