{
  "mode": "DA_E",
  "stable": true,
  "students": {
    "ranks_0based": {
      "0": 3,
      "1": 2,
      "2": 0,
      "3": 3,
      "4": 5,
      "5": 0,
      "6": 0,
      "7": 1,
      "8": 12,
      "9": 1,
      "10": 1,
      "11": 0,
      "12": 16,
      "13": 12,
      "14": 1,
      "15": 3,
      "16": 4,
      "17": 0,
      "18": 1,
      "19": 13,
      "20": 6,
      "21": 6,
      "22": 9,
      "23": 0,
      "24": 3,
      "25": 21,
      "26": 1,
      "27": 1,
      "28": 5,
      "29": 3,
      "30": 1,
      "31": 1,
      "32": 3,
      "33": 6,
      "34": 0,
      "35": 6,
      "36": 10,
      "37": 9,
      "38": 11,
      "39": 7,
      "40": 2,
      "41": 5,
      "42": 0,
      "43": 1,
      "44": 0,
      "45": 2,
      "46": 1,
      "47": 10,
      "48": 1,
      "49": 3
    },
    "n_agents": 50,
    "mean_rank_1based": 5.24,
    "median_rank_1based": 4.0,
    "std_rank": 4.709819529451209,
    "top1_rate": 0.18,
    "top3_rate": 0.48,
    "mean_score": 0.913469387755102,
    "gini_score": 0.05379803395889193,
    "hist_1based": {
      "1": 9,
      "2": 12,
      "3": 3,
      "4": 7,
      "5": 1,
      "6": 3,
      "7": 4,
      "8": 1,
      "9": 0,
      "10": 2,
      "11": 2,
      "12": 1,
      "13": 2,
      "14": 1,
      "15": 0,
      "16": 0,
      "17": 1,
      "18": 0,
      "19": 0,
      "20": 0,
      "21": 0,
      "22": 1,
      "23": 0,
      "24": 0,
      "25": 0,
      "26": 0,
      "27": 0,
      "28": 0,
      "29": 0,
      "30": 0,
      "31": 0,
      "32": 0,
      "33": 0,
      "34": 0,
      "35": 0,
      "36": 0,
      "37": 0,
      "38": 0,
      "39": 0,
      "40": 0,
      "41": 0,
      "42": 0,
      "43": 0,
      "44": 0,
      "45": 0,
      "46": 0,
      "47": 0,
      "48": 0,
      "49": 0,
      "50": 0
    }
  },
  "schools": {
    "ranks_0based": {
      "0": 8,
      "1": 13,
      "2": 0,
      "3": 18,
      "4": 5,
      "5": 3,
      "6": 0,
      "7": 2,
      "8": 3,
      "9": 16,
      "10": 3,
      "11": 1,
      "12": 1,
      "13": 10,
      "14": 4,
      "15": 4,
      "16": 0,
      "17": 2,
      "18": 12,
      "19": 4,
      "20": 7,
      "21": 15,
      "22": 1,
      "23": 0,
      "24": 12,
      "25": 4,
      "26": 2,
      "27": 1,
      "28": 9,
      "29": 10,
      "30": 15,
      "31": 4,
      "32": 2,
      "33": 3,
      "34": 16,
      "35": 9,
      "36": 8,
      "37": 1,
      "38": 1,
      "39": 4,
      "40": 30,
      "41": 4,
      "42": 3,
      "43": 4,
      "44": 11,
      "45": 13,
      "46": 3,
      "47": 4,
      "48": 17,
      "49": 2
    },
    "n_agents": 50,
    "mean_rank_1based": 7.48,
    "median_rank_1based": 5.0,
    "std_rank": 6.181391429120146,
    "top1_rate": 0.08,
    "top3_rate": 0.3,
    "mean_score": 0.8677551020408163,
    "gini_score": 0.07550329256820332,
    "hist_1based": {
      "1": 4,
      "2": 6,
      "3": 5,
      "4": 6,
      "5": 9,
      "6": 1,
      "7": 0,
      "8": 1,
      "9": 2,
      "10": 2,
      "11": 2,
      "12": 1,
      "13": 2,
      "14": 2,
      "15": 0,
      "16": 2,
      "17": 2,
      "18": 1,
      "19": 1,
      "20": 0,
      "21": 0,
      "22": 0,
      "23": 0,
      "24": 0,
      "25": 0,
      "26": 0,
      "27": 0,
      "28": 0,
      "29": 0,
      "30": 0,
      "31": 1,
      "32": 0,
      "33": 0,
      "34": 0,
      "35": 0,
      "36": 0,
      "37": 0,
      "38": 0,
      "39": 0,
      "40": 0,
      "41": 0,
      "42": 0,
      "43": 0,
      "44": 0,
      "45": 0,
      "46": 0,
      "47": 0,
      "48": 0,
      "49": 0,
      "50": 0
    }
  }
}