{
  "mode": "DA_S",
  "stable": true,
  "students": {
    "ranks_0based": {
      "0": 15,
      "1": 28,
      "2": 3,
      "3": 0,
      "4": 11,
      "5": 1,
      "6": 11,
      "7": 4,
      "8": 24,
      "9": 3,
      "10": 5,
      "11": 5,
      "12": 17,
      "13": 9,
      "14": 27,
      "15": 8,
      "16": 10,
      "17": 1,
      "18": 5,
      "19": 6,
      "20": 0,
      "21": 43,
      "22": 1,
      "23": 22,
      "24": 19,
      "25": 6,
      "26": 38,
      "27": 15,
      "28": 0,
      "29": 0,
      "30": 0,
      "31": 31,
      "32": 0,
      "33": 10,
      "34": 1,
      "35": 33,
      "36": 37,
      "37": 15,
      "38": 22,
      "39": 2,
      "40": 2,
      "41": 1,
      "42": 9,
      "43": 11,
      "44": 28,
      "45": 38,
      "46": 1,
      "47": 3,
      "48": 13,
      "49": 2
    },
    "n_agents": 50,
    "mean_rank_1based": 12.92,
    "median_rank_1based": 9.5,
    "std_rank": 12.15210269871021,
    "top1_rate": 0.12,
    "top3_rate": 0.3,
    "mean_score": 0.756734693877551,
    "gini_score": 0.17635382955771295,
    "hist_1based": {
      "1": 6,
      "2": 6,
      "3": 3,
      "4": 3,
      "5": 1,
      "6": 3,
      "7": 2,
      "8": 0,
      "9": 1,
      "10": 2,
      "11": 2,
      "12": 3,
      "13": 0,
      "14": 1,
      "15": 0,
      "16": 3,
      "17": 0,
      "18": 1,
      "19": 0,
      "20": 1,
      "21": 0,
      "22": 0,
      "23": 2,
      "24": 0,
      "25": 1,
      "26": 0,
      "27": 0,
      "28": 1,
      "29": 2,
      "30": 0,
      "31": 0,
      "32": 1,
      "33": 0,
      "34": 1,
      "35": 0,
      "36": 0,
      "37": 0,
      "38": 1,
      "39": 2,
      "40": 0,
      "41": 0,
      "42": 0,
      "43": 0,
      "44": 1,
      "45": 0,
      "46": 0,
      "47": 0,
      "48": 0,
      "49": 0,
      "50": 0
    }
  },
  "schools": {
    "ranks_0based": {
      "0": 0,
      "1": 1,
      "2": 1,
      "3": 3,
      "4": 6,
      "5": 3,
      "6": 2,
      "7": 2,
      "8": 2,
      "9": 5,
      "10": 0,
      "11": 0,
      "12": 2,
      "13": 1,
      "14": 2,
      "15": 2,
      "16": 9,
      "17": 10,
      "18": 13,
      "19": 4,
      "20": 8,
      "21": 0,
      "22": 3,
      "23": 1,
      "24": 0,
      "25": 2,
      "26": 0,
      "27": 6,
      "28": 0,
      "29": 4,
      "30": 0,
      "31": 2,
      "32": 0,
      "33": 1,
      "34": 2,
      "35": 0,
      "36": 4,
      "37": 4,
      "38": 4,
      "39": 2,
      "40": 5,
      "41": 1,
      "42": 1,
      "43": 1,
      "44": 1,
      "45": 3,
      "46": 2,
      "47": 0,
      "48": 1,
      "49": 2
    },
    "n_agents": 50,
    "mean_rank_1based": 3.56,
    "median_rank_1based": 3.0,
    "std_rank": 2.765212469232699,
    "top1_rate": 0.22,
    "top3_rate": 0.66,
    "mean_score": 0.9477551020408164,
    "gini_score": 0.02956072351421213,
    "hist_1based": {
      "1": 11,
      "2": 10,
      "3": 12,
      "4": 4,
      "5": 5,
      "6": 2,
      "7": 2,
      "8": 0,
      "9": 1,
      "10": 1,
      "11": 1,
      "12": 0,
      "13": 0,
      "14": 1,
      "15": 0,
      "16": 0,
      "17": 0,
      "18": 0,
      "19": 0,
      "20": 0,
      "21": 0,
      "22": 0,
      "23": 0,
      "24": 0,
      "25": 0,
      "26": 0,
      "27": 0,
      "28": 0,
      "29": 0,
      "30": 0,
      "31": 0,
      "32": 0,
      "33": 0,
      "34": 0,
      "35": 0,
      "36": 0,
      "37": 0,
      "38": 0,
      "39": 0,
      "40": 0,
      "41": 0,
      "42": 0,
      "43": 0,
      "44": 0,
      "45": 0,
      "46": 0,
      "47": 0,
      "48": 0,
      "49": 0,
      "50": 0
    }
  }
}