{
  "mode": "DA_E",
  "stable": true,
  "students": {
    "ranks_0based": {
      "0": 5,
      "1": 7,
      "2": 0,
      "3": 0,
      "4": 0,
      "5": 18,
      "6": 4,
      "7": 4,
      "8": 2,
      "9": 1,
      "10": 33,
      "11": 2,
      "12": 10,
      "13": 13,
      "14": 2,
      "15": 9,
      "16": 2,
      "17": 21,
      "18": 0,
      "19": 5,
      "20": 7,
      "21": 10,
      "22": 3,
      "23": 10,
      "24": 5,
      "25": 0,
      "26": 3,
      "27": 2,
      "28": 20,
      "29": 7,
      "30": 0,
      "31": 1,
      "32": 3,
      "33": 0,
      "34": 8,
      "35": 0,
      "36": 6,
      "37": 19,
      "38": 2,
      "39": 6,
      "40": 3,
      "41": 4,
      "42": 9,
      "43": 0,
      "44": 2,
      "45": 13,
      "46": 14,
      "47": 4,
      "48": 20,
      "49": 3,
      "50": 11,
      "51": 7,
      "52": 0,
      "53": 0,
      "54": 8,
      "55": 14,
      "56": 3,
      "57": 0,
      "58": 4,
      "59": 1,
      "60": 14,
      "61": 3,
      "62": 2,
      "63": 9,
      "64": 7,
      "65": 1,
      "66": 0,
      "67": 1,
      "68": 1,
      "69": 6,
      "70": 3,
      "71": 3,
      "72": 5,
      "73": 2,
      "74": 9,
      "75": 2,
      "76": 0,
      "77": 30,
      "78": 9,
      "79": 7,
      "80": 5,
      "81": 7,
      "82": 0,
      "83": 16,
      "84": 3,
      "85": 0,
      "86": 0,
      "87": 3,
      "88": 1,
      "89": 0,
      "90": 7,
      "91": 3,
      "92": 0,
      "93": 3,
      "94": 1,
      "95": 5,
      "96": 4,
      "97": 3,
      "98": 1,
      "99": 2
    },
    "n_agents": 100,
    "mean_rank_1based": 6.48,
    "median_rank_1based": 4.0,
    "std_rank": 6.30314207360107,
    "top1_rate": 0.19,
    "top3_rate": 0.39,
    "mean_score": 0.9446464646464646,
    "gini_score": 0.03299401197604812,
    "hist_1based": {
      "1": 19,
      "2": 9,
      "3": 11,
      "4": 14,
      "5": 6,
      "6": 6,
      "7": 3,
      "8": 8,
      "9": 2,
      "10": 5,
      "11": 3,
      "12": 1,
      "13": 0,
      "14": 2,
      "15": 3,
      "16": 0,
      "17": 1,
      "18": 0,
      "19": 1,
      "20": 1,
      "21": 2,
      "22": 1,
      "23": 0,
      "24": 0,
      "25": 0,
      "26": 0,
      "27": 0,
      "28": 0,
      "29": 0,
      "30": 0,
      "31": 1,
      "32": 0,
      "33": 0,
      "34": 1,
      "35": 0,
      "36": 0,
      "37": 0,
      "38": 0,
      "39": 0,
      "40": 0,
      "41": 0,
      "42": 0,
      "43": 0,
      "44": 0,
      "45": 0,
      "46": 0,
      "47": 0,
      "48": 0,
      "49": 0,
      "50": 0,
      "51": 0,
      "52": 0,
      "53": 0,
      "54": 0,
      "55": 0,
      "56": 0,
      "57": 0,
      "58": 0,
      "59": 0,
      "60": 0,
      "61": 0,
      "62": 0,
      "63": 0,
      "64": 0,
      "65": 0,
      "66": 0,
      "67": 0,
      "68": 0,
      "69": 0,
      "70": 0,
      "71": 0,
      "72": 0,
      "73": 0,
      "74": 0,
      "75": 0,
      "76": 0,
      "77": 0,
      "78": 0,
      "79": 0,
      "80": 0,
      "81": 0,
      "82": 0,
      "83": 0,
      "84": 0,
      "85": 0,
      "86": 0,
      "87": 0,
      "88": 0,
      "89": 0,
      "90": 0,
      "91": 0,
      "92": 0,
      "93": 0,
      "94": 0,
      "95": 0,
      "96": 0,
      "97": 0,
      "98": 0,
      "99": 0,
      "100": 0
    }
  },
  "schools": {
    "ranks_0based": {
      "0": 3,
      "1": 2,
      "2": 65,
      "3": 12,
      "4": 2,
      "5": 4,
      "6": 3,
      "7": 40,
      "8": 1,
      "9": 7,
      "10": 10,
      "11": 19,
      "12": 3,
      "13": 2,
      "14": 37,
      "15": 0,
      "16": 19,
      "17": 8,
      "18": 6,
      "19": 18,
      "20": 22,
      "21": 6,
      "22": 4,
      "23": 44,
      "24": 23,
      "25": 25,
      "26": 6,
      "27": 22,
      "28": 6,
      "29": 3,
      "30": 8,
      "31": 11,
      "32": 5,
      "33": 6,
      "34": 19,
      "35": 5,
      "36": 1,
      "37": 6,
      "38": 1,
      "39": 22,
      "40": 27,
      "41": 0,
      "42": 8,
      "43": 35,
      "44": 28,
      "45": 9,
      "46": 44,
      "47": 0,
      "48": 3,
      "49": 51,
      "50": 4,
      "51": 20,
      "52": 14,
      "53": 5,
      "54": 10,
      "55": 66,
      "56": 3,
      "57": 79,
      "58": 34,
      "59": 2,
      "60": 34,
      "61": 8,
      "62": 4,
      "63": 12,
      "64": 8,
      "65": 2,
      "66": 8,
      "67": 58,
      "68": 42,
      "69": 1,
      "70": 17,
      "71": 13,
      "72": 13,
      "73": 3,
      "74": 7,
      "75": 49,
      "76": 11,
      "77": 33,
      "78": 18,
      "79": 11,
      "80": 1,
      "81": 32,
      "82": 3,
      "83": 33,
      "84": 7,
      "85": 7,
      "86": 23,
      "87": 7,
      "88": 16,
      "89": 14,
      "90": 2,
      "91": 14,
      "92": 13,
      "93": 15,
      "94": 59,
      "95": 4,
      "96": 20,
      "97": 23,
      "98": 19,
      "99": 26
    },
    "n_agents": 100,
    "mean_rank_1based": 17.38,
    "median_rank_1based": 11.5,
    "std_rank": 16.680995174149533,
    "top1_rate": 0.03,
    "top3_rate": 0.14,
    "mean_score": 0.8345454545454546,
    "gini_score": 0.10289276204308995,
    "hist_1based": {
      "1": 3,
      "2": 5,
      "3": 6,
      "4": 8,
      "5": 5,
      "6": 3,
      "7": 6,
      "8": 5,
      "9": 6,
      "10": 1,
      "11": 2,
      "12": 3,
      "13": 2,
      "14": 3,
      "15": 3,
      "16": 1,
      "17": 1,
      "18": 1,
      "19": 2,
      "20": 4,
      "21": 2,
      "22": 0,
      "23": 3,
      "24": 3,
      "25": 0,
      "26": 1,
      "27": 1,
      "28": 1,
      "29": 1,
      "30": 0,
      "31": 0,
      "32": 0,
      "33": 1,
      "34": 2,
      "35": 2,
      "36": 1,
      "37": 0,
      "38": 1,
      "39": 0,
      "40": 0,
      "41": 1,
      "42": 0,
      "43": 1,
      "44": 0,
      "45": 2,
      "46": 0,
      "47": 0,
      "48": 0,
      "49": 0,
      "50": 1,
      "51": 0,
      "52": 1,
      "53": 0,
      "54": 0,
      "55": 0,
      "56": 0,
      "57": 0,
      "58": 0,
      "59": 1,
      "60": 1,
      "61": 0,
      "62": 0,
      "63": 0,
      "64": 0,
      "65": 0,
      "66": 1,
      "67": 1,
      "68": 0,
      "69": 0,
      "70": 0,
      "71": 0,
      "72": 0,
      "73": 0,
      "74": 0,
      "75": 0,
      "76": 0,
      "77": 0,
      "78": 0,
      "79": 0,
      "80": 1,
      "81": 0,
      "82": 0,
      "83": 0,
      "84": 0,
      "85": 0,
      "86": 0,
      "87": 0,
      "88": 0,
      "89": 0,
      "90": 0,
      "91": 0,
      "92": 0,
      "93": 0,
      "94": 0,
      "95": 0,
      "96": 0,
      "97": 0,
      "98": 0,
      "99": 0,
      "100": 0
    }
  }
}