{
  "mode": "DA_S",
  "stable": true,
  "students": {
    "ranks_0based": {
      "0": 14,
      "1": 26,
      "2": 25,
      "3": 17,
      "4": 1,
      "5": 0,
      "6": 1,
      "7": 23,
      "8": 8,
      "9": 0,
      "10": 1,
      "11": 10,
      "12": 24,
      "13": 44,
      "14": 8,
      "15": 18,
      "16": 9,
      "17": 2,
      "18": 10,
      "19": 11,
      "20": 19,
      "21": 21,
      "22": 13,
      "23": 0,
      "24": 2,
      "25": 25,
      "26": 11,
      "27": 38,
      "28": 2,
      "29": 8,
      "30": 1,
      "31": 17,
      "32": 6,
      "33": 25,
      "34": 32,
      "35": 0,
      "36": 24,
      "37": 2,
      "38": 11,
      "39": 3,
      "40": 23,
      "41": 2,
      "42": 45,
      "43": 1,
      "44": 2,
      "45": 23,
      "46": 2,
      "47": 15,
      "48": 3,
      "49": 6
    },
    "n_agents": 50,
    "mean_rank_1based": 13.68,
    "median_rank_1based": 11.0,
    "std_rank": 11.775296174619134,
    "top1_rate": 0.08,
    "top3_rate": 0.32,
    "mean_score": 0.7412244897959184,
    "gini_score": 0.17651982378854614,
    "hist_1based": {
      "1": 4,
      "2": 5,
      "3": 7,
      "4": 2,
      "5": 0,
      "6": 0,
      "7": 2,
      "8": 0,
      "9": 3,
      "10": 1,
      "11": 2,
      "12": 3,
      "13": 0,
      "14": 1,
      "15": 1,
      "16": 1,
      "17": 0,
      "18": 2,
      "19": 1,
      "20": 1,
      "21": 0,
      "22": 1,
      "23": 0,
      "24": 3,
      "25": 2,
      "26": 3,
      "27": 1,
      "28": 0,
      "29": 0,
      "30": 0,
      "31": 0,
      "32": 0,
      "33": 1,
      "34": 0,
      "35": 0,
      "36": 0,
      "37": 0,
      "38": 0,
      "39": 1,
      "40": 0,
      "41": 0,
      "42": 0,
      "43": 0,
      "44": 0,
      "45": 1,
      "46": 1,
      "47": 0,
      "48": 0,
      "49": 0,
      "50": 0
    }
  },
  "schools": {
    "ranks_0based": {
      "0": 2,
      "1": 3,
      "2": 0,
      "3": 7,
      "4": 3,
      "5": 5,
      "6": 3,
      "7": 0,
      "8": 0,
      "9": 2,
      "10": 5,
      "11": 0,
      "12": 5,
      "13": 2,
      "14": 0,
      "15": 1,
      "16": 6,
      "17": 12,
      "18": 3,
      "19": 3,
      "20": 0,
      "21": 3,
      "22": 3,
      "23": 0,
      "24": 0,
      "25": 3,
      "26": 4,
      "27": 1,
      "28": 1,
      "29": 8,
      "30": 1,
      "31": 0,
      "32": 2,
      "33": 3,
      "34": 4,
      "35": 0,
      "36": 0,
      "37": 0,
      "38": 1,
      "39": 6,
      "40": 0,
      "41": 3,
      "42": 0,
      "43": 2,
      "44": 3,
      "45": 4,
      "46": 1,
      "47": 1,
      "48": 7,
      "49": 6
    },
    "n_agents": 50,
    "mean_rank_1based": 3.58,
    "median_rank_1based": 3.0,
    "std_rank": 2.5697470692657673,
    "top1_rate": 0.28,
    "top3_rate": 0.52,
    "mean_score": 0.9473469387755102,
    "gini_score": 0.029254631624300087,
    "hist_1based": {
      "1": 14,
      "2": 7,
      "3": 5,
      "4": 11,
      "5": 3,
      "6": 3,
      "7": 3,
      "8": 2,
      "9": 1,
      "10": 0,
      "11": 0,
      "12": 0,
      "13": 1,
      "14": 0,
      "15": 0,
      "16": 0,
      "17": 0,
      "18": 0,
      "19": 0,
      "20": 0,
      "21": 0,
      "22": 0,
      "23": 0,
      "24": 0,
      "25": 0,
      "26": 0,
      "27": 0,
      "28": 0,
      "29": 0,
      "30": 0,
      "31": 0,
      "32": 0,
      "33": 0,
      "34": 0,
      "35": 0,
      "36": 0,
      "37": 0,
      "38": 0,
      "39": 0,
      "40": 0,
      "41": 0,
      "42": 0,
      "43": 0,
      "44": 0,
      "45": 0,
      "46": 0,
      "47": 0,
      "48": 0,
      "49": 0,
      "50": 0
    }
  }
}