{
  "mode": "DA_S",
  "stable": true,
  "students": {
    "ranks_0based": {
      "0": 1,
      "1": 1,
      "2": 1,
      "3": 1,
      "4": 5,
      "5": 11,
      "6": 7,
      "7": 15,
      "8": 8,
      "9": 8,
      "10": 9,
      "11": 0,
      "12": 1,
      "13": 0,
      "14": 15,
      "15": 8,
      "16": 1,
      "17": 3,
      "18": 2,
      "19": 2
    },
    "n_agents": 20,
    "mean_rank_1based": 5.95,
    "median_rank_1based": 3.5,
    "std_rank": 4.748420790115383,
    "top1_rate": 0.1,
    "top3_rate": 0.5,
    "mean_score": 0.7394736842105263,
    "gini_score": 0.1820284697508896,
    "hist_1based": {
      "1": 2,
      "2": 6,
      "3": 2,
      "4": 1,
      "5": 0,
      "6": 1,
      "7": 0,
      "8": 1,
      "9": 3,
      "10": 1,
      "11": 0,
      "12": 1,
      "13": 0,
      "14": 0,
      "15": 0,
      "16": 2,
      "17": 0,
      "18": 0,
      "19": 0,
      "20": 0
    }
  },
  "schools": {
    "ranks_0based": {
      "0": 0,
      "1": 2,
      "2": 4,
      "3": 4,
      "4": 1,
      "5": 2,
      "6": 3,
      "7": 3,
      "8": 1,
      "9": 1,
      "10": 2,
      "11": 1,
      "12": 0,
      "13": 2,
      "14": 0,
      "15": 5,
      "16": 3,
      "17": 6,
      "18": 11,
      "19": 0
    },
    "n_agents": 20,
    "mean_rank_1based": 3.55,
    "median_rank_1based": 3.0,
    "std_rank": 2.558808316384797,
    "top1_rate": 0.2,
    "top3_rate": 0.6,
    "mean_score": 0.8657894736842106,
    "gini_score": 0.07796352583586597,
    "hist_1based": {
      "1": 4,
      "2": 4,
      "3": 4,
      "4": 3,
      "5": 2,
      "6": 1,
      "7": 1,
      "8": 0,
      "9": 0,
      "10": 0,
      "11": 0,
      "12": 1,
      "13": 0,
      "14": 0,
      "15": 0,
      "16": 0,
      "17": 0,
      "18": 0,
      "19": 0,
      "20": 0
    }
  }
}