{
  "mode": "DA_S",
  "stable": true,
  "students": {
    "ranks_0based": {
      "0": 11,
      "1": 1,
      "2": 1,
      "3": 4,
      "4": 16,
      "5": 8,
      "6": 3,
      "7": 0,
      "8": 15,
      "9": 0,
      "10": 13,
      "11": 5,
      "12": 5,
      "13": 12,
      "14": 14,
      "15": 0,
      "16": 13,
      "17": 4,
      "18": 0,
      "19": 14
    },
    "n_agents": 20,
    "mean_rank_1based": 7.95,
    "median_rank_1based": 6.0,
    "std_rank": 5.774729430891113,
    "top1_rate": 0.2,
    "top3_rate": 0.3,
    "mean_score": 0.6342105263157894,
    "gini_score": 0.26991701244813293,
    "hist_1based": {
      "1": 4,
      "2": 2,
      "3": 0,
      "4": 1,
      "5": 2,
      "6": 2,
      "7": 0,
      "8": 0,
      "9": 1,
      "10": 0,
      "11": 0,
      "12": 1,
      "13": 1,
      "14": 2,
      "15": 2,
      "16": 1,
      "17": 1,
      "18": 0,
      "19": 0,
      "20": 0
    }
  },
  "schools": {
    "ranks_0based": {
      "0": 3,
      "1": 0,
      "2": 1,
      "3": 1,
      "4": 1,
      "5": 3,
      "6": 6,
      "7": 0,
      "8": 1,
      "9": 2,
      "10": 0,
      "11": 1,
      "12": 2,
      "13": 0,
      "14": 1,
      "15": 1,
      "16": 0,
      "17": 0,
      "18": 0,
      "19": 0
    },
    "n_agents": 20,
    "mean_rank_1based": 2.15,
    "median_rank_1based": 2.0,
    "std_rank": 1.4585952145814822,
    "top1_rate": 0.4,
    "top3_rate": 0.85,
    "mean_score": 0.9394736842105263,
    "gini_score": 0.0390756302521007,
    "hist_1based": {
      "1": 8,
      "2": 7,
      "3": 2,
      "4": 2,
      "5": 0,
      "6": 0,
      "7": 1,
      "8": 0,
      "9": 0,
      "10": 0,
      "11": 0,
      "12": 0,
      "13": 0,
      "14": 0,
      "15": 0,
      "16": 0,
      "17": 0,
      "18": 0,
      "19": 0,
      "20": 0
    }
  }
}