{
  "mode": "DA_S",
  "stable": true,
  "students": {
    "ranks_0based": {
      "0": 3,
      "1": 12,
      "2": 5,
      "3": 3,
      "4": 7,
      "5": 2,
      "6": 4,
      "7": 0,
      "8": 34,
      "9": 1,
      "10": 0,
      "11": 19,
      "12": 25,
      "13": 23,
      "14": 29,
      "15": 26,
      "16": 7,
      "17": 11,
      "18": 2,
      "19": 1,
      "20": 20,
      "21": 33,
      "22": 1,
      "23": 49,
      "24": 6,
      "25": 3,
      "26": 4,
      "27": 2,
      "28": 13,
      "29": 2,
      "30": 13,
      "31": 21,
      "32": 2,
      "33": 33,
      "34": 28,
      "35": 3,
      "36": 2,
      "37": 3,
      "38": 6,
      "39": 5,
      "40": 5,
      "41": 22,
      "42": 6,
      "43": 2,
      "44": 1,
      "45": 2,
      "46": 2,
      "47": 11,
      "48": 11,
      "49": 10
    },
    "n_agents": 50,
    "mean_rank_1based": 11.7,
    "median_rank_1based": 6.5,
    "std_rank": 11.396929411029973,
    "top1_rate": 0.04,
    "top3_rate": 0.3,
    "mean_score": 0.7816326530612244,
    "gini_score": 0.1528250652741523,
    "hist_1based": {
      "1": 2,
      "2": 4,
      "3": 9,
      "4": 5,
      "5": 2,
      "6": 3,
      "7": 3,
      "8": 2,
      "9": 0,
      "10": 0,
      "11": 1,
      "12": 3,
      "13": 1,
      "14": 2,
      "15": 0,
      "16": 0,
      "17": 0,
      "18": 0,
      "19": 0,
      "20": 1,
      "21": 1,
      "22": 1,
      "23": 1,
      "24": 1,
      "25": 0,
      "26": 1,
      "27": 1,
      "28": 0,
      "29": 1,
      "30": 1,
      "31": 0,
      "32": 0,
      "33": 0,
      "34": 2,
      "35": 1,
      "36": 0,
      "37": 0,
      "38": 0,
      "39": 0,
      "40": 0,
      "41": 0,
      "42": 0,
      "43": 0,
      "44": 0,
      "45": 0,
      "46": 0,
      "47": 0,
      "48": 0,
      "49": 0,
      "50": 1
    }
  },
  "schools": {
    "ranks_0based": {
      "0": 1,
      "1": 2,
      "2": 0,
      "3": 2,
      "4": 1,
      "5": 0,
      "6": 1,
      "7": 0,
      "8": 2,
      "9": 0,
      "10": 5,
      "11": 4,
      "12": 0,
      "13": 0,
      "14": 0,
      "15": 0,
      "16": 3,
      "17": 0,
      "18": 6,
      "19": 3,
      "20": 1,
      "21": 4,
      "22": 1,
      "23": 10,
      "24": 5,
      "25": 6,
      "26": 4,
      "27": 2,
      "28": 10,
      "29": 4,
      "30": 0,
      "31": 1,
      "32": 0,
      "33": 4,
      "34": 1,
      "35": 2,
      "36": 0,
      "37": 2,
      "38": 0,
      "39": 12,
      "40": 0,
      "41": 3,
      "42": 2,
      "43": 0,
      "44": 1,
      "45": 1,
      "46": 3,
      "47": 0,
      "48": 6,
      "49": 1
    },
    "n_agents": 50,
    "mean_rank_1based": 3.32,
    "median_rank_1based": 2.0,
    "std_rank": 2.7816541841141933,
    "top1_rate": 0.32,
    "top3_rate": 0.66,
    "mean_score": 0.9526530612244898,
    "gini_score": 0.0297514995715511,
    "hist_1based": {
      "1": 16,
      "2": 10,
      "3": 7,
      "4": 4,
      "5": 5,
      "6": 2,
      "7": 3,
      "8": 0,
      "9": 0,
      "10": 0,
      "11": 2,
      "12": 0,
      "13": 1,
      "14": 0,
      "15": 0,
      "16": 0,
      "17": 0,
      "18": 0,
      "19": 0,
      "20": 0,
      "21": 0,
      "22": 0,
      "23": 0,
      "24": 0,
      "25": 0,
      "26": 0,
      "27": 0,
      "28": 0,
      "29": 0,
      "30": 0,
      "31": 0,
      "32": 0,
      "33": 0,
      "34": 0,
      "35": 0,
      "36": 0,
      "37": 0,
      "38": 0,
      "39": 0,
      "40": 0,
      "41": 0,
      "42": 0,
      "43": 0,
      "44": 0,
      "45": 0,
      "46": 0,
      "47": 0,
      "48": 0,
      "49": 0,
      "50": 0
    }
  }
}