{
  "mode": "DA_S",
  "stable": true,
  "students": {
    "ranks_0based": {
      "0": 10,
      "1": 2,
      "2": 3,
      "3": 0,
      "4": 1,
      "5": 0,
      "6": 0,
      "7": 0,
      "8": 7,
      "9": 9,
      "10": 1,
      "11": 1,
      "12": 1,
      "13": 0,
      "14": 0,
      "15": 1,
      "16": 3,
      "17": 5,
      "18": 5,
      "19": 0
    },
    "n_agents": 20,
    "mean_rank_1based": 3.45,
    "median_rank_1based": 2.0,
    "std_rank": 3.0573681492420897,
    "top1_rate": 0.35,
    "top3_rate": 0.65,
    "mean_score": 0.8710526315789474,
    "gini_score": 0.09380664652567972,
    "hist_1based": {
      "1": 7,
      "2": 5,
      "3": 1,
      "4": 2,
      "5": 0,
      "6": 2,
      "7": 0,
      "8": 1,
      "9": 0,
      "10": 1,
      "11": 1,
      "12": 0,
      "13": 0,
      "14": 0,
      "15": 0,
      "16": 0,
      "17": 0,
      "18": 0,
      "19": 0,
      "20": 0
    }
  },
  "schools": {
    "ranks_0based": {
      "0": 0,
      "1": 0,
      "2": 2,
      "3": 16,
      "4": 2,
      "5": 8,
      "6": 0,
      "7": 0,
      "8": 1,
      "9": 0,
      "10": 2,
      "11": 3,
      "12": 1,
      "13": 3,
      "14": 0,
      "15": 2,
      "16": 2,
      "17": 7,
      "18": 0,
      "19": 8
    },
    "n_agents": 20,
    "mean_rank_1based": 3.85,
    "median_rank_1based": 3.0,
    "std_rank": 3.9404948927767944,
    "top1_rate": 0.35,
    "top3_rate": 0.7,
    "mean_score": 0.85,
    "gini_score": 0.11346749226006181,
    "hist_1based": {
      "1": 7,
      "2": 2,
      "3": 5,
      "4": 2,
      "5": 0,
      "6": 0,
      "7": 0,
      "8": 1,
      "9": 2,
      "10": 0,
      "11": 0,
      "12": 0,
      "13": 0,
      "14": 0,
      "15": 0,
      "16": 0,
      "17": 1,
      "18": 0,
      "19": 0,
      "20": 0
    }
  }
}