{
  "mode": "DA_S",
  "stable": true,
  "students": {
    "ranks_0based": {
      "0": 9,
      "1": 7,
      "2": 1,
      "3": 34,
      "4": 4,
      "5": 13,
      "6": 15,
      "7": 26,
      "8": 0,
      "9": 2,
      "10": 16,
      "11": 35,
      "12": 2,
      "13": 52,
      "14": 49,
      "15": 41,
      "16": 20,
      "17": 18,
      "18": 54,
      "19": 10,
      "20": 47,
      "21": 40,
      "22": 3,
      "23": 18,
      "24": 7,
      "25": 15,
      "26": 4,
      "27": 11,
      "28": 7,
      "29": 0,
      "30": 67,
      "31": 51,
      "32": 50,
      "33": 7,
      "34": 2,
      "35": 9,
      "36": 86,
      "37": 55,
      "38": 16,
      "39": 27,
      "40": 28,
      "41": 16,
      "42": 52,
      "43": 57,
      "44": 14,
      "45": 3,
      "46": 24,
      "47": 19,
      "48": 1,
      "49": 0,
      "50": 39,
      "51": 8,
      "52": 53,
      "53": 13,
      "54": 13,
      "55": 8,
      "56": 16,
      "57": 18,
      "58": 2,
      "59": 6,
      "60": 11,
      "61": 22,
      "62": 11,
      "63": 6,
      "64": 40,
      "65": 2,
      "66": 50,
      "67": 31,
      "68": 39,
      "69": 8,
      "70": 1,
      "71": 21,
      "72": 14,
      "73": 17,
      "74": 9,
      "75": 13,
      "76": 25,
      "77": 6,
      "78": 12,
      "79": 52,
      "80": 7,
      "81": 18,
      "82": 49,
      "83": 26,
      "84": 38,
      "85": 26,
      "86": 5,
      "87": 37,
      "88": 3,
      "89": 3,
      "90": 43,
      "91": 3,
      "92": 49,
      "93": 4,
      "94": 4,
      "95": 30,
      "96": 11,
      "97": 22,
      "98": 3,
      "99": 3
    },
    "n_agents": 100,
    "mean_rank_1based": 21.94,
    "median_rank_1based": 16.0,
    "std_rank": 18.632670232685385,
    "top1_rate": 0.03,
    "top3_rate": 0.11,
    "mean_score": 0.7884848484848485,
    "gini_score": 0.12934409428644722,
    "hist_1based": {
      "1": 3,
      "2": 3,
      "3": 5,
      "4": 7,
      "5": 4,
      "6": 1,
      "7": 3,
      "8": 5,
      "9": 3,
      "10": 3,
      "11": 1,
      "12": 4,
      "13": 1,
      "14": 4,
      "15": 2,
      "16": 2,
      "17": 4,
      "18": 1,
      "19": 4,
      "20": 1,
      "21": 1,
      "22": 1,
      "23": 2,
      "24": 0,
      "25": 1,
      "26": 1,
      "27": 3,
      "28": 1,
      "29": 1,
      "30": 0,
      "31": 1,
      "32": 1,
      "33": 0,
      "34": 0,
      "35": 1,
      "36": 1,
      "37": 0,
      "38": 1,
      "39": 1,
      "40": 2,
      "41": 2,
      "42": 1,
      "43": 0,
      "44": 1,
      "45": 0,
      "46": 0,
      "47": 0,
      "48": 1,
      "49": 0,
      "50": 3,
      "51": 2,
      "52": 1,
      "53": 3,
      "54": 1,
      "55": 1,
      "56": 1,
      "57": 0,
      "58": 1,
      "59": 0,
      "60": 0,
      "61": 0,
      "62": 0,
      "63": 0,
      "64": 0,
      "65": 0,
      "66": 0,
      "67": 0,
      "68": 1,
      "69": 0,
      "70": 0,
      "71": 0,
      "72": 0,
      "73": 0,
      "74": 0,
      "75": 0,
      "76": 0,
      "77": 0,
      "78": 0,
      "79": 0,
      "80": 0,
      "81": 0,
      "82": 0,
      "83": 0,
      "84": 0,
      "85": 0,
      "86": 0,
      "87": 1,
      "88": 0,
      "89": 0,
      "90": 0,
      "91": 0,
      "92": 0,
      "93": 0,
      "94": 0,
      "95": 0,
      "96": 0,
      "97": 0,
      "98": 0,
      "99": 0,
      "100": 0
    }
  },
  "schools": {
    "ranks_0based": {
      "0": 7,
      "1": 1,
      "2": 19,
      "3": 0,
      "4": 2,
      "5": 3,
      "6": 7,
      "7": 1,
      "8": 2,
      "9": 2,
      "10": 5,
      "11": 2,
      "12": 4,
      "13": 2,
      "14": 1,
      "15": 1,
      "16": 5,
      "17": 7,
      "18": 7,
      "19": 3,
      "20": 3,
      "21": 1,
      "22": 9,
      "23": 1,
      "24": 0,
      "25": 1,
      "26": 0,
      "27": 12,
      "28": 0,
      "29": 0,
      "30": 1,
      "31": 10,
      "32": 7,
      "33": 3,
      "34": 0,
      "35": 5,
      "36": 4,
      "37": 0,
      "38": 0,
      "39": 5,
      "40": 1,
      "41": 8,
      "42": 6,
      "43": 4,
      "44": 12,
      "45": 4,
      "46": 2,
      "47": 4,
      "48": 1,
      "49": 4,
      "50": 11,
      "51": 0,
      "52": 4,
      "53": 1,
      "54": 1,
      "55": 2,
      "56": 0,
      "57": 3,
      "58": 2,
      "59": 4,
      "60": 2,
      "61": 0,
      "62": 2,
      "63": 2,
      "64": 1,
      "65": 1,
      "66": 3,
      "67": 5,
      "68": 0,
      "69": 3,
      "70": 0,
      "71": 7,
      "72": 3,
      "73": 1,
      "74": 4,
      "75": 3,
      "76": 1,
      "77": 0,
      "78": 3,
      "79": 8,
      "80": 0,
      "81": 7,
      "82": 2,
      "83": 3,
      "84": 7,
      "85": 0,
      "86": 0,
      "87": 0,
      "88": 0,
      "89": 0,
      "90": 17,
      "91": 2,
      "92": 0,
      "93": 4,
      "94": 1,
      "95": 1,
      "96": 0,
      "97": 3,
      "98": 1,
      "99": 6
    },
    "n_agents": 100,
    "mean_rank_1based": 4.2,
    "median_rank_1based": 3.0,
    "std_rank": 3.566510900025402,
    "top1_rate": 0.22,
    "top3_rate": 0.54,
    "mean_score": 0.9676767676767677,
    "gini_score": 0.01848434237995855,
    "hist_1based": {
      "1": 22,
      "2": 19,
      "3": 13,
      "4": 12,
      "5": 10,
      "6": 5,
      "7": 2,
      "8": 8,
      "9": 2,
      "10": 1,
      "11": 1,
      "12": 1,
      "13": 2,
      "14": 0,
      "15": 0,
      "16": 0,
      "17": 0,
      "18": 1,
      "19": 0,
      "20": 1,
      "21": 0,
      "22": 0,
      "23": 0,
      "24": 0,
      "25": 0,
      "26": 0,
      "27": 0,
      "28": 0,
      "29": 0,
      "30": 0,
      "31": 0,
      "32": 0,
      "33": 0,
      "34": 0,
      "35": 0,
      "36": 0,
      "37": 0,
      "38": 0,
      "39": 0,
      "40": 0,
      "41": 0,
      "42": 0,
      "43": 0,
      "44": 0,
      "45": 0,
      "46": 0,
      "47": 0,
      "48": 0,
      "49": 0,
      "50": 0,
      "51": 0,
      "52": 0,
      "53": 0,
      "54": 0,
      "55": 0,
      "56": 0,
      "57": 0,
      "58": 0,
      "59": 0,
      "60": 0,
      "61": 0,
      "62": 0,
      "63": 0,
      "64": 0,
      "65": 0,
      "66": 0,
      "67": 0,
      "68": 0,
      "69": 0,
      "70": 0,
      "71": 0,
      "72": 0,
      "73": 0,
      "74": 0,
      "75": 0,
      "76": 0,
      "77": 0,
      "78": 0,
      "79": 0,
      "80": 0,
      "81": 0,
      "82": 0,
      "83": 0,
      "84": 0,
      "85": 0,
      "86": 0,
      "87": 0,
      "88": 0,
      "89": 0,
      "90": 0,
      "91": 0,
      "92": 0,
      "93": 0,
      "94": 0,
      "95": 0,
      "96": 0,
      "97": 0,
      "98": 0,
      "99": 0,
      "100": 0
    }
  }
}