{
  "mode": "DA_S",
  "stable": true,
  "students": {
    "ranks_0based": {
      "0": 7,
      "1": 13,
      "2": 7,
      "3": 13,
      "4": 10,
      "5": 37,
      "6": 14,
      "7": 25,
      "8": 17,
      "9": 20,
      "10": 45,
      "11": 17,
      "12": 0,
      "13": 9,
      "14": 12,
      "15": 3,
      "16": 9,
      "17": 24,
      "18": 1,
      "19": 4,
      "20": 6,
      "21": 1,
      "22": 39,
      "23": 19,
      "24": 6,
      "25": 4,
      "26": 2,
      "27": 3,
      "28": 5,
      "29": 2,
      "30": 11,
      "31": 26,
      "32": 1,
      "33": 16,
      "34": 41,
      "35": 4,
      "36": 4,
      "37": 3,
      "38": 0,
      "39": 0,
      "40": 1,
      "41": 32,
      "42": 13,
      "43": 5,
      "44": 26,
      "45": 0,
      "46": 6,
      "47": 19,
      "48": 6,
      "49": 2
    },
    "n_agents": 50,
    "mean_rank_1based": 12.8,
    "median_rank_1based": 8.0,
    "std_rank": 11.658473313431736,
    "top1_rate": 0.08,
    "top3_rate": 0.22,
    "mean_score": 0.7591836734693878,
    "gini_score": 0.16535483870967793,
    "hist_1based": {
      "1": 4,
      "2": 4,
      "3": 3,
      "4": 3,
      "5": 4,
      "6": 2,
      "7": 4,
      "8": 2,
      "9": 0,
      "10": 2,
      "11": 1,
      "12": 1,
      "13": 1,
      "14": 3,
      "15": 1,
      "16": 0,
      "17": 1,
      "18": 2,
      "19": 0,
      "20": 2,
      "21": 1,
      "22": 0,
      "23": 0,
      "24": 0,
      "25": 1,
      "26": 1,
      "27": 2,
      "28": 0,
      "29": 0,
      "30": 0,
      "31": 0,
      "32": 0,
      "33": 1,
      "34": 0,
      "35": 0,
      "36": 0,
      "37": 0,
      "38": 1,
      "39": 0,
      "40": 1,
      "41": 0,
      "42": 1,
      "43": 0,
      "44": 0,
      "45": 0,
      "46": 1,
      "47": 0,
      "48": 0,
      "49": 0,
      "50": 0
    }
  },
  "schools": {
    "ranks_0based": {
      "0": 1,
      "1": 1,
      "2": 7,
      "3": 4,
      "4": 0,
      "5": 1,
      "6": 4,
      "7": 2,
      "8": 1,
      "9": 4,
      "10": 1,
      "11": 7,
      "12": 0,
      "13": 8,
      "14": 0,
      "15": 1,
      "16": 4,
      "17": 2,
      "18": 1,
      "19": 2,
      "20": 3,
      "21": 10,
      "22": 5,
      "23": 0,
      "24": 2,
      "25": 3,
      "26": 9,
      "27": 0,
      "28": 4,
      "29": 0,
      "30": 0,
      "31": 2,
      "32": 5,
      "33": 3,
      "34": 1,
      "35": 8,
      "36": 0,
      "37": 4,
      "38": 0,
      "39": 3,
      "40": 7,
      "41": 4,
      "42": 1,
      "43": 3,
      "44": 3,
      "45": 2,
      "46": 1,
      "47": 2,
      "48": 1,
      "49": 0
    },
    "n_agents": 50,
    "mean_rank_1based": 3.74,
    "median_rank_1based": 3.0,
    "std_rank": 2.590829982843336,
    "top1_rate": 0.2,
    "top3_rate": 0.56,
    "mean_score": 0.9440816326530612,
    "gini_score": 0.029995676610462763,
    "hist_1based": {
      "1": 10,
      "2": 11,
      "3": 7,
      "4": 6,
      "5": 7,
      "6": 2,
      "7": 0,
      "8": 3,
      "9": 2,
      "10": 1,
      "11": 1,
      "12": 0,
      "13": 0,
      "14": 0,
      "15": 0,
      "16": 0,
      "17": 0,
      "18": 0,
      "19": 0,
      "20": 0,
      "21": 0,
      "22": 0,
      "23": 0,
      "24": 0,
      "25": 0,
      "26": 0,
      "27": 0,
      "28": 0,
      "29": 0,
      "30": 0,
      "31": 0,
      "32": 0,
      "33": 0,
      "34": 0,
      "35": 0,
      "36": 0,
      "37": 0,
      "38": 0,
      "39": 0,
      "40": 0,
      "41": 0,
      "42": 0,
      "43": 0,
      "44": 0,
      "45": 0,
      "46": 0,
      "47": 0,
      "48": 0,
      "49": 0,
      "50": 0
    }
  }
}