{
  "mode": "DA_E",
  "stable": true,
  "students": {
    "ranks_0based": {
      "0": 0,
      "1": 0,
      "2": 0,
      "3": 0,
      "4": 3,
      "5": 1,
      "6": 1,
      "7": 3,
      "8": 2,
      "9": 1
    },
    "n_agents": 10,
    "mean_rank_1based": 2.1,
    "median_rank_1based": 2.0,
    "std_rank": 1.1357816691600546,
    "top1_rate": 0.4,
    "top3_rate": 0.8,
    "mean_score": 0.8777777777777778,
    "gini_score": 0.07721518987341769,
    "hist_1based": {
      "1": 4,
      "2": 3,
      "3": 1,
      "4": 2,
      "5": 0,
      "6": 0,
      "7": 0,
      "8": 0,
      "9": 0,
      "10": 0
    }
  },
  "schools": {
    "ranks_0based": {
      "0": 0,
      "1": 2,
      "2": 3,
      "3": 2,
      "4": 3,
      "5": 1,
      "6": 0,
      "7": 4,
      "8": 4,
      "9": 0
    },
    "n_agents": 10,
    "mean_rank_1based": 2.9,
    "median_rank_1based": 3.0,
    "std_rank": 1.5132745950421556,
    "top1_rate": 0.3,
    "top3_rate": 0.6,
    "mean_score": 0.7888888888888889,
    "gini_score": 0.11971830985915499,
    "hist_1based": {
      "1": 3,
      "2": 1,
      "3": 2,
      "4": 2,
      "5": 2,
      "6": 0,
      "7": 0,
      "8": 0,
      "9": 0,
      "10": 0
    }
  }
}