{
  "mode": "DA_E",
  "stable": true,
  "students": {
    "ranks_0based": {
      "0": 1,
      "1": 1,
      "2": 4,
      "3": 1,
      "4": 2,
      "5": 2,
      "6": 1,
      "7": 1,
      "8": 1,
      "9": 2,
      "10": 10,
      "11": 1,
      "12": 1,
      "13": 0,
      "14": 3,
      "15": 1,
      "16": 5,
      "17": 1,
      "18": 2,
      "19": 0,
      "20": 6,
      "21": 13,
      "22": 0,
      "23": 5,
      "24": 4,
      "25": 3,
      "26": 5,
      "27": 0,
      "28": 6,
      "29": 3,
      "30": 0,
      "31": 1,
      "32": 11,
      "33": 3,
      "34": 1,
      "35": 0,
      "36": 3,
      "37": 0,
      "38": 3,
      "39": 0,
      "40": 1,
      "41": 0,
      "42": 3,
      "43": 9,
      "44": 9,
      "45": 4,
      "46": 0,
      "47": 0,
      "48": 4,
      "49": 1
    },
    "n_agents": 50,
    "mean_rank_1based": 3.76,
    "median_rank_1based": 2.5,
    "std_rank": 3.0825963083089554,
    "top1_rate": 0.22,
    "top3_rate": 0.58,
    "mean_score": 0.9436734693877551,
    "gini_score": 0.03354671280276822,
    "hist_1based": {
      "1": 11,
      "2": 14,
      "3": 4,
      "4": 7,
      "5": 4,
      "6": 3,
      "7": 2,
      "8": 0,
      "9": 0,
      "10": 2,
      "11": 1,
      "12": 1,
      "13": 0,
      "14": 1,
      "15": 0,
      "16": 0,
      "17": 0,
      "18": 0,
      "19": 0,
      "20": 0,
      "21": 0,
      "22": 0,
      "23": 0,
      "24": 0,
      "25": 0,
      "26": 0,
      "27": 0,
      "28": 0,
      "29": 0,
      "30": 0,
      "31": 0,
      "32": 0,
      "33": 0,
      "34": 0,
      "35": 0,
      "36": 0,
      "37": 0,
      "38": 0,
      "39": 0,
      "40": 0,
      "41": 0,
      "42": 0,
      "43": 0,
      "44": 0,
      "45": 0,
      "46": 0,
      "47": 0,
      "48": 0,
      "49": 0,
      "50": 0
    }
  },
  "schools": {
    "ranks_0based": {
      "0": 5,
      "1": 19,
      "2": 10,
      "3": 7,
      "4": 13,
      "5": 2,
      "6": 34,
      "7": 7,
      "8": 2,
      "9": 1,
      "10": 0,
      "11": 3,
      "12": 1,
      "13": 4,
      "14": 26,
      "15": 28,
      "16": 5,
      "17": 5,
      "18": 4,
      "19": 22,
      "20": 17,
      "21": 17,
      "22": 20,
      "23": 1,
      "24": 38,
      "25": 1,
      "26": 30,
      "27": 17,
      "28": 3,
      "29": 37,
      "30": 16,
      "31": 13,
      "32": 8,
      "33": 8,
      "34": 3,
      "35": 15,
      "36": 3,
      "37": 1,
      "38": 2,
      "39": 9,
      "40": 14,
      "41": 16,
      "42": 7,
      "43": 11,
      "44": 13,
      "45": 3,
      "46": 2,
      "47": 37,
      "48": 9,
      "49": 1
    },
    "n_agents": 50,
    "mean_rank_1based": 12.4,
    "median_rank_1based": 9.0,
    "std_rank": 10.567875850898325,
    "top1_rate": 0.02,
    "top3_rate": 0.22,
    "mean_score": 0.7673469387755102,
    "gini_score": 0.15034042553191584,
    "hist_1based": {
      "1": 1,
      "2": 6,
      "3": 4,
      "4": 5,
      "5": 2,
      "6": 3,
      "7": 0,
      "8": 3,
      "9": 2,
      "10": 2,
      "11": 1,
      "12": 1,
      "13": 0,
      "14": 3,
      "15": 1,
      "16": 1,
      "17": 2,
      "18": 3,
      "19": 0,
      "20": 1,
      "21": 1,
      "22": 0,
      "23": 1,
      "24": 0,
      "25": 0,
      "26": 0,
      "27": 1,
      "28": 0,
      "29": 1,
      "30": 0,
      "31": 1,
      "32": 0,
      "33": 0,
      "34": 0,
      "35": 1,
      "36": 0,
      "37": 0,
      "38": 2,
      "39": 1,
      "40": 0,
      "41": 0,
      "42": 0,
      "43": 0,
      "44": 0,
      "45": 0,
      "46": 0,
      "47": 0,
      "48": 0,
      "49": 0,
      "50": 0
    }
  }
}