{
  "mode": "DA_S",
  "stable": true,
  "students": {
    "ranks_0based": {
      "0": 15,
      "1": 0,
      "2": 1,
      "3": 0,
      "4": 13,
      "5": 10,
      "6": 43,
      "7": 1,
      "8": 2,
      "9": 31,
      "10": 35,
      "11": 0,
      "12": 43,
      "13": 11,
      "14": 0,
      "15": 21,
      "16": 7,
      "17": 3,
      "18": 20,
      "19": 1,
      "20": 0,
      "21": 17,
      "22": 12,
      "23": 19,
      "24": 22,
      "25": 38,
      "26": 26,
      "27": 10,
      "28": 11,
      "29": 14,
      "30": 27,
      "31": 8,
      "32": 10,
      "33": 2,
      "34": 9,
      "35": 0,
      "36": 1,
      "37": 19,
      "38": 13,
      "39": 2,
      "40": 5,
      "41": 2,
      "42": 7,
      "43": 33,
      "44": 11,
      "45": 5,
      "46": 36,
      "47": 0,
      "48": 36,
      "49": 10
    },
    "n_agents": 50,
    "mean_rank_1based": 14.24,
    "median_rank_1based": 11.0,
    "std_rank": 12.627842254320411,
    "top1_rate": 0.14,
    "top3_rate": 0.3,
    "mean_score": 0.7297959183673469,
    "gini_score": 0.19266219239373594,
    "hist_1based": {
      "1": 7,
      "2": 4,
      "3": 4,
      "4": 1,
      "5": 0,
      "6": 2,
      "7": 0,
      "8": 2,
      "9": 1,
      "10": 1,
      "11": 4,
      "12": 3,
      "13": 1,
      "14": 2,
      "15": 1,
      "16": 1,
      "17": 0,
      "18": 1,
      "19": 0,
      "20": 2,
      "21": 1,
      "22": 1,
      "23": 1,
      "24": 0,
      "25": 0,
      "26": 0,
      "27": 1,
      "28": 1,
      "29": 0,
      "30": 0,
      "31": 0,
      "32": 1,
      "33": 0,
      "34": 1,
      "35": 0,
      "36": 1,
      "37": 2,
      "38": 0,
      "39": 1,
      "40": 0,
      "41": 0,
      "42": 0,
      "43": 0,
      "44": 2,
      "45": 0,
      "46": 0,
      "47": 0,
      "48": 0,
      "49": 0,
      "50": 0
    }
  },
  "schools": {
    "ranks_0based": {
      "0": 1,
      "1": 0,
      "2": 4,
      "3": 0,
      "4": 2,
      "5": 0,
      "6": 4,
      "7": 1,
      "8": 7,
      "9": 1,
      "10": 1,
      "11": 7,
      "12": 1,
      "13": 0,
      "14": 5,
      "15": 0,
      "16": 3,
      "17": 0,
      "18": 1,
      "19": 0,
      "20": 10,
      "21": 3,
      "22": 0,
      "23": 0,
      "24": 2,
      "25": 1,
      "26": 0,
      "27": 7,
      "28": 0,
      "29": 1,
      "30": 0,
      "31": 7,
      "32": 0,
      "33": 1,
      "34": 2,
      "35": 3,
      "36": 8,
      "37": 0,
      "38": 1,
      "39": 0,
      "40": 5,
      "41": 5,
      "42": 3,
      "43": 0,
      "44": 8,
      "45": 0,
      "46": 0,
      "47": 0,
      "48": 2,
      "49": 5
    },
    "n_agents": 50,
    "mean_rank_1based": 3.24,
    "median_rank_1based": 2.0,
    "std_rank": 2.7096863287103914,
    "top1_rate": 0.38,
    "top3_rate": 0.66,
    "mean_score": 0.9542857142857143,
    "gini_score": 0.030025662959794586,
    "hist_1based": {
      "1": 19,
      "2": 10,
      "3": 4,
      "4": 4,
      "5": 2,
      "6": 4,
      "7": 0,
      "8": 4,
      "9": 2,
      "10": 0,
      "11": 1,
      "12": 0,
      "13": 0,
      "14": 0,
      "15": 0,
      "16": 0,
      "17": 0,
      "18": 0,
      "19": 0,
      "20": 0,
      "21": 0,
      "22": 0,
      "23": 0,
      "24": 0,
      "25": 0,
      "26": 0,
      "27": 0,
      "28": 0,
      "29": 0,
      "30": 0,
      "31": 0,
      "32": 0,
      "33": 0,
      "34": 0,
      "35": 0,
      "36": 0,
      "37": 0,
      "38": 0,
      "39": 0,
      "40": 0,
      "41": 0,
      "42": 0,
      "43": 0,
      "44": 0,
      "45": 0,
      "46": 0,
      "47": 0,
      "48": 0,
      "49": 0,
      "50": 0
    }
  }
}