{
  "mode": "DA_E",
  "stable": true,
  "students": {
    "ranks_0based": {
      "0": 0,
      "1": 0,
      "2": 0,
      "3": 2,
      "4": 8,
      "5": 2,
      "6": 0,
      "7": 1,
      "8": 1,
      "9": 1,
      "10": 0,
      "11": 0,
      "12": 0,
      "13": 3,
      "14": 1,
      "15": 4,
      "16": 3,
      "17": 0,
      "18": 6,
      "19": 0
    },
    "n_agents": 20,
    "mean_rank_1based": 2.6,
    "median_rank_1based": 2.0,
    "std_rank": 2.177154105707724,
    "top1_rate": 0.45,
    "top3_rate": 0.75,
    "mean_score": 0.9157894736842105,
    "gini_score": 0.061206896551724066,
    "hist_1based": {
      "1": 9,
      "2": 4,
      "3": 2,
      "4": 2,
      "5": 1,
      "6": 0,
      "7": 1,
      "8": 0,
      "9": 1,
      "10": 0,
      "11": 0,
      "12": 0,
      "13": 0,
      "14": 0,
      "15": 0,
      "16": 0,
      "17": 0,
      "18": 0,
      "19": 0,
      "20": 0
    }
  },
  "schools": {
    "ranks_0based": {
      "0": 3,
      "1": 2,
      "2": 0,
      "3": 7,
      "4": 0,
      "5": 17,
      "6": 12,
      "7": 6,
      "8": 12,
      "9": 3,
      "10": 7,
      "11": 4,
      "12": 0,
      "13": 0,
      "14": 2,
      "15": 0,
      "16": 11,
      "17": 12,
      "18": 5,
      "19": 1
    },
    "n_agents": 20,
    "mean_rank_1based": 6.2,
    "median_rank_1based": 4.5,
    "std_rank": 5.015974481593781,
    "top1_rate": 0.25,
    "top3_rate": 0.4,
    "mean_score": 0.7263157894736842,
    "gini_score": 0.19927536231884058,
    "hist_1based": {
      "1": 5,
      "2": 1,
      "3": 2,
      "4": 2,
      "5": 1,
      "6": 1,
      "7": 1,
      "8": 2,
      "9": 0,
      "10": 0,
      "11": 0,
      "12": 1,
      "13": 3,
      "14": 0,
      "15": 0,
      "16": 0,
      "17": 0,
      "18": 1,
      "19": 0,
      "20": 0
    }
  }
}