{
  "mode": "DA_E",
  "stable": true,
  "students": {
    "ranks_0based": {
      "0": 2,
      "1": 12,
      "2": 2,
      "3": 6,
      "4": 4,
      "5": 13,
      "6": 0,
      "7": 2,
      "8": 20,
      "9": 1,
      "10": 2,
      "11": 1,
      "12": 1,
      "13": 5,
      "14": 7,
      "15": 0,
      "16": 2,
      "17": 0,
      "18": 0,
      "19": 2,
      "20": 5,
      "21": 1,
      "22": 4,
      "23": 18,
      "24": 1,
      "25": 0,
      "26": 1,
      "27": 3,
      "28": 2,
      "29": 10,
      "30": 6,
      "31": 7,
      "32": 1,
      "33": 7,
      "34": 4,
      "35": 3,
      "36": 3,
      "37": 2,
      "38": 6,
      "39": 5,
      "40": 2,
      "41": 0,
      "42": 4,
      "43": 3,
      "44": 2,
      "45": 3,
      "46": 0,
      "47": 0,
      "48": 9,
      "49": 0
    },
    "n_agents": 50,
    "mean_rank_1based": 4.88,
    "median_rank_1based": 3.0,
    "std_rank": 4.361834476455979,
    "top1_rate": 0.18,
    "top3_rate": 0.52,
    "mean_score": 0.9208163265306122,
    "gini_score": 0.04712765957446852,
    "hist_1based": {
      "1": 9,
      "2": 7,
      "3": 10,
      "4": 5,
      "5": 4,
      "6": 3,
      "7": 3,
      "8": 3,
      "9": 0,
      "10": 1,
      "11": 1,
      "12": 0,
      "13": 1,
      "14": 1,
      "15": 0,
      "16": 0,
      "17": 0,
      "18": 0,
      "19": 1,
      "20": 0,
      "21": 1,
      "22": 0,
      "23": 0,
      "24": 0,
      "25": 0,
      "26": 0,
      "27": 0,
      "28": 0,
      "29": 0,
      "30": 0,
      "31": 0,
      "32": 0,
      "33": 0,
      "34": 0,
      "35": 0,
      "36": 0,
      "37": 0,
      "38": 0,
      "39": 0,
      "40": 0,
      "41": 0,
      "42": 0,
      "43": 0,
      "44": 0,
      "45": 0,
      "46": 0,
      "47": 0,
      "48": 0,
      "49": 0,
      "50": 0
    }
  },
  "schools": {
    "ranks_0based": {
      "0": 10,
      "1": 4,
      "2": 15,
      "3": 17,
      "4": 2,
      "5": 0,
      "6": 4,
      "7": 40,
      "8": 2,
      "9": 40,
      "10": 2,
      "11": 2,
      "12": 20,
      "13": 1,
      "14": 2,
      "15": 8,
      "16": 6,
      "17": 0,
      "18": 10,
      "19": 13,
      "20": 8,
      "21": 6,
      "22": 13,
      "23": 3,
      "24": 11,
      "25": 7,
      "26": 2,
      "27": 11,
      "28": 1,
      "29": 11,
      "30": 27,
      "31": 5,
      "32": 21,
      "33": 2,
      "34": 14,
      "35": 48,
      "36": 26,
      "37": 11,
      "38": 16,
      "39": 11,
      "40": 0,
      "41": 13,
      "42": 1,
      "43": 3,
      "44": 10,
      "45": 2,
      "46": 0,
      "47": 5,
      "48": 10,
      "49": 11
    },
    "n_agents": 50,
    "mean_rank_1based": 11.14,
    "median_rank_1based": 9.0,
    "std_rank": 10.575462164841781,
    "top1_rate": 0.08,
    "top3_rate": 0.3,
    "mean_score": 0.7930612244897959,
    "gini_score": 0.1348944930519822,
    "hist_1based": {
      "1": 4,
      "2": 3,
      "3": 8,
      "4": 2,
      "5": 2,
      "6": 2,
      "7": 2,
      "8": 1,
      "9": 2,
      "10": 0,
      "11": 4,
      "12": 6,
      "13": 0,
      "14": 3,
      "15": 1,
      "16": 1,
      "17": 1,
      "18": 1,
      "19": 0,
      "20": 0,
      "21": 1,
      "22": 1,
      "23": 0,
      "24": 0,
      "25": 0,
      "26": 0,
      "27": 1,
      "28": 1,
      "29": 0,
      "30": 0,
      "31": 0,
      "32": 0,
      "33": 0,
      "34": 0,
      "35": 0,
      "36": 0,
      "37": 0,
      "38": 0,
      "39": 0,
      "40": 0,
      "41": 2,
      "42": 0,
      "43": 0,
      "44": 0,
      "45": 0,
      "46": 0,
      "47": 0,
      "48": 0,
      "49": 1,
      "50": 0
    }
  }
}