{
  "mode": "DA_E",
  "stable": true,
  "students": {
    "ranks_0based": {
      "0": 12,
      "1": 4,
      "2": 8,
      "3": 6,
      "4": 3,
      "5": 13,
      "6": 8,
      "7": 3,
      "8": 0,
      "9": 8,
      "10": 0,
      "11": 4,
      "12": 0,
      "13": 5,
      "14": 0,
      "15": 3,
      "16": 0,
      "17": 2,
      "18": 1,
      "19": 4,
      "20": 1,
      "21": 0,
      "22": 4,
      "23": 5,
      "24": 0,
      "25": 0,
      "26": 11,
      "27": 7,
      "28": 0,
      "29": 2,
      "30": 2,
      "31": 1,
      "32": 2,
      "33": 3,
      "34": 4,
      "35": 13,
      "36": 6,
      "37": 0,
      "38": 0,
      "39": 3,
      "40": 3,
      "41": 1,
      "42": 2,
      "43": 2,
      "44": 6,
      "45": 1,
      "46": 16,
      "47": 1,
      "48": 3,
      "49": 4,
      "50": 1,
      "51": 4,
      "52": 1,
      "53": 2,
      "54": 3,
      "55": 6,
      "56": 2,
      "57": 2,
      "58": 8,
      "59": 0,
      "60": 5,
      "61": 0,
      "62": 5,
      "63": 2,
      "64": 4,
      "65": 4,
      "66": 5,
      "67": 1,
      "68": 14,
      "69": 0,
      "70": 2,
      "71": 0,
      "72": 16,
      "73": 0,
      "74": 6,
      "75": 9,
      "76": 2,
      "77": 8,
      "78": 6,
      "79": 5,
      "80": 10,
      "81": 8,
      "82": 4,
      "83": 1,
      "84": 3,
      "85": 9,
      "86": 0,
      "87": 10,
      "88": 3,
      "89": 18,
      "90": 4,
      "91": 8,
      "92": 1,
      "93": 0,
      "94": 4,
      "95": 2,
      "96": 18,
      "97": 8,
      "98": 5,
      "99": 1
    },
    "n_agents": 100,
    "mean_rank_1based": 5.27,
    "median_rank_1based": 4.0,
    "std_rank": 4.237581857616441,
    "top1_rate": 0.18,
    "top3_rate": 0.43,
    "mean_score": 0.9568686868686869,
    "gini_score": 0.023366409796263587,
    "hist_1based": {
      "1": 18,
      "2": 12,
      "3": 13,
      "4": 10,
      "5": 12,
      "6": 7,
      "7": 6,
      "8": 1,
      "9": 8,
      "10": 2,
      "11": 2,
      "12": 1,
      "13": 1,
      "14": 2,
      "15": 1,
      "16": 0,
      "17": 2,
      "18": 0,
      "19": 2,
      "20": 0,
      "21": 0,
      "22": 0,
      "23": 0,
      "24": 0,
      "25": 0,
      "26": 0,
      "27": 0,
      "28": 0,
      "29": 0,
      "30": 0,
      "31": 0,
      "32": 0,
      "33": 0,
      "34": 0,
      "35": 0,
      "36": 0,
      "37": 0,
      "38": 0,
      "39": 0,
      "40": 0,
      "41": 0,
      "42": 0,
      "43": 0,
      "44": 0,
      "45": 0,
      "46": 0,
      "47": 0,
      "48": 0,
      "49": 0,
      "50": 0,
      "51": 0,
      "52": 0,
      "53": 0,
      "54": 0,
      "55": 0,
      "56": 0,
      "57": 0,
      "58": 0,
      "59": 0,
      "60": 0,
      "61": 0,
      "62": 0,
      "63": 0,
      "64": 0,
      "65": 0,
      "66": 0,
      "67": 0,
      "68": 0,
      "69": 0,
      "70": 0,
      "71": 0,
      "72": 0,
      "73": 0,
      "74": 0,
      "75": 0,
      "76": 0,
      "77": 0,
      "78": 0,
      "79": 0,
      "80": 0,
      "81": 0,
      "82": 0,
      "83": 0,
      "84": 0,
      "85": 0,
      "86": 0,
      "87": 0,
      "88": 0,
      "89": 0,
      "90": 0,
      "91": 0,
      "92": 0,
      "93": 0,
      "94": 0,
      "95": 0,
      "96": 0,
      "97": 0,
      "98": 0,
      "99": 0,
      "100": 0
    }
  },
  "schools": {
    "ranks_0based": {
      "0": 11,
      "1": 4,
      "2": 12,
      "3": 2,
      "4": 52,
      "5": 53,
      "6": 5,
      "7": 0,
      "8": 28,
      "9": 8,
      "10": 15,
      "11": 26,
      "12": 9,
      "13": 0,
      "14": 33,
      "15": 31,
      "16": 45,
      "17": 36,
      "18": 10,
      "19": 75,
      "20": 27,
      "21": 64,
      "22": 33,
      "23": 6,
      "24": 28,
      "25": 13,
      "26": 13,
      "27": 10,
      "28": 2,
      "29": 0,
      "30": 36,
      "31": 41,
      "32": 14,
      "33": 29,
      "34": 8,
      "35": 13,
      "36": 2,
      "37": 26,
      "38": 25,
      "39": 4,
      "40": 7,
      "41": 55,
      "42": 24,
      "43": 19,
      "44": 36,
      "45": 26,
      "46": 0,
      "47": 3,
      "48": 9,
      "49": 16,
      "50": 25,
      "51": 15,
      "52": 6,
      "53": 7,
      "54": 43,
      "55": 6,
      "56": 0,
      "57": 4,
      "58": 5,
      "59": 2,
      "60": 14,
      "61": 6,
      "62": 21,
      "63": 1,
      "64": 18,
      "65": 3,
      "66": 28,
      "67": 4,
      "68": 7,
      "69": 27,
      "70": 19,
      "71": 0,
      "72": 47,
      "73": 5,
      "74": 2,
      "75": 5,
      "76": 8,
      "77": 6,
      "78": 12,
      "79": 1,
      "80": 33,
      "81": 4,
      "82": 2,
      "83": 15,
      "84": 10,
      "85": 34,
      "86": 9,
      "87": 11,
      "88": 12,
      "89": 11,
      "90": 24,
      "91": 17,
      "92": 25,
      "93": 12,
      "94": 18,
      "95": 15,
      "96": 6,
      "97": 6,
      "98": 10,
      "99": 16
    },
    "n_agents": 100,
    "mean_rank_1based": 17.81,
    "median_rank_1based": 13.0,
    "std_rank": 15.346462133012938,
    "top1_rate": 0.06,
    "top3_rate": 0.14,
    "mean_score": 0.8302020202020202,
    "gini_score": 0.09838301496532509,
    "hist_1based": {
      "1": 6,
      "2": 2,
      "3": 6,
      "4": 2,
      "5": 5,
      "6": 4,
      "7": 7,
      "8": 3,
      "9": 3,
      "10": 3,
      "11": 4,
      "12": 3,
      "13": 4,
      "14": 3,
      "15": 2,
      "16": 4,
      "17": 2,
      "18": 1,
      "19": 2,
      "20": 2,
      "21": 0,
      "22": 1,
      "23": 0,
      "24": 0,
      "25": 2,
      "26": 3,
      "27": 3,
      "28": 2,
      "29": 3,
      "30": 1,
      "31": 0,
      "32": 1,
      "33": 0,
      "34": 3,
      "35": 1,
      "36": 0,
      "37": 3,
      "38": 0,
      "39": 0,
      "40": 0,
      "41": 0,
      "42": 1,
      "43": 0,
      "44": 1,
      "45": 0,
      "46": 1,
      "47": 0,
      "48": 1,
      "49": 0,
      "50": 0,
      "51": 0,
      "52": 0,
      "53": 1,
      "54": 1,
      "55": 0,
      "56": 1,
      "57": 0,
      "58": 0,
      "59": 0,
      "60": 0,
      "61": 0,
      "62": 0,
      "63": 0,
      "64": 0,
      "65": 1,
      "66": 0,
      "67": 0,
      "68": 0,
      "69": 0,
      "70": 0,
      "71": 0,
      "72": 0,
      "73": 0,
      "74": 0,
      "75": 0,
      "76": 1,
      "77": 0,
      "78": 0,
      "79": 0,
      "80": 0,
      "81": 0,
      "82": 0,
      "83": 0,
      "84": 0,
      "85": 0,
      "86": 0,
      "87": 0,
      "88": 0,
      "89": 0,
      "90": 0,
      "91": 0,
      "92": 0,
      "93": 0,
      "94": 0,
      "95": 0,
      "96": 0,
      "97": 0,
      "98": 0,
      "99": 0,
      "100": 0
    }
  }
}