{
  "mode": "DA_S",
  "stable": true,
  "students": {
    "ranks_0based": {
      "0": 1,
      "1": 1,
      "2": 2,
      "3": 2,
      "4": 0,
      "5": 5,
      "6": 2,
      "7": 5,
      "8": 5,
      "9": 2
    },
    "n_agents": 10,
    "mean_rank_1based": 3.5,
    "median_rank_1based": 3.0,
    "std_rank": 1.746424919657298,
    "top1_rate": 0.1,
    "top3_rate": 0.7,
    "mean_score": 0.7222222222222222,
    "gini_score": 0.14307692307692288,
    "hist_1based": {
      "1": 1,
      "2": 2,
      "3": 4,
      "4": 0,
      "5": 0,
      "6": 3,
      "7": 0,
      "8": 0,
      "9": 0,
      "10": 0
    }
  },
  "schools": {
    "ranks_0based": {
      "0": 1,
      "1": 3,
      "2": 0,
      "3": 1,
      "4": 0,
      "5": 1,
      "6": 1,
      "7": 3,
      "8": 3,
      "9": 1
    },
    "n_agents": 10,
    "mean_rank_1based": 2.4,
    "median_rank_1based": 2.0,
    "std_rank": 1.1135528725660044,
    "top1_rate": 0.2,
    "top3_rate": 0.7,
    "mean_score": 0.8444444444444444,
    "gini_score": 0.07631578947368411,
    "hist_1based": {
      "1": 2,
      "2": 5,
      "3": 0,
      "4": 3,
      "5": 0,
      "6": 0,
      "7": 0,
      "8": 0,
      "9": 0,
      "10": 0
    }
  }
}