{
  "mode": "DA_E",
  "stable": true,
  "students": {
    "ranks_0based": {
      "0": 10,
      "1": 2,
      "2": 0,
      "3": 1,
      "4": 1,
      "5": 0,
      "6": 2,
      "7": 0,
      "8": 10,
      "9": 3,
      "10": 5,
      "11": 5,
      "12": 1,
      "13": 4,
      "14": 4,
      "15": 1,
      "16": 7,
      "17": 4,
      "18": 0,
      "19": 13,
      "20": 3,
      "21": 8,
      "22": 2,
      "23": 0,
      "24": 2,
      "25": 4,
      "26": 2,
      "27": 21,
      "28": 2,
      "29": 12,
      "30": 8,
      "31": 9,
      "32": 5,
      "33": 8,
      "34": 5,
      "35": 0,
      "36": 8,
      "37": 8,
      "38": 5,
      "39": 3,
      "40": 0,
      "41": 1,
      "42": 7,
      "43": 1,
      "44": 6,
      "45": 7,
      "46": 2,
      "47": 1,
      "48": 1,
      "49": 0,
      "50": 0,
      "51": 4,
      "52": 1,
      "53": 0,
      "54": 1,
      "55": 0,
      "56": 4,
      "57": 0,
      "58": 2,
      "59": 0,
      "60": 2,
      "61": 1,
      "62": 0,
      "63": 4,
      "64": 12,
      "65": 0,
      "66": 0,
      "67": 0,
      "68": 4,
      "69": 3,
      "70": 13,
      "71": 4,
      "72": 1,
      "73": 3,
      "74": 5,
      "75": 3,
      "76": 2,
      "77": 0,
      "78": 1,
      "79": 0,
      "80": 1,
      "81": 1,
      "82": 6,
      "83": 1,
      "84": 0,
      "85": 3,
      "86": 5,
      "87": 8,
      "88": 2,
      "89": 2,
      "90": 1,
      "91": 10,
      "92": 0,
      "93": 1,
      "94": 2,
      "95": 3,
      "96": 10,
      "97": 1,
      "98": 0,
      "99": 3
    },
    "n_agents": 100,
    "mean_rank_1based": 4.44,
    "median_rank_1based": 3.0,
    "std_rank": 3.7929408115603387,
    "top1_rate": 0.22,
    "top3_rate": 0.54,
    "mean_score": 0.9652525252525253,
    "gini_score": 0.0201548765173718,
    "hist_1based": {
      "1": 22,
      "2": 19,
      "3": 13,
      "4": 9,
      "5": 9,
      "6": 7,
      "7": 2,
      "8": 3,
      "9": 6,
      "10": 1,
      "11": 4,
      "12": 0,
      "13": 2,
      "14": 2,
      "15": 0,
      "16": 0,
      "17": 0,
      "18": 0,
      "19": 0,
      "20": 0,
      "21": 0,
      "22": 1,
      "23": 0,
      "24": 0,
      "25": 0,
      "26": 0,
      "27": 0,
      "28": 0,
      "29": 0,
      "30": 0,
      "31": 0,
      "32": 0,
      "33": 0,
      "34": 0,
      "35": 0,
      "36": 0,
      "37": 0,
      "38": 0,
      "39": 0,
      "40": 0,
      "41": 0,
      "42": 0,
      "43": 0,
      "44": 0,
      "45": 0,
      "46": 0,
      "47": 0,
      "48": 0,
      "49": 0,
      "50": 0,
      "51": 0,
      "52": 0,
      "53": 0,
      "54": 0,
      "55": 0,
      "56": 0,
      "57": 0,
      "58": 0,
      "59": 0,
      "60": 0,
      "61": 0,
      "62": 0,
      "63": 0,
      "64": 0,
      "65": 0,
      "66": 0,
      "67": 0,
      "68": 0,
      "69": 0,
      "70": 0,
      "71": 0,
      "72": 0,
      "73": 0,
      "74": 0,
      "75": 0,
      "76": 0,
      "77": 0,
      "78": 0,
      "79": 0,
      "80": 0,
      "81": 0,
      "82": 0,
      "83": 0,
      "84": 0,
      "85": 0,
      "86": 0,
      "87": 0,
      "88": 0,
      "89": 0,
      "90": 0,
      "91": 0,
      "92": 0,
      "93": 0,
      "94": 0,
      "95": 0,
      "96": 0,
      "97": 0,
      "98": 0,
      "99": 0,
      "100": 0
    }
  },
  "schools": {
    "ranks_0based": {
      "0": 25,
      "1": 30,
      "2": 5,
      "3": 51,
      "4": 18,
      "5": 10,
      "6": 36,
      "7": 42,
      "8": 25,
      "9": 10,
      "10": 0,
      "11": 37,
      "12": 0,
      "13": 0,
      "14": 22,
      "15": 17,
      "16": 42,
      "17": 5,
      "18": 34,
      "19": 27,
      "20": 9,
      "21": 25,
      "22": 0,
      "23": 81,
      "24": 2,
      "25": 21,
      "26": 9,
      "27": 62,
      "28": 6,
      "29": 29,
      "30": 18,
      "31": 15,
      "32": 2,
      "33": 11,
      "34": 56,
      "35": 12,
      "36": 56,
      "37": 29,
      "38": 6,
      "39": 0,
      "40": 8,
      "41": 5,
      "42": 27,
      "43": 10,
      "44": 58,
      "45": 39,
      "46": 6,
      "47": 6,
      "48": 8,
      "49": 19,
      "50": 8,
      "51": 47,
      "52": 11,
      "53": 8,
      "54": 47,
      "55": 17,
      "56": 7,
      "57": 5,
      "58": 24,
      "59": 29,
      "60": 6,
      "61": 17,
      "62": 11,
      "63": 44,
      "64": 36,
      "65": 4,
      "66": 14,
      "67": 27,
      "68": 1,
      "69": 6,
      "70": 10,
      "71": 17,
      "72": 39,
      "73": 10,
      "74": 16,
      "75": 21,
      "76": 47,
      "77": 42,
      "78": 19,
      "79": 20,
      "80": 1,
      "81": 8,
      "82": 40,
      "83": 24,
      "84": 3,
      "85": 24,
      "86": 26,
      "87": 14,
      "88": 6,
      "89": 30,
      "90": 12,
      "91": 3,
      "92": 0,
      "93": 23,
      "94": 33,
      "95": 3,
      "96": 28,
      "97": 82,
      "98": 41,
      "99": 69
    },
    "n_agents": 100,
    "mean_rank_1based": 22.51,
    "median_rank_1based": 18.0,
    "std_rank": 18.329481716622542,
    "top1_rate": 0.06,
    "top3_rate": 0.1,
    "mean_score": 0.7827272727272727,
    "gini_score": 0.12768744354110284,
    "hist_1based": {
      "1": 6,
      "2": 2,
      "3": 2,
      "4": 3,
      "5": 1,
      "6": 4,
      "7": 7,
      "8": 1,
      "9": 5,
      "10": 2,
      "11": 5,
      "12": 3,
      "13": 2,
      "14": 0,
      "15": 2,
      "16": 1,
      "17": 1,
      "18": 4,
      "19": 2,
      "20": 2,
      "21": 1,
      "22": 2,
      "23": 1,
      "24": 1,
      "25": 3,
      "26": 3,
      "27": 1,
      "28": 3,
      "29": 1,
      "30": 3,
      "31": 2,
      "32": 0,
      "33": 0,
      "34": 1,
      "35": 1,
      "36": 0,
      "37": 2,
      "38": 1,
      "39": 0,
      "40": 2,
      "41": 1,
      "42": 1,
      "43": 3,
      "44": 0,
      "45": 1,
      "46": 0,
      "47": 0,
      "48": 3,
      "49": 0,
      "50": 0,
      "51": 0,
      "52": 1,
      "53": 0,
      "54": 0,
      "55": 0,
      "56": 0,
      "57": 2,
      "58": 0,
      "59": 1,
      "60": 0,
      "61": 0,
      "62": 0,
      "63": 1,
      "64": 0,
      "65": 0,
      "66": 0,
      "67": 0,
      "68": 0,
      "69": 0,
      "70": 1,
      "71": 0,
      "72": 0,
      "73": 0,
      "74": 0,
      "75": 0,
      "76": 0,
      "77": 0,
      "78": 0,
      "79": 0,
      "80": 0,
      "81": 0,
      "82": 1,
      "83": 1,
      "84": 0,
      "85": 0,
      "86": 0,
      "87": 0,
      "88": 0,
      "89": 0,
      "90": 0,
      "91": 0,
      "92": 0,
      "93": 0,
      "94": 0,
      "95": 0,
      "96": 0,
      "97": 0,
      "98": 0,
      "99": 0,
      "100": 0
    }
  }
}