{
  "mode": "DA_E",
  "stable": true,
  "students": {
    "ranks_0based": {
      "0": 2,
      "1": 0,
      "2": 1,
      "3": 0,
      "4": 1,
      "5": 6,
      "6": 2,
      "7": 2,
      "8": 1,
      "9": 3,
      "10": 2,
      "11": 4,
      "12": 5,
      "13": 13,
      "14": 8,
      "15": 3,
      "16": 2,
      "17": 0,
      "18": 6,
      "19": 6,
      "20": 0,
      "21": 0,
      "22": 4,
      "23": 0,
      "24": 1,
      "25": 0,
      "26": 7,
      "27": 1,
      "28": 0,
      "29": 1,
      "30": 3,
      "31": 4,
      "32": 4,
      "33": 1,
      "34": 1,
      "35": 0,
      "36": 3,
      "37": 0,
      "38": 5,
      "39": 0,
      "40": 6,
      "41": 1,
      "42": 5,
      "43": 0,
      "44": 0,
      "45": 0,
      "46": 3,
      "47": 0,
      "48": 3,
      "49": 9
    },
    "n_agents": 50,
    "mean_rank_1based": 3.58,
    "median_rank_1based": 3.0,
    "std_rank": 2.8148889853775763,
    "top1_rate": 0.3,
    "top3_rate": 0.58,
    "mean_score": 0.9473469387755102,
    "gini_score": 0.0315812149935375,
    "hist_1based": {
      "1": 15,
      "2": 9,
      "3": 5,
      "4": 6,
      "5": 4,
      "6": 3,
      "7": 4,
      "8": 1,
      "9": 1,
      "10": 1,
      "11": 0,
      "12": 0,
      "13": 0,
      "14": 1,
      "15": 0,
      "16": 0,
      "17": 0,
      "18": 0,
      "19": 0,
      "20": 0,
      "21": 0,
      "22": 0,
      "23": 0,
      "24": 0,
      "25": 0,
      "26": 0,
      "27": 0,
      "28": 0,
      "29": 0,
      "30": 0,
      "31": 0,
      "32": 0,
      "33": 0,
      "34": 0,
      "35": 0,
      "36": 0,
      "37": 0,
      "38": 0,
      "39": 0,
      "40": 0,
      "41": 0,
      "42": 0,
      "43": 0,
      "44": 0,
      "45": 0,
      "46": 0,
      "47": 0,
      "48": 0,
      "49": 0,
      "50": 0
    }
  },
  "schools": {
    "ranks_0based": {
      "0": 3,
      "1": 9,
      "2": 9,
      "3": 5,
      "4": 18,
      "5": 19,
      "6": 34,
      "7": 0,
      "8": 8,
      "9": 12,
      "10": 1,
      "11": 1,
      "12": 32,
      "13": 3,
      "14": 4,
      "15": 42,
      "16": 5,
      "17": 20,
      "18": 0,
      "19": 5,
      "20": 17,
      "21": 7,
      "22": 6,
      "23": 0,
      "24": 1,
      "25": 17,
      "26": 23,
      "27": 13,
      "28": 6,
      "29": 12,
      "30": 4,
      "31": 10,
      "32": 13,
      "33": 0,
      "34": 2,
      "35": 37,
      "36": 17,
      "37": 14,
      "38": 23,
      "39": 14,
      "40": 3,
      "41": 16,
      "42": 1,
      "43": 4,
      "44": 3,
      "45": 34,
      "46": 24,
      "47": 9,
      "48": 3,
      "49": 4
    },
    "n_agents": 50,
    "mean_rank_1based": 12.34,
    "median_rank_1based": 9.5,
    "std_rank": 10.601150880918542,
    "top1_rate": 0.08,
    "top3_rate": 0.18,
    "mean_score": 0.7685714285714286,
    "gini_score": 0.15036643653744064,
    "hist_1based": {
      "1": 4,
      "2": 4,
      "3": 1,
      "4": 5,
      "5": 4,
      "6": 3,
      "7": 2,
      "8": 1,
      "9": 1,
      "10": 3,
      "11": 1,
      "12": 0,
      "13": 2,
      "14": 2,
      "15": 2,
      "16": 0,
      "17": 1,
      "18": 3,
      "19": 1,
      "20": 1,
      "21": 1,
      "22": 0,
      "23": 0,
      "24": 2,
      "25": 1,
      "26": 0,
      "27": 0,
      "28": 0,
      "29": 0,
      "30": 0,
      "31": 0,
      "32": 0,
      "33": 1,
      "34": 0,
      "35": 2,
      "36": 0,
      "37": 0,
      "38": 1,
      "39": 0,
      "40": 0,
      "41": 0,
      "42": 0,
      "43": 1,
      "44": 0,
      "45": 0,
      "46": 0,
      "47": 0,
      "48": 0,
      "49": 0,
      "50": 0
    }
  }
}