{
  "mode": "DA_S",
  "stable": true,
  "students": {
    "ranks_0based": {
      "0": 0,
      "1": 0,
      "2": 0,
      "3": 2,
      "4": 3,
      "5": 5,
      "6": 7,
      "7": 1,
      "8": 0,
      "9": 9
    },
    "n_agents": 10,
    "mean_rank_1based": 3.7,
    "median_rank_1based": 2.5,
    "std_rank": 3.1,
    "top1_rate": 0.4,
    "top3_rate": 0.6,
    "mean_score": 0.7,
    "gini_score": 0.26190476190476186,
    "hist_1based": {
      "1": 4,
      "2": 1,
      "3": 1,
      "4": 1,
      "5": 0,
      "6": 1,
      "7": 0,
      "8": 1,
      "9": 0,
      "10": 1
    }
  },
  "schools": {
    "ranks_0based": {
      "0": 0,
      "1": 0,
      "2": 1,
      "3": 1,
      "4": 3,
      "5": 0,
      "6": 1,
      "7": 0,
      "8": 0,
      "9": 1
    },
    "n_agents": 10,
    "mean_rank_1based": 1.7,
    "median_rank_1based": 1.5,
    "std_rank": 0.9,
    "top1_rate": 0.5,
    "top3_rate": 0.9,
    "mean_score": 0.9222222222222222,
    "gini_score": 0.051807228915662806,
    "hist_1based": {
      "1": 5,
      "2": 4,
      "3": 0,
      "4": 1,
      "5": 0,
      "6": 0,
      "7": 0,
      "8": 0,
      "9": 0,
      "10": 0
    }
  }
}