{
  "mode": "DA_S",
  "stable": true,
  "students": {
    "ranks_0based": {
      "0": 1,
      "1": 0,
      "2": 7,
      "3": 0,
      "4": 1,
      "5": 0,
      "6": 1,
      "7": 5,
      "8": 7,
      "9": 4
    },
    "n_agents": 10,
    "mean_rank_1based": 3.6,
    "median_rank_1based": 2.0,
    "std_rank": 2.727636339397171,
    "top1_rate": 0.3,
    "top3_rate": 0.6,
    "mean_score": 0.7111111111111111,
    "gini_score": 0.2281249999999999,
    "hist_1based": {
      "1": 3,
      "2": 3,
      "3": 0,
      "4": 0,
      "5": 1,
      "6": 1,
      "7": 0,
      "8": 2,
      "9": 0,
      "10": 0
    }
  },
  "schools": {
    "ranks_0based": {
      "0": 0,
      "1": 2,
      "2": 0,
      "3": 0,
      "4": 0,
      "5": 0,
      "6": 1,
      "7": 0,
      "8": 0,
      "9": 0
    },
    "n_agents": 10,
    "mean_rank_1based": 1.3,
    "median_rank_1based": 1.0,
    "std_rank": 0.6403124237432849,
    "top1_rate": 0.8,
    "top3_rate": 1.0,
    "mean_score": 0.9666666666666667,
    "gini_score": 0.028735632183908066,
    "hist_1based": {
      "1": 8,
      "2": 1,
      "3": 1,
      "4": 0,
      "5": 0,
      "6": 0,
      "7": 0,
      "8": 0,
      "9": 0,
      "10": 0
    }
  }
}