{
  "mode": "DA_E",
  "stable": true,
  "students": {
    "ranks_0based": {
      "0": 1,
      "1": 2,
      "2": 3,
      "3": 1,
      "4": 10,
      "5": 4,
      "6": 1,
      "7": 0,
      "8": 1,
      "9": 3,
      "10": 3,
      "11": 2,
      "12": 10,
      "13": 4,
      "14": 3,
      "15": 0,
      "16": 2,
      "17": 6,
      "18": 0,
      "19": 1,
      "20": 0,
      "21": 1,
      "22": 3,
      "23": 0,
      "24": 3,
      "25": 7,
      "26": 1,
      "27": 9,
      "28": 1,
      "29": 2,
      "30": 4,
      "31": 5,
      "32": 0,
      "33": 5,
      "34": 2,
      "35": 4,
      "36": 1,
      "37": 4,
      "38": 0,
      "39": 12,
      "40": 0,
      "41": 0,
      "42": 1,
      "43": 0,
      "44": 5,
      "45": 3,
      "46": 4,
      "47": 1,
      "48": 5,
      "49": 3,
      "50": 2,
      "51": 25,
      "52": 8,
      "53": 1,
      "54": 2,
      "55": 0,
      "56": 14,
      "57": 3,
      "58": 5,
      "59": 0,
      "60": 2,
      "61": 3,
      "62": 2,
      "63": 1,
      "64": 2,
      "65": 0,
      "66": 10,
      "67": 2,
      "68": 0,
      "69": 5,
      "70": 16,
      "71": 0,
      "72": 0,
      "73": 2,
      "74": 0,
      "75": 0,
      "76": 1,
      "77": 0,
      "78": 0,
      "79": 7,
      "80": 0,
      "81": 2,
      "82": 2,
      "83": 11,
      "84": 3,
      "85": 1,
      "86": 3,
      "87": 3,
      "88": 8,
      "89": 0,
      "90": 8,
      "91": 3,
      "92": 0,
      "93": 4,
      "94": 0,
      "95": 3,
      "96": 14,
      "97": 0,
      "98": 4,
      "99": 16
    },
    "n_agents": 100,
    "mean_rank_1based": 4.41,
    "median_rank_1based": 3.0,
    "std_rank": 4.268711749462594,
    "top1_rate": 0.25,
    "top3_rate": 0.54,
    "mean_score": 0.9655555555555556,
    "gini_score": 0.02107438016528973,
    "hist_1based": {
      "1": 25,
      "2": 15,
      "3": 14,
      "4": 15,
      "5": 8,
      "6": 6,
      "7": 1,
      "8": 2,
      "9": 3,
      "10": 1,
      "11": 3,
      "12": 1,
      "13": 1,
      "14": 0,
      "15": 2,
      "16": 0,
      "17": 2,
      "18": 0,
      "19": 0,
      "20": 0,
      "21": 0,
      "22": 0,
      "23": 0,
      "24": 0,
      "25": 0,
      "26": 1,
      "27": 0,
      "28": 0,
      "29": 0,
      "30": 0,
      "31": 0,
      "32": 0,
      "33": 0,
      "34": 0,
      "35": 0,
      "36": 0,
      "37": 0,
      "38": 0,
      "39": 0,
      "40": 0,
      "41": 0,
      "42": 0,
      "43": 0,
      "44": 0,
      "45": 0,
      "46": 0,
      "47": 0,
      "48": 0,
      "49": 0,
      "50": 0,
      "51": 0,
      "52": 0,
      "53": 0,
      "54": 0,
      "55": 0,
      "56": 0,
      "57": 0,
      "58": 0,
      "59": 0,
      "60": 0,
      "61": 0,
      "62": 0,
      "63": 0,
      "64": 0,
      "65": 0,
      "66": 0,
      "67": 0,
      "68": 0,
      "69": 0,
      "70": 0,
      "71": 0,
      "72": 0,
      "73": 0,
      "74": 0,
      "75": 0,
      "76": 0,
      "77": 0,
      "78": 0,
      "79": 0,
      "80": 0,
      "81": 0,
      "82": 0,
      "83": 0,
      "84": 0,
      "85": 0,
      "86": 0,
      "87": 0,
      "88": 0,
      "89": 0,
      "90": 0,
      "91": 0,
      "92": 0,
      "93": 0,
      "94": 0,
      "95": 0,
      "96": 0,
      "97": 0,
      "98": 0,
      "99": 0,
      "100": 0
    }
  },
  "schools": {
    "ranks_0based": {
      "0": 55,
      "1": 12,
      "2": 1,
      "3": 22,
      "4": 26,
      "5": 56,
      "6": 14,
      "7": 33,
      "8": 27,
      "9": 2,
      "10": 16,
      "11": 2,
      "12": 57,
      "13": 8,
      "14": 4,
      "15": 8,
      "16": 12,
      "17": 1,
      "18": 14,
      "19": 25,
      "20": 75,
      "21": 25,
      "22": 17,
      "23": 54,
      "24": 59,
      "25": 15,
      "26": 33,
      "27": 7,
      "28": 21,
      "29": 6,
      "30": 8,
      "31": 4,
      "32": 4,
      "33": 73,
      "34": 14,
      "35": 16,
      "36": 7,
      "37": 53,
      "38": 14,
      "39": 1,
      "40": 5,
      "41": 2,
      "42": 17,
      "43": 8,
      "44": 42,
      "45": 25,
      "46": 90,
      "47": 7,
      "48": 7,
      "49": 40,
      "50": 4,
      "51": 9,
      "52": 0,
      "53": 17,
      "54": 36,
      "55": 1,
      "56": 0,
      "57": 0,
      "58": 28,
      "59": 60,
      "60": 27,
      "61": 3,
      "62": 66,
      "63": 30,
      "64": 17,
      "65": 17,
      "66": 81,
      "67": 3,
      "68": 1,
      "69": 0,
      "70": 11,
      "71": 6,
      "72": 21,
      "73": 17,
      "74": 22,
      "75": 5,
      "76": 0,
      "77": 11,
      "78": 65,
      "79": 45,
      "80": 37,
      "81": 41,
      "82": 57,
      "83": 2,
      "84": 4,
      "85": 26,
      "86": 4,
      "87": 15,
      "88": 8,
      "89": 15,
      "90": 22,
      "91": 8,
      "92": 20,
      "93": 1,
      "94": 52,
      "95": 13,
      "96": 64,
      "97": 14,
      "98": 4,
      "99": 44
    },
    "n_agents": 100,
    "mean_rank_1based": 22.98,
    "median_rank_1based": 16.0,
    "std_rank": 21.595360612872387,
    "top1_rate": 0.05,
    "top3_rate": 0.15,
    "mean_score": 0.777979797979798,
    "gini_score": 0.1482809659828621,
    "hist_1based": {
      "1": 5,
      "2": 6,
      "3": 4,
      "4": 2,
      "5": 7,
      "6": 2,
      "7": 2,
      "8": 4,
      "9": 6,
      "10": 1,
      "11": 0,
      "12": 2,
      "13": 2,
      "14": 1,
      "15": 5,
      "16": 3,
      "17": 2,
      "18": 6,
      "19": 0,
      "20": 0,
      "21": 1,
      "22": 2,
      "23": 3,
      "24": 0,
      "25": 0,
      "26": 3,
      "27": 2,
      "28": 2,
      "29": 1,
      "30": 0,
      "31": 1,
      "32": 0,
      "33": 0,
      "34": 2,
      "35": 0,
      "36": 0,
      "37": 1,
      "38": 1,
      "39": 0,
      "40": 0,
      "41": 1,
      "42": 1,
      "43": 1,
      "44": 0,
      "45": 1,
      "46": 1,
      "47": 0,
      "48": 0,
      "49": 0,
      "50": 0,
      "51": 0,
      "52": 0,
      "53": 1,
      "54": 1,
      "55": 1,
      "56": 1,
      "57": 1,
      "58": 2,
      "59": 0,
      "60": 1,
      "61": 1,
      "62": 0,
      "63": 0,
      "64": 0,
      "65": 1,
      "66": 1,
      "67": 1,
      "68": 0,
      "69": 0,
      "70": 0,
      "71": 0,
      "72": 0,
      "73": 0,
      "74": 1,
      "75": 0,
      "76": 1,
      "77": 0,
      "78": 0,
      "79": 0,
      "80": 0,
      "81": 0,
      "82": 1,
      "83": 0,
      "84": 0,
      "85": 0,
      "86": 0,
      "87": 0,
      "88": 0,
      "89": 0,
      "90": 0,
      "91": 1,
      "92": 0,
      "93": 0,
      "94": 0,
      "95": 0,
      "96": 0,
      "97": 0,
      "98": 0,
      "99": 0,
      "100": 0
    }
  }
}