{
  "mode": "DA_S",
  "stable": true,
  "students": {
    "ranks_0based": {
      "0": 32,
      "1": 2,
      "2": 10,
      "3": 94,
      "4": 9,
      "5": 15,
      "6": 5,
      "7": 29,
      "8": 4,
      "9": 0,
      "10": 44,
      "11": 6,
      "12": 33,
      "13": 58,
      "14": 30,
      "15": 5,
      "16": 3,
      "17": 1,
      "18": 19,
      "19": 6,
      "20": 51,
      "21": 33,
      "22": 12,
      "23": 7,
      "24": 4,
      "25": 10,
      "26": 8,
      "27": 0,
      "28": 1,
      "29": 3,
      "30": 66,
      "31": 31,
      "32": 0,
      "33": 6,
      "34": 27,
      "35": 12,
      "36": 23,
      "37": 15,
      "38": 30,
      "39": 75,
      "40": 10,
      "41": 21,
      "42": 21,
      "43": 92,
      "44": 14,
      "45": 28,
      "46": 0,
      "47": 3,
      "48": 2,
      "49": 50,
      "50": 3,
      "51": 10,
      "52": 19,
      "53": 1,
      "54": 12,
      "55": 12,
      "56": 27,
      "57": 70,
      "58": 21,
      "59": 16,
      "60": 7,
      "61": 26,
      "62": 1,
      "63": 10,
      "64": 17,
      "65": 7,
      "66": 29,
      "67": 26,
      "68": 17,
      "69": 23,
      "70": 16,
      "71": 28,
      "72": 1,
      "73": 23,
      "74": 1,
      "75": 11,
      "76": 14,
      "77": 21,
      "78": 1,
      "79": 25,
      "80": 19,
      "81": 73,
      "82": 13,
      "83": 4,
      "84": 3,
      "85": 10,
      "86": 4,
      "87": 37,
      "88": 0,
      "89": 7,
      "90": 15,
      "91": 2,
      "92": 4,
      "93": 37,
      "94": 17,
      "95": 99,
      "96": 21,
      "97": 54,
      "98": 77,
      "99": 4
    },
    "n_agents": 100,
    "mean_rank_1based": 21.55,
    "median_rank_1based": 15.0,
    "std_rank": 22.171772594900933,
    "top1_rate": 0.05,
    "top3_rate": 0.15,
    "mean_score": 0.7924242424242425,
    "gini_score": 0.1404040790312311,
    "hist_1based": {
      "1": 5,
      "2": 7,
      "3": 3,
      "4": 5,
      "5": 6,
      "6": 2,
      "7": 3,
      "8": 4,
      "9": 1,
      "10": 1,
      "11": 6,
      "12": 1,
      "13": 4,
      "14": 1,
      "15": 2,
      "16": 3,
      "17": 2,
      "18": 3,
      "19": 0,
      "20": 3,
      "21": 0,
      "22": 5,
      "23": 0,
      "24": 3,
      "25": 0,
      "26": 1,
      "27": 2,
      "28": 2,
      "29": 2,
      "30": 2,
      "31": 2,
      "32": 1,
      "33": 1,
      "34": 2,
      "35": 0,
      "36": 0,
      "37": 0,
      "38": 2,
      "39": 0,
      "40": 0,
      "41": 0,
      "42": 0,
      "43": 0,
      "44": 0,
      "45": 1,
      "46": 0,
      "47": 0,
      "48": 0,
      "49": 0,
      "50": 0,
      "51": 1,
      "52": 1,
      "53": 0,
      "54": 0,
      "55": 1,
      "56": 0,
      "57": 0,
      "58": 0,
      "59": 1,
      "60": 0,
      "61": 0,
      "62": 0,
      "63": 0,
      "64": 0,
      "65": 0,
      "66": 0,
      "67": 1,
      "68": 0,
      "69": 0,
      "70": 0,
      "71": 1,
      "72": 0,
      "73": 0,
      "74": 1,
      "75": 0,
      "76": 1,
      "77": 0,
      "78": 1,
      "79": 0,
      "80": 0,
      "81": 0,
      "82": 0,
      "83": 0,
      "84": 0,
      "85": 0,
      "86": 0,
      "87": 0,
      "88": 0,
      "89": 0,
      "90": 0,
      "91": 0,
      "92": 0,
      "93": 1,
      "94": 0,
      "95": 1,
      "96": 0,
      "97": 0,
      "98": 0,
      "99": 0,
      "100": 1
    }
  },
  "schools": {
    "ranks_0based": {
      "0": 7,
      "1": 0,
      "2": 2,
      "3": 0,
      "4": 0,
      "5": 6,
      "6": 8,
      "7": 7,
      "8": 10,
      "9": 5,
      "10": 10,
      "11": 1,
      "12": 5,
      "13": 2,
      "14": 1,
      "15": 0,
      "16": 1,
      "17": 0,
      "18": 3,
      "19": 4,
      "20": 5,
      "21": 0,
      "22": 0,
      "23": 3,
      "24": 1,
      "25": 4,
      "26": 0,
      "27": 0,
      "28": 1,
      "29": 7,
      "30": 1,
      "31": 9,
      "32": 2,
      "33": 15,
      "34": 4,
      "35": 0,
      "36": 0,
      "37": 2,
      "38": 0,
      "39": 0,
      "40": 2,
      "41": 2,
      "42": 0,
      "43": 4,
      "44": 0,
      "45": 1,
      "46": 5,
      "47": 1,
      "48": 2,
      "49": 0,
      "50": 3,
      "51": 5,
      "52": 4,
      "53": 5,
      "54": 1,
      "55": 0,
      "56": 6,
      "57": 4,
      "58": 1,
      "59": 2,
      "60": 5,
      "61": 0,
      "62": 4,
      "63": 1,
      "64": 2,
      "65": 2,
      "66": 20,
      "67": 0,
      "68": 8,
      "69": 5,
      "70": 5,
      "71": 6,
      "72": 0,
      "73": 27,
      "74": 3,
      "75": 4,
      "76": 4,
      "77": 4,
      "78": 6,
      "79": 1,
      "80": 10,
      "81": 1,
      "82": 1,
      "83": 9,
      "84": 8,
      "85": 2,
      "86": 4,
      "87": 7,
      "88": 1,
      "89": 1,
      "90": 1,
      "91": 2,
      "92": 2,
      "93": 6,
      "94": 2,
      "95": 0,
      "96": 0,
      "97": 1,
      "98": 23,
      "99": 0
    },
    "n_agents": 100,
    "mean_rank_1based": 4.62,
    "median_rank_1based": 3.0,
    "std_rank": 4.597347061077725,
    "top1_rate": 0.23,
    "top3_rate": 0.55,
    "mean_score": 0.9634343434343434,
    "gini_score": 0.022092681903963518,
    "hist_1based": {
      "1": 23,
      "2": 18,
      "3": 14,
      "4": 4,
      "5": 11,
      "6": 9,
      "7": 5,
      "8": 4,
      "9": 3,
      "10": 2,
      "11": 3,
      "12": 0,
      "13": 0,
      "14": 0,
      "15": 0,
      "16": 1,
      "17": 0,
      "18": 0,
      "19": 0,
      "20": 0,
      "21": 1,
      "22": 0,
      "23": 0,
      "24": 1,
      "25": 0,
      "26": 0,
      "27": 0,
      "28": 1,
      "29": 0,
      "30": 0,
      "31": 0,
      "32": 0,
      "33": 0,
      "34": 0,
      "35": 0,
      "36": 0,
      "37": 0,
      "38": 0,
      "39": 0,
      "40": 0,
      "41": 0,
      "42": 0,
      "43": 0,
      "44": 0,
      "45": 0,
      "46": 0,
      "47": 0,
      "48": 0,
      "49": 0,
      "50": 0,
      "51": 0,
      "52": 0,
      "53": 0,
      "54": 0,
      "55": 0,
      "56": 0,
      "57": 0,
      "58": 0,
      "59": 0,
      "60": 0,
      "61": 0,
      "62": 0,
      "63": 0,
      "64": 0,
      "65": 0,
      "66": 0,
      "67": 0,
      "68": 0,
      "69": 0,
      "70": 0,
      "71": 0,
      "72": 0,
      "73": 0,
      "74": 0,
      "75": 0,
      "76": 0,
      "77": 0,
      "78": 0,
      "79": 0,
      "80": 0,
      "81": 0,
      "82": 0,
      "83": 0,
      "84": 0,
      "85": 0,
      "86": 0,
      "87": 0,
      "88": 0,
      "89": 0,
      "90": 0,
      "91": 0,
      "92": 0,
      "93": 0,
      "94": 0,
      "95": 0,
      "96": 0,
      "97": 0,
      "98": 0,
      "99": 0,
      "100": 0
    }
  }
}