{
  "mode": "DA_E",
  "stable": true,
  "students": {
    "ranks_0based": {
      "0": 0,
      "1": 4,
      "2": 0,
      "3": 0,
      "4": 0,
      "5": 0,
      "6": 1,
      "7": 0,
      "8": 0,
      "9": 5,
      "10": 2,
      "11": 0,
      "12": 0,
      "13": 1,
      "14": 0,
      "15": 5,
      "16": 3,
      "17": 1,
      "18": 0,
      "19": 0
    },
    "n_agents": 20,
    "mean_rank_1based": 2.1,
    "median_rank_1based": 1.0,
    "std_rank": 1.7,
    "top1_rate": 0.6,
    "top3_rate": 0.8,
    "mean_score": 0.9421052631578948,
    "gini_score": 0.044972067039106056,
    "hist_1based": {
      "1": 12,
      "2": 3,
      "3": 1,
      "4": 1,
      "5": 1,
      "6": 2,
      "7": 0,
      "8": 0,
      "9": 0,
      "10": 0,
      "11": 0,
      "12": 0,
      "13": 0,
      "14": 0,
      "15": 0,
      "16": 0,
      "17": 0,
      "18": 0,
      "19": 0,
      "20": 0
    }
  },
  "schools": {
    "ranks_0based": {
      "0": 4,
      "1": 11,
      "2": 10,
      "3": 0,
      "4": 15,
      "5": 8,
      "6": 7,
      "7": 0,
      "8": 2,
      "9": 3,
      "10": 5,
      "11": 5,
      "12": 6,
      "13": 1,
      "14": 8,
      "15": 6,
      "16": 16,
      "17": 3,
      "18": 1,
      "19": 6
    },
    "n_agents": 20,
    "mean_rank_1based": 6.85,
    "median_rank_1based": 6.5,
    "std_rank": 4.430293444005713,
    "top1_rate": 0.1,
    "top3_rate": 0.25,
    "mean_score": 0.6921052631578948,
    "gini_score": 0.18612167300380245,
    "hist_1based": {
      "1": 2,
      "2": 2,
      "3": 1,
      "4": 2,
      "5": 1,
      "6": 2,
      "7": 3,
      "8": 1,
      "9": 2,
      "10": 0,
      "11": 1,
      "12": 1,
      "13": 0,
      "14": 0,
      "15": 0,
      "16": 1,
      "17": 1,
      "18": 0,
      "19": 0,
      "20": 0
    }
  }
}