{
  "mode": "DA_E",
  "stable": true,
  "students": {
    "ranks_0based": {
      "0": 1,
      "1": 0,
      "2": 0,
      "3": 2,
      "4": 4,
      "5": 1,
      "6": 0,
      "7": 3,
      "8": 3,
      "9": 1
    },
    "n_agents": 10,
    "mean_rank_1based": 2.5,
    "median_rank_1based": 2.0,
    "std_rank": 1.3601470508735443,
    "top1_rate": 0.3,
    "top3_rate": 0.7,
    "mean_score": 0.8333333333333334,
    "gini_score": 0.09999999999999987,
    "hist_1based": {
      "1": 3,
      "2": 3,
      "3": 1,
      "4": 2,
      "5": 1,
      "6": 0,
      "7": 0,
      "8": 0,
      "9": 0,
      "10": 0
    }
  },
  "schools": {
    "ranks_0based": {
      "0": 3,
      "1": 0,
      "2": 1,
      "3": 7,
      "4": 2,
      "5": 2,
      "6": 0,
      "7": 3,
      "8": 1,
      "9": 5
    },
    "n_agents": 10,
    "mean_rank_1based": 3.4,
    "median_rank_1based": 3.0,
    "std_rank": 2.1071307505705477,
    "top1_rate": 0.2,
    "top3_rate": 0.6,
    "mean_score": 0.7333333333333334,
    "gini_score": 0.17272727272727262,
    "hist_1based": {
      "1": 2,
      "2": 2,
      "3": 2,
      "4": 2,
      "5": 0,
      "6": 1,
      "7": 0,
      "8": 1,
      "9": 0,
      "10": 0
    }
  }
}