{
  "mode": "DA_S",
  "stable": true,
  "students": {
    "ranks_0based": {
      "0": 18,
      "1": 2,
      "2": 6,
      "3": 16,
      "4": 4,
      "5": 1,
      "6": 19,
      "7": 19,
      "8": 3,
      "9": 10,
      "10": 1,
      "11": 22,
      "12": 8,
      "13": 22,
      "14": 26,
      "15": 1,
      "16": 1,
      "17": 8,
      "18": 5,
      "19": 6,
      "20": 1,
      "21": 5,
      "22": 13,
      "23": 0,
      "24": 16,
      "25": 51,
      "26": 2,
      "27": 33,
      "28": 52,
      "29": 0,
      "30": 4,
      "31": 54,
      "32": 57,
      "33": 13,
      "34": 7,
      "35": 3,
      "36": 0,
      "37": 20,
      "38": 8,
      "39": 10,
      "40": 10,
      "41": 12,
      "42": 4,
      "43": 0,
      "44": 11,
      "45": 20,
      "46": 2,
      "47": 22,
      "48": 19,
      "49": 8,
      "50": 6,
      "51": 0,
      "52": 4,
      "53": 11,
      "54": 26,
      "55": 4,
      "56": 10,
      "57": 2,
      "58": 2,
      "59": 0,
      "60": 5,
      "61": 10,
      "62": 0,
      "63": 19,
      "64": 18,
      "65": 0,
      "66": 4,
      "67": 5,
      "68": 1,
      "69": 3,
      "70": 12,
      "71": 2,
      "72": 24,
      "73": 21,
      "74": 0,
      "75": 0,
      "76": 30,
      "77": 19,
      "78": 32,
      "79": 56,
      "80": 17,
      "81": 0,
      "82": 2,
      "83": 8,
      "84": 33,
      "85": 2,
      "86": 14,
      "87": 29,
      "88": 2,
      "89": 54,
      "90": 14,
      "91": 5,
      "92": 2,
      "93": 28,
      "94": 4,
      "95": 16,
      "96": 4,
      "97": 2,
      "98": 11,
      "99": 23
    },
    "n_agents": 100,
    "mean_rank_1based": 13.51,
    "median_rank_1based": 9.0,
    "std_rank": 13.764806573286817,
    "top1_rate": 0.11,
    "top3_rate": 0.28,
    "mean_score": 0.8736363636363637,
    "gini_score": 0.08031333102092808,
    "hist_1based": {
      "1": 11,
      "2": 6,
      "3": 11,
      "4": 3,
      "5": 8,
      "6": 5,
      "7": 3,
      "8": 1,
      "9": 5,
      "10": 0,
      "11": 5,
      "12": 3,
      "13": 2,
      "14": 2,
      "15": 2,
      "16": 0,
      "17": 3,
      "18": 1,
      "19": 2,
      "20": 5,
      "21": 2,
      "22": 1,
      "23": 3,
      "24": 1,
      "25": 1,
      "26": 0,
      "27": 2,
      "28": 0,
      "29": 1,
      "30": 1,
      "31": 1,
      "32": 0,
      "33": 1,
      "34": 2,
      "35": 0,
      "36": 0,
      "37": 0,
      "38": 0,
      "39": 0,
      "40": 0,
      "41": 0,
      "42": 0,
      "43": 0,
      "44": 0,
      "45": 0,
      "46": 0,
      "47": 0,
      "48": 0,
      "49": 0,
      "50": 0,
      "51": 0,
      "52": 1,
      "53": 1,
      "54": 0,
      "55": 2,
      "56": 0,
      "57": 1,
      "58": 1,
      "59": 0,
      "60": 0,
      "61": 0,
      "62": 0,
      "63": 0,
      "64": 0,
      "65": 0,
      "66": 0,
      "67": 0,
      "68": 0,
      "69": 0,
      "70": 0,
      "71": 0,
      "72": 0,
      "73": 0,
      "74": 0,
      "75": 0,
      "76": 0,
      "77": 0,
      "78": 0,
      "79": 0,
      "80": 0,
      "81": 0,
      "82": 0,
      "83": 0,
      "84": 0,
      "85": 0,
      "86": 0,
      "87": 0,
      "88": 0,
      "89": 0,
      "90": 0,
      "91": 0,
      "92": 0,
      "93": 0,
      "94": 0,
      "95": 0,
      "96": 0,
      "97": 0,
      "98": 0,
      "99": 0,
      "100": 0
    }
  },
  "schools": {
    "ranks_0based": {
      "0": 1,
      "1": 13,
      "2": 5,
      "3": 6,
      "4": 2,
      "5": 12,
      "6": 16,
      "7": 0,
      "8": 19,
      "9": 4,
      "10": 0,
      "11": 2,
      "12": 4,
      "13": 4,
      "14": 0,
      "15": 5,
      "16": 0,
      "17": 1,
      "18": 6,
      "19": 4,
      "20": 2,
      "21": 4,
      "22": 1,
      "23": 0,
      "24": 1,
      "25": 1,
      "26": 4,
      "27": 3,
      "28": 2,
      "29": 0,
      "30": 2,
      "31": 5,
      "32": 1,
      "33": 18,
      "34": 3,
      "35": 1,
      "36": 8,
      "37": 7,
      "38": 1,
      "39": 8,
      "40": 7,
      "41": 31,
      "42": 3,
      "43": 8,
      "44": 2,
      "45": 6,
      "46": 16,
      "47": 5,
      "48": 10,
      "49": 2,
      "50": 0,
      "51": 4,
      "52": 7,
      "53": 6,
      "54": 14,
      "55": 18,
      "56": 0,
      "57": 3,
      "58": 22,
      "59": 0,
      "60": 1,
      "61": 2,
      "62": 5,
      "63": 4,
      "64": 4,
      "65": 8,
      "66": 3,
      "67": 0,
      "68": 1,
      "69": 5,
      "70": 1,
      "71": 6,
      "72": 18,
      "73": 0,
      "74": 7,
      "75": 10,
      "76": 5,
      "77": 2,
      "78": 0,
      "79": 6,
      "80": 16,
      "81": 17,
      "82": 2,
      "83": 7,
      "84": 3,
      "85": 9,
      "86": 0,
      "87": 11,
      "88": 1,
      "89": 14,
      "90": 4,
      "91": 3,
      "92": 2,
      "93": 6,
      "94": 6,
      "95": 0,
      "96": 0,
      "97": 4,
      "98": 2,
      "99": 1
    },
    "n_agents": 100,
    "mean_rank_1based": 6.36,
    "median_rank_1based": 5.0,
    "std_rank": 5.773248652188817,
    "top1_rate": 0.15,
    "top3_rate": 0.4,
    "mean_score": 0.9458585858585858,
    "gini_score": 0.030882101665954842,
    "hist_1based": {
      "1": 15,
      "2": 13,
      "3": 12,
      "4": 7,
      "5": 11,
      "6": 7,
      "7": 8,
      "8": 5,
      "9": 4,
      "10": 1,
      "11": 2,
      "12": 1,
      "13": 1,
      "14": 1,
      "15": 2,
      "16": 0,
      "17": 3,
      "18": 1,
      "19": 3,
      "20": 1,
      "21": 0,
      "22": 0,
      "23": 1,
      "24": 0,
      "25": 0,
      "26": 0,
      "27": 0,
      "28": 0,
      "29": 0,
      "30": 0,
      "31": 0,
      "32": 1,
      "33": 0,
      "34": 0,
      "35": 0,
      "36": 0,
      "37": 0,
      "38": 0,
      "39": 0,
      "40": 0,
      "41": 0,
      "42": 0,
      "43": 0,
      "44": 0,
      "45": 0,
      "46": 0,
      "47": 0,
      "48": 0,
      "49": 0,
      "50": 0,
      "51": 0,
      "52": 0,
      "53": 0,
      "54": 0,
      "55": 0,
      "56": 0,
      "57": 0,
      "58": 0,
      "59": 0,
      "60": 0,
      "61": 0,
      "62": 0,
      "63": 0,
      "64": 0,
      "65": 0,
      "66": 0,
      "67": 0,
      "68": 0,
      "69": 0,
      "70": 0,
      "71": 0,
      "72": 0,
      "73": 0,
      "74": 0,
      "75": 0,
      "76": 0,
      "77": 0,
      "78": 0,
      "79": 0,
      "80": 0,
      "81": 0,
      "82": 0,
      "83": 0,
      "84": 0,
      "85": 0,
      "86": 0,
      "87": 0,
      "88": 0,
      "89": 0,
      "90": 0,
      "91": 0,
      "92": 0,
      "93": 0,
      "94": 0,
      "95": 0,
      "96": 0,
      "97": 0,
      "98": 0,
      "99": 0,
      "100": 0
    }
  }
}