{
  "mode": "DA_E",
  "stable": true,
  "students": {
    "ranks_0based": {
      "0": 4,
      "1": 1,
      "2": 1,
      "3": 4,
      "4": 10,
      "5": 8,
      "6": 3,
      "7": 0,
      "8": 4,
      "9": 0,
      "10": 4,
      "11": 5,
      "12": 5,
      "13": 0,
      "14": 6,
      "15": 0,
      "16": 5,
      "17": 0,
      "18": 0,
      "19": 6
    },
    "n_agents": 20,
    "mean_rank_1based": 4.3,
    "median_rank_1based": 5.0,
    "std_rank": 2.9,
    "top1_rate": 0.3,
    "top3_rate": 0.4,
    "mean_score": 0.8263157894736842,
    "gini_score": 0.10191082802547746,
    "hist_1based": {
      "1": 6,
      "2": 2,
      "3": 0,
      "4": 1,
      "5": 4,
      "6": 3,
      "7": 2,
      "8": 0,
      "9": 1,
      "10": 0,
      "11": 1,
      "12": 0,
      "13": 0,
      "14": 0,
      "15": 0,
      "16": 0,
      "17": 0,
      "18": 0,
      "19": 0,
      "20": 0
    }
  },
  "schools": {
    "ranks_0based": {
      "0": 5,
      "1": 6,
      "2": 5,
      "3": 1,
      "4": 1,
      "5": 8,
      "6": 10,
      "7": 9,
      "8": 1,
      "9": 2,
      "10": 10,
      "11": 1,
      "12": 2,
      "13": 0,
      "14": 1,
      "15": 5,
      "16": 0,
      "17": 0,
      "18": 1,
      "19": 0
    },
    "n_agents": 20,
    "mean_rank_1based": 4.4,
    "median_rank_1based": 2.5,
    "std_rank": 3.455430508634199,
    "top1_rate": 0.2,
    "top3_rate": 0.6,
    "mean_score": 0.8210526315789474,
    "gini_score": 0.11891025641025621,
    "hist_1based": {
      "1": 4,
      "2": 6,
      "3": 2,
      "4": 0,
      "5": 0,
      "6": 3,
      "7": 1,
      "8": 0,
      "9": 1,
      "10": 1,
      "11": 2,
      "12": 0,
      "13": 0,
      "14": 0,
      "15": 0,
      "16": 0,
      "17": 0,
      "18": 0,
      "19": 0,
      "20": 0
    }
  }
}