{
  "mode": "DA_E",
  "stable": true,
  "students": {
    "ranks_0based": {
      "0": 0,
      "1": 1,
      "2": 0,
      "3": 0,
      "4": 2,
      "5": 0,
      "6": 3,
      "7": 3,
      "8": 3,
      "9": 1,
      "10": 7,
      "11": 0,
      "12": 1,
      "13": 3,
      "14": 4,
      "15": 0,
      "16": 0,
      "17": 6,
      "18": 0,
      "19": 3,
      "20": 0,
      "21": 3,
      "22": 1,
      "23": 5,
      "24": 1,
      "25": 9,
      "26": 4,
      "27": 1,
      "28": 6,
      "29": 2,
      "30": 1,
      "31": 4,
      "32": 0,
      "33": 4,
      "34": 1,
      "35": 0,
      "36": 3,
      "37": 0,
      "38": 1,
      "39": 12,
      "40": 7,
      "41": 12,
      "42": 2,
      "43": 1,
      "44": 3,
      "45": 1,
      "46": 0,
      "47": 2,
      "48": 3,
      "49": 6,
      "50": 1,
      "51": 2,
      "52": 1,
      "53": 8,
      "54": 9,
      "55": 0,
      "56": 1,
      "57": 0,
      "58": 3,
      "59": 0,
      "60": 5,
      "61": 0,
      "62": 3,
      "63": 6,
      "64": 3,
      "65": 2,
      "66": 13,
      "67": 0,
      "68": 0,
      "69": 2,
      "70": 1,
      "71": 0,
      "72": 1,
      "73": 0,
      "74": 0,
      "75": 5,
      "76": 1,
      "77": 2,
      "78": 1,
      "79": 0,
      "80": 4,
      "81": 1,
      "82": 0,
      "83": 1,
      "84": 2,
      "85": 5,
      "86": 1,
      "87": 2,
      "88": 0,
      "89": 3,
      "90": 0,
      "91": 1,
      "92": 0,
      "93": 0,
      "94": 0,
      "95": 3,
      "96": 1,
      "97": 5,
      "98": 2,
      "99": 0
    },
    "n_agents": 100,
    "mean_rank_1based": 3.33,
    "median_rank_1based": 2.0,
    "std_rank": 2.7930449334015375,
    "top1_rate": 0.3,
    "top3_rate": 0.64,
    "mean_score": 0.9764646464646465,
    "gini_score": 0.014301230992035174,
    "hist_1based": {
      "1": 30,
      "2": 23,
      "3": 11,
      "4": 14,
      "5": 5,
      "6": 5,
      "7": 4,
      "8": 2,
      "9": 1,
      "10": 2,
      "11": 0,
      "12": 0,
      "13": 2,
      "14": 1,
      "15": 0,
      "16": 0,
      "17": 0,
      "18": 0,
      "19": 0,
      "20": 0,
      "21": 0,
      "22": 0,
      "23": 0,
      "24": 0,
      "25": 0,
      "26": 0,
      "27": 0,
      "28": 0,
      "29": 0,
      "30": 0,
      "31": 0,
      "32": 0,
      "33": 0,
      "34": 0,
      "35": 0,
      "36": 0,
      "37": 0,
      "38": 0,
      "39": 0,
      "40": 0,
      "41": 0,
      "42": 0,
      "43": 0,
      "44": 0,
      "45": 0,
      "46": 0,
      "47": 0,
      "48": 0,
      "49": 0,
      "50": 0,
      "51": 0,
      "52": 0,
      "53": 0,
      "54": 0,
      "55": 0,
      "56": 0,
      "57": 0,
      "58": 0,
      "59": 0,
      "60": 0,
      "61": 0,
      "62": 0,
      "63": 0,
      "64": 0,
      "65": 0,
      "66": 0,
      "67": 0,
      "68": 0,
      "69": 0,
      "70": 0,
      "71": 0,
      "72": 0,
      "73": 0,
      "74": 0,
      "75": 0,
      "76": 0,
      "77": 0,
      "78": 0,
      "79": 0,
      "80": 0,
      "81": 0,
      "82": 0,
      "83": 0,
      "84": 0,
      "85": 0,
      "86": 0,
      "87": 0,
      "88": 0,
      "89": 0,
      "90": 0,
      "91": 0,
      "92": 0,
      "93": 0,
      "94": 0,
      "95": 0,
      "96": 0,
      "97": 0,
      "98": 0,
      "99": 0,
      "100": 0
    }
  },
  "schools": {
    "ranks_0based": {
      "0": 59,
      "1": 17,
      "2": 28,
      "3": 1,
      "4": 8,
      "5": 34,
      "6": 13,
      "7": 55,
      "8": 2,
      "9": 26,
      "10": 9,
      "11": 20,
      "12": 0,
      "13": 62,
      "14": 4,
      "15": 16,
      "16": 22,
      "17": 43,
      "18": 38,
      "19": 2,
      "20": 33,
      "21": 21,
      "22": 0,
      "23": 24,
      "24": 48,
      "25": 4,
      "26": 18,
      "27": 6,
      "28": 51,
      "29": 8,
      "30": 20,
      "31": 8,
      "32": 21,
      "33": 8,
      "34": 2,
      "35": 37,
      "36": 0,
      "37": 6,
      "38": 12,
      "39": 24,
      "40": 31,
      "41": 81,
      "42": 0,
      "43": 0,
      "44": 0,
      "45": 26,
      "46": 59,
      "47": 17,
      "48": 13,
      "49": 24,
      "50": 13,
      "51": 34,
      "52": 30,
      "53": 60,
      "54": 53,
      "55": 60,
      "56": 23,
      "57": 38,
      "58": 36,
      "59": 37,
      "60": 13,
      "61": 5,
      "62": 41,
      "63": 71,
      "64": 42,
      "65": 32,
      "66": 27,
      "67": 31,
      "68": 7,
      "69": 71,
      "70": 18,
      "71": 1,
      "72": 67,
      "73": 22,
      "74": 42,
      "75": 30,
      "76": 13,
      "77": 11,
      "78": 1,
      "79": 3,
      "80": 57,
      "81": 37,
      "82": 49,
      "83": 4,
      "84": 18,
      "85": 38,
      "86": 0,
      "87": 15,
      "88": 13,
      "89": 45,
      "90": 41,
      "91": 2,
      "92": 19,
      "93": 59,
      "94": 17,
      "95": 37,
      "96": 16,
      "97": 85,
      "98": 5,
      "99": 70
    },
    "n_agents": 100,
    "mean_rank_1based": 27.2,
    "median_rank_1based": 22.5,
    "std_rank": 21.231109250342996,
    "top1_rate": 0.07,
    "top3_rate": 0.14,
    "mean_score": 0.7353535353535353,
    "gini_score": 0.16278296703296635,
    "hist_1based": {
      "1": 7,
      "2": 3,
      "3": 4,
      "4": 1,
      "5": 3,
      "6": 2,
      "7": 2,
      "8": 1,
      "9": 4,
      "10": 1,
      "11": 0,
      "12": 1,
      "13": 1,
      "14": 6,
      "15": 0,
      "16": 1,
      "17": 2,
      "18": 3,
      "19": 3,
      "20": 1,
      "21": 2,
      "22": 2,
      "23": 2,
      "24": 1,
      "25": 3,
      "26": 0,
      "27": 2,
      "28": 1,
      "29": 1,
      "30": 0,
      "31": 2,
      "32": 2,
      "33": 1,
      "34": 1,
      "35": 2,
      "36": 0,
      "37": 1,
      "38": 4,
      "39": 3,
      "40": 0,
      "41": 0,
      "42": 2,
      "43": 2,
      "44": 1,
      "45": 0,
      "46": 1,
      "47": 0,
      "48": 0,
      "49": 1,
      "50": 1,
      "51": 0,
      "52": 1,
      "53": 0,
      "54": 1,
      "55": 0,
      "56": 1,
      "57": 0,
      "58": 1,
      "59": 0,
      "60": 3,
      "61": 2,
      "62": 0,
      "63": 1,
      "64": 0,
      "65": 0,
      "66": 0,
      "67": 0,
      "68": 1,
      "69": 0,
      "70": 0,
      "71": 1,
      "72": 2,
      "73": 0,
      "74": 0,
      "75": 0,
      "76": 0,
      "77": 0,
      "78": 0,
      "79": 0,
      "80": 0,
      "81": 0,
      "82": 1,
      "83": 0,
      "84": 0,
      "85": 0,
      "86": 1,
      "87": 0,
      "88": 0,
      "89": 0,
      "90": 0,
      "91": 0,
      "92": 0,
      "93": 0,
      "94": 0,
      "95": 0,
      "96": 0,
      "97": 0,
      "98": 0,
      "99": 0,
      "100": 0
    }
  }
}