{
  "mode": "DA_S",
  "stable": true,
  "students": {
    "ranks_0based": {
      "0": 2,
      "1": 15,
      "2": 12,
      "3": 2,
      "4": 6,
      "5": 7,
      "6": 1,
      "7": 9,
      "8": 10,
      "9": 0,
      "10": 1,
      "11": 6,
      "12": 2,
      "13": 6,
      "14": 0,
      "15": 0,
      "16": 1,
      "17": 11,
      "18": 4,
      "19": 1
    },
    "n_agents": 20,
    "mean_rank_1based": 5.8,
    "median_rank_1based": 4.0,
    "std_rank": 4.467661580737736,
    "top1_rate": 0.15,
    "top3_rate": 0.5,
    "mean_score": 0.7473684210526316,
    "gini_score": 0.1728873239436619,
    "hist_1based": {
      "1": 3,
      "2": 4,
      "3": 3,
      "4": 0,
      "5": 1,
      "6": 0,
      "7": 3,
      "8": 1,
      "9": 0,
      "10": 1,
      "11": 1,
      "12": 1,
      "13": 1,
      "14": 0,
      "15": 0,
      "16": 1,
      "17": 0,
      "18": 0,
      "19": 0,
      "20": 0
    }
  },
  "schools": {
    "ranks_0based": {
      "0": 0,
      "1": 2,
      "2": 0,
      "3": 4,
      "4": 1,
      "5": 8,
      "6": 1,
      "7": 3,
      "8": 0,
      "9": 0,
      "10": 1,
      "11": 5,
      "12": 1,
      "13": 10,
      "14": 0,
      "15": 1,
      "16": 12,
      "17": 0,
      "18": 2,
      "19": 6
    },
    "n_agents": 20,
    "mean_rank_1based": 3.85,
    "median_rank_1based": 2.0,
    "std_rank": 3.4967842369811724,
    "top1_rate": 0.3,
    "top3_rate": 0.65,
    "mean_score": 0.85,
    "gini_score": 0.10975232198142404,
    "hist_1based": {
      "1": 6,
      "2": 5,
      "3": 2,
      "4": 1,
      "5": 1,
      "6": 1,
      "7": 1,
      "8": 0,
      "9": 1,
      "10": 0,
      "11": 1,
      "12": 0,
      "13": 1,
      "14": 0,
      "15": 0,
      "16": 0,
      "17": 0,
      "18": 0,
      "19": 0,
      "20": 0
    }
  }
}