{
  "mode": "DA_S",
  "stable": true,
  "students": {
    "ranks_0based": {
      "0": 16,
      "1": 1,
      "2": 0,
      "3": 2,
      "4": 0,
      "5": 2,
      "6": 4,
      "7": 8,
      "8": 19,
      "9": 3,
      "10": 4,
      "11": 5,
      "12": 1,
      "13": 19,
      "14": 22,
      "15": 9,
      "16": 1,
      "17": 3,
      "18": 3,
      "19": 1,
      "20": 10,
      "21": 9,
      "22": 1,
      "23": 9,
      "24": 11,
      "25": 17,
      "26": 3,
      "27": 7,
      "28": 1,
      "29": 9,
      "30": 9,
      "31": 35,
      "32": 8,
      "33": 1,
      "34": 1,
      "35": 3,
      "36": 8,
      "37": 4,
      "38": 5,
      "39": 15,
      "40": 3,
      "41": 4,
      "42": 1,
      "43": 21,
      "44": 11,
      "45": 27,
      "46": 6,
      "47": 43,
      "48": 1,
      "49": 5
    },
    "n_agents": 50,
    "mean_rank_1based": 9.22,
    "median_rank_1based": 6.0,
    "std_rank": 9.029485035150122,
    "top1_rate": 0.04,
    "top3_rate": 0.28,
    "mean_score": 0.8322448979591837,
    "gini_score": 0.10833742030407123,
    "hist_1based": {
      "1": 2,
      "2": 10,
      "3": 2,
      "4": 6,
      "5": 4,
      "6": 3,
      "7": 1,
      "8": 1,
      "9": 3,
      "10": 5,
      "11": 1,
      "12": 2,
      "13": 0,
      "14": 0,
      "15": 0,
      "16": 1,
      "17": 1,
      "18": 1,
      "19": 0,
      "20": 2,
      "21": 0,
      "22": 1,
      "23": 1,
      "24": 0,
      "25": 0,
      "26": 0,
      "27": 0,
      "28": 1,
      "29": 0,
      "30": 0,
      "31": 0,
      "32": 0,
      "33": 0,
      "34": 0,
      "35": 0,
      "36": 1,
      "37": 0,
      "38": 0,
      "39": 0,
      "40": 0,
      "41": 0,
      "42": 0,
      "43": 0,
      "44": 1,
      "45": 0,
      "46": 0,
      "47": 0,
      "48": 0,
      "49": 0,
      "50": 0
    }
  },
  "schools": {
    "ranks_0based": {
      "0": 1,
      "1": 0,
      "2": 4,
      "3": 3,
      "4": 0,
      "5": 8,
      "6": 5,
      "7": 1,
      "8": 0,
      "9": 14,
      "10": 3,
      "11": 1,
      "12": 11,
      "13": 0,
      "14": 3,
      "15": 1,
      "16": 0,
      "17": 2,
      "18": 0,
      "19": 2,
      "20": 5,
      "21": 3,
      "22": 4,
      "23": 9,
      "24": 0,
      "25": 1,
      "26": 1,
      "27": 0,
      "28": 3,
      "29": 1,
      "30": 0,
      "31": 13,
      "32": 0,
      "33": 2,
      "34": 1,
      "35": 0,
      "36": 5,
      "37": 3,
      "38": 6,
      "39": 10,
      "40": 4,
      "41": 15,
      "42": 4,
      "43": 1,
      "44": 0,
      "45": 1,
      "46": 2,
      "47": 3,
      "48": 0,
      "49": 5
    },
    "n_agents": 50,
    "mean_rank_1based": 4.22,
    "median_rank_1based": 3.0,
    "std_rank": 3.8120335780263006,
    "top1_rate": 0.26,
    "top3_rate": 0.54,
    "mean_score": 0.9342857142857143,
    "gini_score": 0.04159895150720838,
    "hist_1based": {
      "1": 13,
      "2": 10,
      "3": 4,
      "4": 7,
      "5": 4,
      "6": 4,
      "7": 1,
      "8": 0,
      "9": 1,
      "10": 1,
      "11": 1,
      "12": 1,
      "13": 0,
      "14": 1,
      "15": 1,
      "16": 1,
      "17": 0,
      "18": 0,
      "19": 0,
      "20": 0,
      "21": 0,
      "22": 0,
      "23": 0,
      "24": 0,
      "25": 0,
      "26": 0,
      "27": 0,
      "28": 0,
      "29": 0,
      "30": 0,
      "31": 0,
      "32": 0,
      "33": 0,
      "34": 0,
      "35": 0,
      "36": 0,
      "37": 0,
      "38": 0,
      "39": 0,
      "40": 0,
      "41": 0,
      "42": 0,
      "43": 0,
      "44": 0,
      "45": 0,
      "46": 0,
      "47": 0,
      "48": 0,
      "49": 0,
      "50": 0
    }
  }
}