{
  "mode": "DA_S",
  "stable": true,
  "students": {
    "ranks_0based": {
      "0": 8,
      "1": 4,
      "2": 3,
      "3": 4,
      "4": 16,
      "5": 4,
      "6": 4,
      "7": 2,
      "8": 1,
      "9": 29,
      "10": 12,
      "11": 11,
      "12": 23,
      "13": 4,
      "14": 37,
      "15": 2,
      "16": 2,
      "17": 42,
      "18": 19,
      "19": 14,
      "20": 0,
      "21": 1,
      "22": 21,
      "23": 0,
      "24": 5,
      "25": 16,
      "26": 55,
      "27": 46,
      "28": 9,
      "29": 8,
      "30": 4,
      "31": 22,
      "32": 12,
      "33": 5,
      "34": 13,
      "35": 14,
      "36": 1,
      "37": 23,
      "38": 0,
      "39": 33,
      "40": 15,
      "41": 23,
      "42": 6,
      "43": 18,
      "44": 39,
      "45": 44,
      "46": 40,
      "47": 66,
      "48": 44,
      "49": 55,
      "50": 14,
      "51": 25,
      "52": 34,
      "53": 70,
      "54": 12,
      "55": 14,
      "56": 18,
      "57": 3,
      "58": 25,
      "59": 0,
      "60": 44,
      "61": 5,
      "62": 29,
      "63": 13,
      "64": 51,
      "65": 1,
      "66": 16,
      "67": 2,
      "68": 8,
      "69": 41,
      "70": 24,
      "71": 41,
      "72": 34,
      "73": 26,
      "74": 15,
      "75": 0,
      "76": 15,
      "77": 0,
      "78": 12,
      "79": 13,
      "80": 0,
      "81": 43,
      "82": 2,
      "83": 25,
      "84": 30,
      "85": 11,
      "86": 8,
      "87": 12,
      "88": 29,
      "89": 13,
      "90": 74,
      "91": 52,
      "92": 66,
      "93": 63,
      "94": 11,
      "95": 8,
      "96": 16,
      "97": 42,
      "98": 6,
      "99": 27
    },
    "n_agents": 100,
    "mean_rank_1based": 21.22,
    "median_rank_1based": 15.0,
    "std_rank": 18.38726733367414,
    "top1_rate": 0.07,
    "top3_rate": 0.16,
    "mean_score": 0.7957575757575758,
    "gini_score": 0.12630870779385672,
    "hist_1based": {
      "1": 7,
      "2": 4,
      "3": 5,
      "4": 2,
      "5": 6,
      "6": 3,
      "7": 2,
      "8": 0,
      "9": 5,
      "10": 1,
      "11": 0,
      "12": 3,
      "13": 5,
      "14": 4,
      "15": 4,
      "16": 3,
      "17": 4,
      "18": 0,
      "19": 2,
      "20": 1,
      "21": 0,
      "22": 1,
      "23": 1,
      "24": 3,
      "25": 1,
      "26": 3,
      "27": 1,
      "28": 1,
      "29": 0,
      "30": 3,
      "31": 1,
      "32": 0,
      "33": 0,
      "34": 1,
      "35": 2,
      "36": 0,
      "37": 0,
      "38": 1,
      "39": 0,
      "40": 1,
      "41": 1,
      "42": 2,
      "43": 2,
      "44": 1,
      "45": 3,
      "46": 0,
      "47": 1,
      "48": 0,
      "49": 0,
      "50": 0,
      "51": 0,
      "52": 1,
      "53": 1,
      "54": 0,
      "55": 0,
      "56": 2,
      "57": 0,
      "58": 0,
      "59": 0,
      "60": 0,
      "61": 0,
      "62": 0,
      "63": 0,
      "64": 1,
      "65": 0,
      "66": 0,
      "67": 2,
      "68": 0,
      "69": 0,
      "70": 0,
      "71": 1,
      "72": 0,
      "73": 0,
      "74": 0,
      "75": 1,
      "76": 0,
      "77": 0,
      "78": 0,
      "79": 0,
      "80": 0,
      "81": 0,
      "82": 0,
      "83": 0,
      "84": 0,
      "85": 0,
      "86": 0,
      "87": 0,
      "88": 0,
      "89": 0,
      "90": 0,
      "91": 0,
      "92": 0,
      "93": 0,
      "94": 0,
      "95": 0,
      "96": 0,
      "97": 0,
      "98": 0,
      "99": 0,
      "100": 0
    }
  },
  "schools": {
    "ranks_0based": {
      "0": 3,
      "1": 12,
      "2": 1,
      "3": 0,
      "4": 14,
      "5": 7,
      "6": 0,
      "7": 17,
      "8": 3,
      "9": 2,
      "10": 0,
      "11": 2,
      "12": 0,
      "13": 8,
      "14": 4,
      "15": 3,
      "16": 0,
      "17": 0,
      "18": 10,
      "19": 0,
      "20": 4,
      "21": 4,
      "22": 1,
      "23": 4,
      "24": 12,
      "25": 1,
      "26": 6,
      "27": 0,
      "28": 8,
      "29": 2,
      "30": 1,
      "31": 2,
      "32": 4,
      "33": 3,
      "34": 5,
      "35": 4,
      "36": 4,
      "37": 9,
      "38": 2,
      "39": 1,
      "40": 0,
      "41": 0,
      "42": 1,
      "43": 8,
      "44": 5,
      "45": 10,
      "46": 5,
      "47": 2,
      "48": 7,
      "49": 10,
      "50": 3,
      "51": 9,
      "52": 0,
      "53": 2,
      "54": 6,
      "55": 0,
      "56": 0,
      "57": 0,
      "58": 2,
      "59": 2,
      "60": 1,
      "61": 0,
      "62": 0,
      "63": 0,
      "64": 1,
      "65": 15,
      "66": 2,
      "67": 3,
      "68": 1,
      "69": 0,
      "70": 3,
      "71": 1,
      "72": 7,
      "73": 2,
      "74": 1,
      "75": 1,
      "76": 0,
      "77": 3,
      "78": 7,
      "79": 4,
      "80": 3,
      "81": 1,
      "82": 5,
      "83": 2,
      "84": 3,
      "85": 2,
      "86": 0,
      "87": 7,
      "88": 4,
      "89": 8,
      "90": 5,
      "91": 5,
      "92": 4,
      "93": 1,
      "94": 0,
      "95": 4,
      "96": 0,
      "97": 2,
      "98": 1,
      "99": 5
    },
    "n_agents": 100,
    "mean_rank_1based": 4.49,
    "median_rank_1based": 3.0,
    "std_rank": 3.642787394290257,
    "top1_rate": 0.22,
    "top3_rate": 0.51,
    "mean_score": 0.9647474747474748,
    "gini_score": 0.019793738875510947,
    "hist_1based": {
      "1": 22,
      "2": 15,
      "3": 14,
      "4": 10,
      "5": 11,
      "6": 7,
      "7": 2,
      "8": 5,
      "9": 4,
      "10": 2,
      "11": 3,
      "12": 0,
      "13": 2,
      "14": 0,
      "15": 1,
      "16": 1,
      "17": 0,
      "18": 1,
      "19": 0,
      "20": 0,
      "21": 0,
      "22": 0,
      "23": 0,
      "24": 0,
      "25": 0,
      "26": 0,
      "27": 0,
      "28": 0,
      "29": 0,
      "30": 0,
      "31": 0,
      "32": 0,
      "33": 0,
      "34": 0,
      "35": 0,
      "36": 0,
      "37": 0,
      "38": 0,
      "39": 0,
      "40": 0,
      "41": 0,
      "42": 0,
      "43": 0,
      "44": 0,
      "45": 0,
      "46": 0,
      "47": 0,
      "48": 0,
      "49": 0,
      "50": 0,
      "51": 0,
      "52": 0,
      "53": 0,
      "54": 0,
      "55": 0,
      "56": 0,
      "57": 0,
      "58": 0,
      "59": 0,
      "60": 0,
      "61": 0,
      "62": 0,
      "63": 0,
      "64": 0,
      "65": 0,
      "66": 0,
      "67": 0,
      "68": 0,
      "69": 0,
      "70": 0,
      "71": 0,
      "72": 0,
      "73": 0,
      "74": 0,
      "75": 0,
      "76": 0,
      "77": 0,
      "78": 0,
      "79": 0,
      "80": 0,
      "81": 0,
      "82": 0,
      "83": 0,
      "84": 0,
      "85": 0,
      "86": 0,
      "87": 0,
      "88": 0,
      "89": 0,
      "90": 0,
      "91": 0,
      "92": 0,
      "93": 0,
      "94": 0,
      "95": 0,
      "96": 0,
      "97": 0,
      "98": 0,
      "99": 0,
      "100": 0
    }
  }
}