{
  "mode": "DA_E",
  "stable": true,
  "students": {
    "ranks_0based": {
      "0": 3,
      "1": 6,
      "2": 2,
      "3": 1,
      "4": 7,
      "5": 2,
      "6": 4,
      "7": 0,
      "8": 1,
      "9": 1,
      "10": 0,
      "11": 2,
      "12": 1,
      "13": 2,
      "14": 0,
      "15": 1,
      "16": 1,
      "17": 4,
      "18": 2,
      "19": 1,
      "20": 0,
      "21": 7,
      "22": 1,
      "23": 4,
      "24": 6,
      "25": 2,
      "26": 1,
      "27": 2,
      "28": 7,
      "29": 2,
      "30": 2,
      "31": 10,
      "32": 1,
      "33": 3,
      "34": 6,
      "35": 3,
      "36": 2,
      "37": 3,
      "38": 6,
      "39": 4,
      "40": 2,
      "41": 0,
      "42": 6,
      "43": 2,
      "44": 1,
      "45": 2,
      "46": 1,
      "47": 3,
      "48": 4,
      "49": 2
    },
    "n_agents": 50,
    "mean_rank_1based": 3.72,
    "median_rank_1based": 3.0,
    "std_rank": 2.236425719759098,
    "top1_rate": 0.1,
    "top3_rate": 0.62,
    "mean_score": 0.9444897959183673,
    "gini_score": 0.0254796888504758,
    "hist_1based": {
      "1": 5,
      "2": 12,
      "3": 14,
      "4": 5,
      "5": 5,
      "6": 0,
      "7": 5,
      "8": 3,
      "9": 0,
      "10": 0,
      "11": 1,
      "12": 0,
      "13": 0,
      "14": 0,
      "15": 0,
      "16": 0,
      "17": 0,
      "18": 0,
      "19": 0,
      "20": 0,
      "21": 0,
      "22": 0,
      "23": 0,
      "24": 0,
      "25": 0,
      "26": 0,
      "27": 0,
      "28": 0,
      "29": 0,
      "30": 0,
      "31": 0,
      "32": 0,
      "33": 0,
      "34": 0,
      "35": 0,
      "36": 0,
      "37": 0,
      "38": 0,
      "39": 0,
      "40": 0,
      "41": 0,
      "42": 0,
      "43": 0,
      "44": 0,
      "45": 0,
      "46": 0,
      "47": 0,
      "48": 0,
      "49": 0,
      "50": 0
    }
  },
  "schools": {
    "ranks_0based": {
      "0": 1,
      "1": 2,
      "2": 16,
      "3": 6,
      "4": 31,
      "5": 10,
      "6": 10,
      "7": 0,
      "8": 2,
      "9": 0,
      "10": 5,
      "11": 6,
      "12": 0,
      "13": 0,
      "14": 0,
      "15": 0,
      "16": 7,
      "17": 4,
      "18": 28,
      "19": 4,
      "20": 1,
      "21": 4,
      "22": 1,
      "23": 17,
      "24": 23,
      "25": 20,
      "26": 4,
      "27": 22,
      "28": 17,
      "29": 4,
      "30": 3,
      "31": 8,
      "32": 41,
      "33": 16,
      "34": 7,
      "35": 11,
      "36": 0,
      "37": 2,
      "38": 3,
      "39": 12,
      "40": 2,
      "41": 3,
      "42": 2,
      "43": 8,
      "44": 5,
      "45": 36,
      "46": 3,
      "47": 1,
      "48": 7,
      "49": 8
    },
    "n_agents": 50,
    "mean_rank_1based": 9.46,
    "median_rank_1based": 5.5,
    "std_rank": 9.708161514931652,
    "top1_rate": 0.14,
    "top3_rate": 0.32,
    "mean_score": 0.8273469387755102,
    "gini_score": 0.1193981253083376,
    "hist_1based": {
      "1": 7,
      "2": 4,
      "3": 5,
      "4": 4,
      "5": 5,
      "6": 2,
      "7": 2,
      "8": 3,
      "9": 3,
      "10": 0,
      "11": 2,
      "12": 1,
      "13": 1,
      "14": 0,
      "15": 0,
      "16": 0,
      "17": 2,
      "18": 2,
      "19": 0,
      "20": 0,
      "21": 1,
      "22": 0,
      "23": 1,
      "24": 1,
      "25": 0,
      "26": 0,
      "27": 0,
      "28": 0,
      "29": 1,
      "30": 0,
      "31": 0,
      "32": 1,
      "33": 0,
      "34": 0,
      "35": 0,
      "36": 0,
      "37": 1,
      "38": 0,
      "39": 0,
      "40": 0,
      "41": 0,
      "42": 1,
      "43": 0,
      "44": 0,
      "45": 0,
      "46": 0,
      "47": 0,
      "48": 0,
      "49": 0,
      "50": 0
    }
  }
}