{
  "mode": "DA_S",
  "stable": true,
  "students": {
    "ranks_0based": {
      "0": 4,
      "1": 0,
      "2": 0,
      "3": 2,
      "4": 12,
      "5": 3,
      "6": 18,
      "7": 2,
      "8": 17,
      "9": 9,
      "10": 7,
      "11": 10,
      "12": 0,
      "13": 8,
      "14": 16,
      "15": 4,
      "16": 3,
      "17": 0,
      "18": 8,
      "19": 0
    },
    "n_agents": 20,
    "mean_rank_1based": 7.15,
    "median_rank_1based": 5.0,
    "std_rank": 5.798922313671739,
    "top1_rate": 0.25,
    "top3_rate": 0.35,
    "mean_score": 0.6763157894736842,
    "gini_score": 0.2488326848249025,
    "hist_1based": {
      "1": 5,
      "2": 0,
      "3": 2,
      "4": 2,
      "5": 2,
      "6": 0,
      "7": 0,
      "8": 1,
      "9": 2,
      "10": 1,
      "11": 1,
      "12": 0,
      "13": 1,
      "14": 0,
      "15": 0,
      "16": 0,
      "17": 1,
      "18": 1,
      "19": 1,
      "20": 0
    }
  },
  "schools": {
    "ranks_0based": {
      "0": 1,
      "1": 1,
      "2": 0,
      "3": 7,
      "4": 0,
      "5": 2,
      "6": 1,
      "7": 4,
      "8": 3,
      "9": 2,
      "10": 4,
      "11": 0,
      "12": 0,
      "13": 0,
      "14": 2,
      "15": 0,
      "16": 0,
      "17": 0,
      "18": 1,
      "19": 1
    },
    "n_agents": 20,
    "mean_rank_1based": 2.45,
    "median_rank_1based": 2.0,
    "std_rank": 1.8020821290940099,
    "top1_rate": 0.4,
    "top3_rate": 0.8,
    "mean_score": 0.9236842105263158,
    "gini_score": 0.051139601139601254,
    "hist_1based": {
      "1": 8,
      "2": 5,
      "3": 3,
      "4": 1,
      "5": 2,
      "6": 0,
      "7": 0,
      "8": 1,
      "9": 0,
      "10": 0,
      "11": 0,
      "12": 0,
      "13": 0,
      "14": 0,
      "15": 0,
      "16": 0,
      "17": 0,
      "18": 0,
      "19": 0,
      "20": 0
    }
  }
}