{
  "mode": "DA_S",
  "stable": true,
  "students": {
    "ranks_0based": {
      "0": 1,
      "1": 6,
      "2": 4,
      "3": 5,
      "4": 5,
      "5": 4,
      "6": 2,
      "7": 7,
      "8": 6,
      "9": 5
    },
    "n_agents": 10,
    "mean_rank_1based": 5.5,
    "median_rank_1based": 6.0,
    "std_rank": 1.746424919657298,
    "top1_rate": 0.0,
    "top3_rate": 0.2,
    "mean_score": 0.5,
    "gini_score": 0.21111111111111103,
    "hist_1based": {
      "1": 0,
      "2": 1,
      "3": 1,
      "4": 0,
      "5": 2,
      "6": 3,
      "7": 2,
      "8": 1,
      "9": 0,
      "10": 0
    }
  },
  "schools": {
    "ranks_0based": {
      "0": 1,
      "1": 0,
      "2": 1,
      "3": 1,
      "4": 0,
      "5": 0,
      "6": 1,
      "7": 1,
      "8": 1,
      "9": 1
    },
    "n_agents": 10,
    "mean_rank_1based": 1.7,
    "median_rank_1based": 2.0,
    "std_rank": 0.458257569495584,
    "top1_rate": 0.3,
    "top3_rate": 1.0,
    "mean_score": 0.9222222222222222,
    "gini_score": 0.02530120481927689,
    "hist_1based": {
      "1": 3,
      "2": 7,
      "3": 0,
      "4": 0,
      "5": 0,
      "6": 0,
      "7": 0,
      "8": 0,
      "9": 0,
      "10": 0
    }
  }
}