{
  "mode": "DA_S",
  "stable": true,
  "students": {
    "ranks_0based": {
      "0": 15,
      "1": 1,
      "2": 3,
      "3": 31,
      "4": 18,
      "5": 9,
      "6": 0,
      "7": 8,
      "8": 14,
      "9": 10,
      "10": 5,
      "11": 4,
      "12": 13,
      "13": 51,
      "14": 3,
      "15": 3,
      "16": 6,
      "17": 7,
      "18": 16,
      "19": 11,
      "20": 31,
      "21": 55,
      "22": 25,
      "23": 4,
      "24": 21,
      "25": 20,
      "26": 22,
      "27": 3,
      "28": 11,
      "29": 18,
      "30": 35,
      "31": 21,
      "32": 4,
      "33": 23,
      "34": 19,
      "35": 1,
      "36": 5,
      "37": 44,
      "38": 1,
      "39": 10,
      "40": 12,
      "41": 0,
      "42": 9,
      "43": 6,
      "44": 56,
      "45": 5,
      "46": 47,
      "47": 0,
      "48": 2,
      "49": 0,
      "50": 9,
      "51": 2,
      "52": 42,
      "53": 73,
      "54": 27,
      "55": 21,
      "56": 10,
      "57": 6,
      "58": 0,
      "59": 15,
      "60": 17,
      "61": 3,
      "62": 99,
      "63": 6,
      "64": 2,
      "65": 74,
      "66": 33,
      "67": 0,
      "68": 21,
      "69": 1,
      "70": 5,
      "71": 26,
      "72": 41,
      "73": 2,
      "74": 3,
      "75": 31,
      "76": 6,
      "77": 11,
      "78": 46,
      "79": 16,
      "80": 0,
      "81": 3,
      "82": 5,
      "83": 0,
      "84": 75,
      "85": 4,
      "86": 29,
      "87": 1,
      "88": 23,
      "89": 14,
      "90": 10,
      "91": 2,
      "92": 20,
      "93": 26,
      "94": 1,
      "95": 8,
      "96": 57,
      "97": 29,
      "98": 12,
      "99": 23
    },
    "n_agents": 100,
    "mean_rank_1based": 18.28,
    "median_rank_1based": 11.5,
    "std_rank": 19.250496097503564,
    "top1_rate": 0.08,
    "top3_rate": 0.19,
    "mean_score": 0.8254545454545454,
    "gini_score": 0.11731277533039708,
    "hist_1based": {
      "1": 8,
      "2": 6,
      "3": 5,
      "4": 7,
      "5": 4,
      "6": 5,
      "7": 5,
      "8": 1,
      "9": 2,
      "10": 3,
      "11": 4,
      "12": 3,
      "13": 2,
      "14": 1,
      "15": 2,
      "16": 2,
      "17": 2,
      "18": 1,
      "19": 2,
      "20": 1,
      "21": 2,
      "22": 4,
      "23": 1,
      "24": 3,
      "25": 0,
      "26": 1,
      "27": 2,
      "28": 1,
      "29": 0,
      "30": 2,
      "31": 0,
      "32": 3,
      "33": 0,
      "34": 1,
      "35": 0,
      "36": 1,
      "37": 0,
      "38": 0,
      "39": 0,
      "40": 0,
      "41": 0,
      "42": 1,
      "43": 1,
      "44": 0,
      "45": 1,
      "46": 0,
      "47": 1,
      "48": 1,
      "49": 0,
      "50": 0,
      "51": 0,
      "52": 1,
      "53": 0,
      "54": 0,
      "55": 0,
      "56": 1,
      "57": 1,
      "58": 1,
      "59": 0,
      "60": 0,
      "61": 0,
      "62": 0,
      "63": 0,
      "64": 0,
      "65": 0,
      "66": 0,
      "67": 0,
      "68": 0,
      "69": 0,
      "70": 0,
      "71": 0,
      "72": 0,
      "73": 0,
      "74": 1,
      "75": 1,
      "76": 1,
      "77": 0,
      "78": 0,
      "79": 0,
      "80": 0,
      "81": 0,
      "82": 0,
      "83": 0,
      "84": 0,
      "85": 0,
      "86": 0,
      "87": 0,
      "88": 0,
      "89": 0,
      "90": 0,
      "91": 0,
      "92": 0,
      "93": 0,
      "94": 0,
      "95": 0,
      "96": 0,
      "97": 0,
      "98": 0,
      "99": 0,
      "100": 1
    }
  },
  "schools": {
    "ranks_0based": {
      "0": 9,
      "1": 16,
      "2": 4,
      "3": 5,
      "4": 5,
      "5": 2,
      "6": 11,
      "7": 1,
      "8": 10,
      "9": 21,
      "10": 2,
      "11": 0,
      "12": 7,
      "13": 13,
      "14": 0,
      "15": 12,
      "16": 0,
      "17": 2,
      "18": 0,
      "19": 3,
      "20": 1,
      "21": 13,
      "22": 8,
      "23": 1,
      "24": 0,
      "25": 1,
      "26": 12,
      "27": 1,
      "28": 3,
      "29": 7,
      "30": 1,
      "31": 3,
      "32": 0,
      "33": 2,
      "34": 9,
      "35": 3,
      "36": 3,
      "37": 4,
      "38": 7,
      "39": 2,
      "40": 2,
      "41": 1,
      "42": 5,
      "43": 3,
      "44": 1,
      "45": 9,
      "46": 9,
      "47": 0,
      "48": 0,
      "49": 0,
      "50": 5,
      "51": 0,
      "52": 3,
      "53": 6,
      "54": 5,
      "55": 7,
      "56": 17,
      "57": 1,
      "58": 1,
      "59": 1,
      "60": 1,
      "61": 0,
      "62": 8,
      "63": 14,
      "64": 3,
      "65": 28,
      "66": 0,
      "67": 8,
      "68": 5,
      "69": 2,
      "70": 5,
      "71": 1,
      "72": 4,
      "73": 0,
      "74": 12,
      "75": 11,
      "76": 0,
      "77": 6,
      "78": 15,
      "79": 6,
      "80": 6,
      "81": 7,
      "82": 1,
      "83": 3,
      "84": 2,
      "85": 3,
      "86": 0,
      "87": 0,
      "88": 3,
      "89": 2,
      "90": 8,
      "91": 17,
      "92": 1,
      "93": 22,
      "94": 0,
      "95": 6,
      "96": 1,
      "97": 0,
      "98": 5,
      "99": 0
    },
    "n_agents": 100,
    "mean_rank_1based": 5.96,
    "median_rank_1based": 4.0,
    "std_rank": 5.49530708878039,
    "top1_rate": 0.19,
    "top3_rate": 0.44,
    "mean_score": 0.9498989898989899,
    "gini_score": 0.029717141641854905,
    "hist_1based": {
      "1": 19,
      "2": 16,
      "3": 9,
      "4": 11,
      "5": 3,
      "6": 8,
      "7": 5,
      "8": 5,
      "9": 4,
      "10": 4,
      "11": 1,
      "12": 2,
      "13": 3,
      "14": 2,
      "15": 1,
      "16": 1,
      "17": 1,
      "18": 2,
      "19": 0,
      "20": 0,
      "21": 0,
      "22": 1,
      "23": 1,
      "24": 0,
      "25": 0,
      "26": 0,
      "27": 0,
      "28": 0,
      "29": 1,
      "30": 0,
      "31": 0,
      "32": 0,
      "33": 0,
      "34": 0,
      "35": 0,
      "36": 0,
      "37": 0,
      "38": 0,
      "39": 0,
      "40": 0,
      "41": 0,
      "42": 0,
      "43": 0,
      "44": 0,
      "45": 0,
      "46": 0,
      "47": 0,
      "48": 0,
      "49": 0,
      "50": 0,
      "51": 0,
      "52": 0,
      "53": 0,
      "54": 0,
      "55": 0,
      "56": 0,
      "57": 0,
      "58": 0,
      "59": 0,
      "60": 0,
      "61": 0,
      "62": 0,
      "63": 0,
      "64": 0,
      "65": 0,
      "66": 0,
      "67": 0,
      "68": 0,
      "69": 0,
      "70": 0,
      "71": 0,
      "72": 0,
      "73": 0,
      "74": 0,
      "75": 0,
      "76": 0,
      "77": 0,
      "78": 0,
      "79": 0,
      "80": 0,
      "81": 0,
      "82": 0,
      "83": 0,
      "84": 0,
      "85": 0,
      "86": 0,
      "87": 0,
      "88": 0,
      "89": 0,
      "90": 0,
      "91": 0,
      "92": 0,
      "93": 0,
      "94": 0,
      "95": 0,
      "96": 0,
      "97": 0,
      "98": 0,
      "99": 0,
      "100": 0
    }
  }
}