{
  "mode": "DA_S",
  "stable": true,
  "students": {
    "ranks_0based": {
      "0": 2,
      "1": 42,
      "2": 13,
      "3": 17,
      "4": 4,
      "5": 20,
      "6": 4,
      "7": 33,
      "8": 30,
      "9": 1,
      "10": 2,
      "11": 3,
      "12": 24,
      "13": 5,
      "14": 13,
      "15": 0,
      "16": 2,
      "17": 9,
      "18": 0,
      "19": 4,
      "20": 7,
      "21": 1,
      "22": 4,
      "23": 18,
      "24": 6,
      "25": 0,
      "26": 2,
      "27": 3,
      "28": 2,
      "29": 27,
      "30": 12,
      "31": 12,
      "32": 6,
      "33": 16,
      "34": 11,
      "35": 31,
      "36": 5,
      "37": 2,
      "38": 7,
      "39": 5,
      "40": 2,
      "41": 4,
      "42": 9,
      "43": 7,
      "44": 2,
      "45": 5,
      "46": 7,
      "47": 0,
      "48": 12,
      "49": 7
    },
    "n_agents": 50,
    "mean_rank_1based": 10.2,
    "median_rank_1based": 6.5,
    "std_rank": 9.651942809610922,
    "top1_rate": 0.08,
    "top3_rate": 0.28,
    "mean_score": 0.8122448979591836,
    "gini_score": 0.12196984924623155,
    "hist_1based": {
      "1": 4,
      "2": 2,
      "3": 8,
      "4": 2,
      "5": 5,
      "6": 4,
      "7": 2,
      "8": 5,
      "9": 0,
      "10": 2,
      "11": 0,
      "12": 1,
      "13": 3,
      "14": 2,
      "15": 0,
      "16": 0,
      "17": 1,
      "18": 1,
      "19": 1,
      "20": 0,
      "21": 1,
      "22": 0,
      "23": 0,
      "24": 0,
      "25": 1,
      "26": 0,
      "27": 0,
      "28": 1,
      "29": 0,
      "30": 0,
      "31": 1,
      "32": 1,
      "33": 0,
      "34": 1,
      "35": 0,
      "36": 0,
      "37": 0,
      "38": 0,
      "39": 0,
      "40": 0,
      "41": 0,
      "42": 0,
      "43": 1,
      "44": 0,
      "45": 0,
      "46": 0,
      "47": 0,
      "48": 0,
      "49": 0,
      "50": 0
    }
  },
  "schools": {
    "ranks_0based": {
      "0": 4,
      "1": 4,
      "2": 1,
      "3": 7,
      "4": 2,
      "5": 0,
      "6": 4,
      "7": 8,
      "8": 2,
      "9": 4,
      "10": 2,
      "11": 2,
      "12": 0,
      "13": 1,
      "14": 2,
      "15": 4,
      "16": 2,
      "17": 0,
      "18": 8,
      "19": 9,
      "20": 1,
      "21": 0,
      "22": 6,
      "23": 0,
      "24": 2,
      "25": 7,
      "26": 2,
      "27": 5,
      "28": 1,
      "29": 4,
      "30": 4,
      "31": 5,
      "32": 2,
      "33": 2,
      "34": 4,
      "35": 0,
      "36": 5,
      "37": 10,
      "38": 12,
      "39": 1,
      "40": 0,
      "41": 11,
      "42": 1,
      "43": 1,
      "44": 9,
      "45": 2,
      "46": 0,
      "47": 3,
      "48": 4,
      "49": 3
    },
    "n_agents": 50,
    "mean_rank_1based": 4.46,
    "median_rank_1based": 3.0,
    "std_rank": 3.093283045568252,
    "top1_rate": 0.16,
    "top3_rate": 0.52,
    "mean_score": 0.9293877551020409,
    "gini_score": 0.03656565656565691,
    "hist_1based": {
      "1": 8,
      "2": 7,
      "3": 11,
      "4": 2,
      "5": 9,
      "6": 3,
      "7": 1,
      "8": 2,
      "9": 2,
      "10": 2,
      "11": 1,
      "12": 1,
      "13": 1,
      "14": 0,
      "15": 0,
      "16": 0,
      "17": 0,
      "18": 0,
      "19": 0,
      "20": 0,
      "21": 0,
      "22": 0,
      "23": 0,
      "24": 0,
      "25": 0,
      "26": 0,
      "27": 0,
      "28": 0,
      "29": 0,
      "30": 0,
      "31": 0,
      "32": 0,
      "33": 0,
      "34": 0,
      "35": 0,
      "36": 0,
      "37": 0,
      "38": 0,
      "39": 0,
      "40": 0,
      "41": 0,
      "42": 0,
      "43": 0,
      "44": 0,
      "45": 0,
      "46": 0,
      "47": 0,
      "48": 0,
      "49": 0,
      "50": 0
    }
  }
}