{
  "mode": "DA_E",
  "stable": true,
  "students": {
    "ranks_0based": {
      "0": 0,
      "1": 0,
      "2": 3,
      "3": 0,
      "4": 5,
      "5": 5,
      "6": 8,
      "7": 8,
      "8": 4,
      "9": 8,
      "10": 0,
      "11": 4,
      "12": 0,
      "13": 0,
      "14": 3,
      "15": 10,
      "16": 2,
      "17": 3,
      "18": 0,
      "19": 1
    },
    "n_agents": 20,
    "mean_rank_1based": 4.2,
    "median_rank_1based": 4.0,
    "std_rank": 3.1717503054307414,
    "top1_rate": 0.35,
    "top3_rate": 0.45,
    "mean_score": 0.8315789473684211,
    "gini_score": 0.11012658227848093,
    "hist_1based": {
      "1": 7,
      "2": 1,
      "3": 1,
      "4": 3,
      "5": 2,
      "6": 2,
      "7": 0,
      "8": 0,
      "9": 3,
      "10": 0,
      "11": 1,
      "12": 0,
      "13": 0,
      "14": 0,
      "15": 0,
      "16": 0,
      "17": 0,
      "18": 0,
      "19": 0,
      "20": 0
    }
  },
  "schools": {
    "ranks_0based": {
      "0": 0,
      "1": 2,
      "2": 19,
      "3": 1,
      "4": 0,
      "5": 14,
      "6": 2,
      "7": 0,
      "8": 3,
      "9": 6,
      "10": 2,
      "11": 0,
      "12": 4,
      "13": 5,
      "14": 2,
      "15": 2,
      "16": 5,
      "17": 2,
      "18": 6,
      "19": 0
    },
    "n_agents": 20,
    "mean_rank_1based": 4.75,
    "median_rank_1based": 3.0,
    "std_rank": 4.7315430886762515,
    "top1_rate": 0.25,
    "top3_rate": 0.6,
    "mean_score": 0.8026315789473685,
    "gini_score": 0.14377049180327872,
    "hist_1based": {
      "1": 5,
      "2": 1,
      "3": 6,
      "4": 1,
      "5": 1,
      "6": 2,
      "7": 2,
      "8": 0,
      "9": 0,
      "10": 0,
      "11": 0,
      "12": 0,
      "13": 0,
      "14": 0,
      "15": 1,
      "16": 0,
      "17": 0,
      "18": 0,
      "19": 0,
      "20": 1
    }
  }
}