{
  "mode": "DA_E",
  "stable": true,
  "students": {
    "ranks_0based": {
      "0": 2,
      "1": 1,
      "2": 0,
      "3": 2,
      "4": 7,
      "5": 2,
      "6": 5,
      "7": 3,
      "8": 5,
      "9": 2,
      "10": 4,
      "11": 2,
      "12": 1,
      "13": 0,
      "14": 0,
      "15": 2,
      "16": 5,
      "17": 6,
      "18": 11,
      "19": 2,
      "20": 0,
      "21": 1,
      "22": 4,
      "23": 0,
      "24": 0,
      "25": 2,
      "26": 0,
      "27": 8,
      "28": 7,
      "29": 0,
      "30": 0,
      "31": 2,
      "32": 0,
      "33": 1,
      "34": 0,
      "35": 9,
      "36": 2,
      "37": 1,
      "38": 0,
      "39": 2,
      "40": 0,
      "41": 0,
      "42": 0,
      "43": 4,
      "44": 5,
      "45": 0,
      "46": 5,
      "47": 0,
      "48": 1,
      "49": 1
    },
    "n_agents": 50,
    "mean_rank_1based": 3.34,
    "median_rank_1based": 3.0,
    "std_rank": 2.680373108356372,
    "top1_rate": 0.34,
    "top3_rate": 0.7,
    "mean_score": 0.9522448979591837,
    "gini_score": 0.029721388769823998,
    "hist_1based": {
      "1": 17,
      "2": 7,
      "3": 11,
      "4": 1,
      "5": 3,
      "6": 5,
      "7": 1,
      "8": 2,
      "9": 1,
      "10": 1,
      "11": 0,
      "12": 1,
      "13": 0,
      "14": 0,
      "15": 0,
      "16": 0,
      "17": 0,
      "18": 0,
      "19": 0,
      "20": 0,
      "21": 0,
      "22": 0,
      "23": 0,
      "24": 0,
      "25": 0,
      "26": 0,
      "27": 0,
      "28": 0,
      "29": 0,
      "30": 0,
      "31": 0,
      "32": 0,
      "33": 0,
      "34": 0,
      "35": 0,
      "36": 0,
      "37": 0,
      "38": 0,
      "39": 0,
      "40": 0,
      "41": 0,
      "42": 0,
      "43": 0,
      "44": 0,
      "45": 0,
      "46": 0,
      "47": 0,
      "48": 0,
      "49": 0,
      "50": 0
    }
  },
  "schools": {
    "ranks_0based": {
      "0": 4,
      "1": 20,
      "2": 20,
      "3": 2,
      "4": 10,
      "5": 10,
      "6": 14,
      "7": 11,
      "8": 19,
      "9": 48,
      "10": 17,
      "11": 7,
      "12": 15,
      "13": 38,
      "14": 16,
      "15": 0,
      "16": 15,
      "17": 27,
      "18": 5,
      "19": 3,
      "20": 10,
      "21": 2,
      "22": 0,
      "23": 7,
      "24": 20,
      "25": 4,
      "26": 2,
      "27": 4,
      "28": 13,
      "29": 39,
      "30": 13,
      "31": 9,
      "32": 37,
      "33": 5,
      "34": 4,
      "35": 6,
      "36": 4,
      "37": 6,
      "38": 5,
      "39": 22,
      "40": 36,
      "41": 3,
      "42": 2,
      "43": 7,
      "44": 4,
      "45": 14,
      "46": 12,
      "47": 2,
      "48": 11,
      "49": 42
    },
    "n_agents": 50,
    "mean_rank_1based": 13.92,
    "median_rank_1based": 11.0,
    "std_rank": 11.8707034332427,
    "top1_rate": 0.04,
    "top3_rate": 0.14,
    "mean_score": 0.7363265306122448,
    "gini_score": 0.1706208425720619,
    "hist_1based": {
      "1": 2,
      "2": 0,
      "3": 5,
      "4": 2,
      "5": 6,
      "6": 3,
      "7": 2,
      "8": 3,
      "9": 0,
      "10": 1,
      "11": 3,
      "12": 2,
      "13": 1,
      "14": 2,
      "15": 2,
      "16": 2,
      "17": 1,
      "18": 1,
      "19": 0,
      "20": 1,
      "21": 3,
      "22": 0,
      "23": 1,
      "24": 0,
      "25": 0,
      "26": 0,
      "27": 0,
      "28": 1,
      "29": 0,
      "30": 0,
      "31": 0,
      "32": 0,
      "33": 0,
      "34": 0,
      "35": 0,
      "36": 0,
      "37": 1,
      "38": 1,
      "39": 1,
      "40": 1,
      "41": 0,
      "42": 0,
      "43": 1,
      "44": 0,
      "45": 0,
      "46": 0,
      "47": 0,
      "48": 0,
      "49": 1,
      "50": 0
    }
  }
}