{
  "mode": "DA_E",
  "stable": true,
  "students": {
    "ranks_0based": {
      "0": 3,
      "1": 13,
      "2": 11,
      "3": 2,
      "4": 1,
      "5": 0,
      "6": 0,
      "7": 2,
      "8": 0,
      "9": 0,
      "10": 1,
      "11": 0,
      "12": 0,
      "13": 1,
      "14": 8,
      "15": 3,
      "16": 3,
      "17": 1,
      "18": 0,
      "19": 6,
      "20": 3,
      "21": 17,
      "22": 9,
      "23": 0,
      "24": 2,
      "25": 1,
      "26": 0,
      "27": 9,
      "28": 2,
      "29": 8,
      "30": 1,
      "31": 7,
      "32": 6,
      "33": 1,
      "34": 1,
      "35": 0,
      "36": 1,
      "37": 2,
      "38": 5,
      "39": 3,
      "40": 1,
      "41": 2,
      "42": 13,
      "43": 1,
      "44": 2,
      "45": 11,
      "46": 2,
      "47": 15,
      "48": 2,
      "49": 6
    },
    "n_agents": 50,
    "mean_rank_1based": 4.76,
    "median_rank_1based": 3.0,
    "std_rank": 4.361467642892699,
    "top1_rate": 0.2,
    "top3_rate": 0.6,
    "mean_score": 0.923265306122449,
    "gini_score": 0.04875331564986762,
    "hist_1based": {
      "1": 10,
      "2": 11,
      "3": 9,
      "4": 5,
      "5": 0,
      "6": 1,
      "7": 3,
      "8": 1,
      "9": 2,
      "10": 2,
      "11": 0,
      "12": 2,
      "13": 0,
      "14": 2,
      "15": 0,
      "16": 1,
      "17": 0,
      "18": 1,
      "19": 0,
      "20": 0,
      "21": 0,
      "22": 0,
      "23": 0,
      "24": 0,
      "25": 0,
      "26": 0,
      "27": 0,
      "28": 0,
      "29": 0,
      "30": 0,
      "31": 0,
      "32": 0,
      "33": 0,
      "34": 0,
      "35": 0,
      "36": 0,
      "37": 0,
      "38": 0,
      "39": 0,
      "40": 0,
      "41": 0,
      "42": 0,
      "43": 0,
      "44": 0,
      "45": 0,
      "46": 0,
      "47": 0,
      "48": 0,
      "49": 0,
      "50": 0
    }
  },
  "schools": {
    "ranks_0based": {
      "0": 2,
      "1": 6,
      "2": 9,
      "3": 14,
      "4": 9,
      "5": 19,
      "6": 10,
      "7": 8,
      "8": 18,
      "9": 2,
      "10": 6,
      "11": 0,
      "12": 21,
      "13": 2,
      "14": 0,
      "15": 6,
      "16": 6,
      "17": 21,
      "18": 3,
      "19": 12,
      "20": 3,
      "21": 3,
      "22": 3,
      "23": 0,
      "24": 0,
      "25": 31,
      "26": 17,
      "27": 21,
      "28": 14,
      "29": 10,
      "30": 1,
      "31": 6,
      "32": 10,
      "33": 3,
      "34": 4,
      "35": 8,
      "36": 0,
      "37": 0,
      "38": 1,
      "39": 8,
      "40": 0,
      "41": 14,
      "42": 0,
      "43": 14,
      "44": 19,
      "45": 34,
      "46": 15,
      "47": 1,
      "48": 20,
      "49": 35
    },
    "n_agents": 50,
    "mean_rank_1based": 10.38,
    "median_rank_1based": 8.0,
    "std_rank": 9.01529810932506,
    "top1_rate": 0.16,
    "top3_rate": 0.28,
    "mean_score": 0.8085714285714286,
    "gini_score": 0.12245330641090368,
    "hist_1based": {
      "1": 8,
      "2": 3,
      "3": 3,
      "4": 5,
      "5": 1,
      "6": 0,
      "7": 5,
      "8": 0,
      "9": 3,
      "10": 2,
      "11": 3,
      "12": 0,
      "13": 1,
      "14": 0,
      "15": 4,
      "16": 1,
      "17": 0,
      "18": 1,
      "19": 1,
      "20": 2,
      "21": 1,
      "22": 3,
      "23": 0,
      "24": 0,
      "25": 0,
      "26": 0,
      "27": 0,
      "28": 0,
      "29": 0,
      "30": 0,
      "31": 0,
      "32": 1,
      "33": 0,
      "34": 0,
      "35": 1,
      "36": 1,
      "37": 0,
      "38": 0,
      "39": 0,
      "40": 0,
      "41": 0,
      "42": 0,
      "43": 0,
      "44": 0,
      "45": 0,
      "46": 0,
      "47": 0,
      "48": 0,
      "49": 0,
      "50": 0
    }
  }
}