{
  "mode": "DA_E",
  "stable": true,
  "students": {
    "ranks_0based": {
      "0": 2,
      "1": 1,
      "2": 0,
      "3": 0,
      "4": 2,
      "5": 3,
      "6": 0,
      "7": 2,
      "8": 0,
      "9": 0,
      "10": 1,
      "11": 3,
      "12": 0,
      "13": 5,
      "14": 0,
      "15": 0,
      "16": 1,
      "17": 8,
      "18": 4,
      "19": 1
    },
    "n_agents": 20,
    "mean_rank_1based": 2.65,
    "median_rank_1based": 2.0,
    "std_rank": 2.056088519495209,
    "top1_rate": 0.4,
    "top3_rate": 0.75,
    "mean_score": 0.9131578947368422,
    "gini_score": 0.05922190201729083,
    "hist_1based": {
      "1": 8,
      "2": 4,
      "3": 3,
      "4": 2,
      "5": 1,
      "6": 1,
      "7": 0,
      "8": 0,
      "9": 1,
      "10": 0,
      "11": 0,
      "12": 0,
      "13": 0,
      "14": 0,
      "15": 0,
      "16": 0,
      "17": 0,
      "18": 0,
      "19": 0,
      "20": 0
    }
  },
  "schools": {
    "ranks_0based": {
      "0": 0,
      "1": 10,
      "2": 2,
      "3": 4,
      "4": 2,
      "5": 18,
      "6": 10,
      "7": 3,
      "8": 0,
      "9": 2,
      "10": 2,
      "11": 11,
      "12": 1,
      "13": 11,
      "14": 0,
      "15": 5,
      "16": 14,
      "17": 0,
      "18": 10,
      "19": 6
    },
    "n_agents": 20,
    "mean_rank_1based": 6.55,
    "median_rank_1based": 4.5,
    "std_rank": 5.23903617090014,
    "top1_rate": 0.2,
    "top3_rate": 0.45,
    "mean_score": 0.7078947368421052,
    "gini_score": 0.21282527881040858,
    "hist_1based": {
      "1": 4,
      "2": 1,
      "3": 4,
      "4": 1,
      "5": 1,
      "6": 1,
      "7": 1,
      "8": 0,
      "9": 0,
      "10": 0,
      "11": 3,
      "12": 2,
      "13": 0,
      "14": 0,
      "15": 1,
      "16": 0,
      "17": 0,
      "18": 0,
      "19": 1,
      "20": 0
    }
  }
}