{
  "mode": "DA_E",
  "stable": true,
  "students": {
    "ranks_0based": {
      "0": 2,
      "1": 0,
      "2": 0,
      "3": 1,
      "4": 2,
      "5": 2,
      "6": 0,
      "7": 2,
      "8": 0,
      "9": 2
    },
    "n_agents": 10,
    "mean_rank_1based": 2.1,
    "median_rank_1based": 2.5,
    "std_rank": 0.9433981132056604,
    "top1_rate": 0.4,
    "top3_rate": 1.0,
    "mean_score": 0.8777777777777778,
    "gini_score": 0.06202531645569609,
    "hist_1based": {
      "1": 4,
      "2": 1,
      "3": 5,
      "4": 0,
      "5": 0,
      "6": 0,
      "7": 0,
      "8": 0,
      "9": 0,
      "10": 0
    }
  },
  "schools": {
    "ranks_0based": {
      "0": 0,
      "1": 0,
      "2": 3,
      "3": 1,
      "4": 4,
      "5": 3,
      "6": 1,
      "7": 2,
      "8": 6,
      "9": 6
    },
    "n_agents": 10,
    "mean_rank_1based": 3.6,
    "median_rank_1based": 3.5,
    "std_rank": 2.1071307505705477,
    "top1_rate": 0.2,
    "top3_rate": 0.5,
    "mean_score": 0.7111111111111111,
    "gini_score": 0.18437499999999996,
    "hist_1based": {
      "1": 2,
      "2": 2,
      "3": 1,
      "4": 2,
      "5": 1,
      "6": 0,
      "7": 2,
      "8": 0,
      "9": 0,
      "10": 0
    }
  }
}