{
  "mode": "DA_E",
  "stable": true,
  "students": {
    "ranks_0based": {
      "0": 7,
      "1": 32,
      "2": 0,
      "3": 1,
      "4": 1,
      "5": 12,
      "6": 7,
      "7": 5,
      "8": 3,
      "9": 3,
      "10": 16,
      "11": 15,
      "12": 8,
      "13": 32,
      "14": 4,
      "15": 1,
      "16": 0,
      "17": 13,
      "18": 13,
      "19": 6,
      "20": 18,
      "21": 3,
      "22": 1,
      "23": 10,
      "24": 5,
      "25": 11,
      "26": 1,
      "27": 9,
      "28": 7,
      "29": 19,
      "30": 17,
      "31": 2,
      "32": 6,
      "33": 2,
      "34": 23,
      "35": 2,
      "36": 11,
      "37": 4,
      "38": 12,
      "39": 2,
      "40": 5,
      "41": 11,
      "42": 6,
      "43": 0,
      "44": 4,
      "45": 3,
      "46": 1,
      "47": 14,
      "48": 2,
      "49": 5,
      "50": 6,
      "51": 8,
      "52": 2,
      "53": 7,
      "54": 2,
      "55": 2,
      "56": 1,
      "57": 4,
      "58": 30,
      "59": 0,
      "60": 10,
      "61": 2,
      "62": 18,
      "63": 2,
      "64": 15,
      "65": 3,
      "66": 9,
      "67": 5,
      "68": 1,
      "69": 10,
      "70": 0,
      "71": 1,
      "72": 7,
      "73": 3,
      "74": 25,
      "75": 1,
      "76": 11,
      "77": 21,
      "78": 4,
      "79": 4,
      "80": 10,
      "81": 6,
      "82": 2,
      "83": 6,
      "84": 5,
      "85": 5,
      "86": 7,
      "87": 4,
      "88": 20,
      "89": 16,
      "90": 7,
      "91": 2,
      "92": 1,
      "93": 12,
      "94": 9,
      "95": 8,
      "96": 16,
      "97": 2,
      "98": 12,
      "99": 4
    },
    "n_agents": 100,
    "mean_rank_1based": 8.63,
    "median_rank_1based": 6.5,
    "std_rank": 7.1030345627766724,
    "top1_rate": 0.05,
    "top3_rate": 0.29,
    "mean_score": 0.9229292929292929,
    "gini_score": 0.040403852467988166,
    "hist_1based": {
      "1": 5,
      "2": 11,
      "3": 13,
      "4": 6,
      "5": 8,
      "6": 7,
      "7": 6,
      "8": 7,
      "9": 3,
      "10": 3,
      "11": 4,
      "12": 4,
      "13": 4,
      "14": 2,
      "15": 1,
      "16": 2,
      "17": 3,
      "18": 1,
      "19": 2,
      "20": 1,
      "21": 1,
      "22": 1,
      "23": 0,
      "24": 1,
      "25": 0,
      "26": 1,
      "27": 0,
      "28": 0,
      "29": 0,
      "30": 0,
      "31": 1,
      "32": 0,
      "33": 2,
      "34": 0,
      "35": 0,
      "36": 0,
      "37": 0,
      "38": 0,
      "39": 0,
      "40": 0,
      "41": 0,
      "42": 0,
      "43": 0,
      "44": 0,
      "45": 0,
      "46": 0,
      "47": 0,
      "48": 0,
      "49": 0,
      "50": 0,
      "51": 0,
      "52": 0,
      "53": 0,
      "54": 0,
      "55": 0,
      "56": 0,
      "57": 0,
      "58": 0,
      "59": 0,
      "60": 0,
      "61": 0,
      "62": 0,
      "63": 0,
      "64": 0,
      "65": 0,
      "66": 0,
      "67": 0,
      "68": 0,
      "69": 0,
      "70": 0,
      "71": 0,
      "72": 0,
      "73": 0,
      "74": 0,
      "75": 0,
      "76": 0,
      "77": 0,
      "78": 0,
      "79": 0,
      "80": 0,
      "81": 0,
      "82": 0,
      "83": 0,
      "84": 0,
      "85": 0,
      "86": 0,
      "87": 0,
      "88": 0,
      "89": 0,
      "90": 0,
      "91": 0,
      "92": 0,
      "93": 0,
      "94": 0,
      "95": 0,
      "96": 0,
      "97": 0,
      "98": 0,
      "99": 0,
      "100": 0
    }
  },
  "schools": {
    "ranks_0based": {
      "0": 6,
      "1": 7,
      "2": 24,
      "3": 11,
      "4": 6,
      "5": 2,
      "6": 11,
      "7": 18,
      "8": 1,
      "9": 5,
      "10": 9,
      "11": 3,
      "12": 2,
      "13": 8,
      "14": 8,
      "15": 12,
      "16": 5,
      "17": 2,
      "18": 0,
      "19": 22,
      "20": 1,
      "21": 2,
      "22": 12,
      "23": 2,
      "24": 12,
      "25": 17,
      "26": 7,
      "27": 1,
      "28": 5,
      "29": 9,
      "30": 12,
      "31": 27,
      "32": 14,
      "33": 0,
      "34": 14,
      "35": 8,
      "36": 6,
      "37": 7,
      "38": 8,
      "39": 16,
      "40": 3,
      "41": 5,
      "42": 25,
      "43": 19,
      "44": 9,
      "45": 49,
      "46": 7,
      "47": 9,
      "48": 3,
      "49": 0,
      "50": 20,
      "51": 48,
      "52": 0,
      "53": 1,
      "54": 20,
      "55": 1,
      "56": 7,
      "57": 2,
      "58": 10,
      "59": 23,
      "60": 16,
      "61": 1,
      "62": 1,
      "63": 7,
      "64": 4,
      "65": 15,
      "66": 20,
      "67": 24,
      "68": 4,
      "69": 1,
      "70": 5,
      "71": 7,
      "72": 0,
      "73": 1,
      "74": 3,
      "75": 0,
      "76": 2,
      "77": 10,
      "78": 76,
      "79": 11,
      "80": 6,
      "81": 2,
      "82": 9,
      "83": 16,
      "84": 0,
      "85": 2,
      "86": 0,
      "87": 29,
      "88": 22,
      "89": 11,
      "90": 3,
      "91": 4,
      "92": 3,
      "93": 3,
      "94": 5,
      "95": 10,
      "96": 29,
      "97": 3,
      "98": 33,
      "99": 9
    },
    "n_agents": 100,
    "mean_rank_1based": 11.1,
    "median_rank_1based": 8.0,
    "std_rank": 11.626263372210351,
    "top1_rate": 0.08,
    "top3_rate": 0.26,
    "mean_score": 0.897979797979798,
    "gini_score": 0.0609291338582687,
    "hist_1based": {
      "1": 8,
      "2": 9,
      "3": 9,
      "4": 8,
      "5": 3,
      "6": 6,
      "7": 4,
      "8": 7,
      "9": 4,
      "10": 6,
      "11": 3,
      "12": 4,
      "13": 4,
      "14": 0,
      "15": 2,
      "16": 1,
      "17": 3,
      "18": 1,
      "19": 1,
      "20": 1,
      "21": 3,
      "22": 0,
      "23": 2,
      "24": 1,
      "25": 2,
      "26": 1,
      "27": 0,
      "28": 1,
      "29": 0,
      "30": 2,
      "31": 0,
      "32": 0,
      "33": 0,
      "34": 1,
      "35": 0,
      "36": 0,
      "37": 0,
      "38": 0,
      "39": 0,
      "40": 0,
      "41": 0,
      "42": 0,
      "43": 0,
      "44": 0,
      "45": 0,
      "46": 0,
      "47": 0,
      "48": 0,
      "49": 1,
      "50": 1,
      "51": 0,
      "52": 0,
      "53": 0,
      "54": 0,
      "55": 0,
      "56": 0,
      "57": 0,
      "58": 0,
      "59": 0,
      "60": 0,
      "61": 0,
      "62": 0,
      "63": 0,
      "64": 0,
      "65": 0,
      "66": 0,
      "67": 0,
      "68": 0,
      "69": 0,
      "70": 0,
      "71": 0,
      "72": 0,
      "73": 0,
      "74": 0,
      "75": 0,
      "76": 0,
      "77": 1,
      "78": 0,
      "79": 0,
      "80": 0,
      "81": 0,
      "82": 0,
      "83": 0,
      "84": 0,
      "85": 0,
      "86": 0,
      "87": 0,
      "88": 0,
      "89": 0,
      "90": 0,
      "91": 0,
      "92": 0,
      "93": 0,
      "94": 0,
      "95": 0,
      "96": 0,
      "97": 0,
      "98": 0,
      "99": 0,
      "100": 0
    }
  }
}