{
  "mode": "DA_S",
  "stable": true,
  "students": {
    "ranks_0based": {
      "0": 6,
      "1": 2,
      "2": 2,
      "3": 0,
      "4": 3,
      "5": 0,
      "6": 1,
      "7": 9,
      "8": 0,
      "9": 0
    },
    "n_agents": 10,
    "mean_rank_1based": 3.3,
    "median_rank_1based": 2.5,
    "std_rank": 2.8653097563788807,
    "top1_rate": 0.4,
    "top3_rate": 0.7,
    "mean_score": 0.7444444444444445,
    "gini_score": 0.21641791044776104,
    "hist_1based": {
      "1": 4,
      "2": 1,
      "3": 2,
      "4": 1,
      "5": 0,
      "6": 0,
      "7": 1,
      "8": 0,
      "9": 0,
      "10": 1
    }
  },
  "schools": {
    "ranks_0based": {
      "0": 0,
      "1": 2,
      "2": 0,
      "3": 2,
      "4": 2,
      "5": 5,
      "6": 0,
      "7": 0,
      "8": 2,
      "9": 0
    },
    "n_agents": 10,
    "mean_rank_1based": 2.3,
    "median_rank_1based": 2.0,
    "std_rank": 1.5524174696260025,
    "top1_rate": 0.5,
    "top3_rate": 0.9,
    "mean_score": 0.8555555555555555,
    "gini_score": 0.09999999999999987,
    "hist_1based": {
      "1": 5,
      "2": 0,
      "3": 4,
      "4": 0,
      "5": 0,
      "6": 1,
      "7": 0,
      "8": 0,
      "9": 0,
      "10": 0
    }
  }
}