{
  "mode": "DA_S",
  "stable": true,
  "students": {
    "ranks_0based": {
      "0": 2,
      "1": 0,
      "2": 1,
      "3": 13,
      "4": 35,
      "5": 8,
      "6": 27,
      "7": 6,
      "8": 21,
      "9": 14,
      "10": 2,
      "11": 4,
      "12": 5,
      "13": 25,
      "14": 8,
      "15": 20,
      "16": 3,
      "17": 7,
      "18": 10,
      "19": 10,
      "20": 0,
      "21": 47,
      "22": 9,
      "23": 2,
      "24": 13,
      "25": 2,
      "26": 13,
      "27": 1,
      "28": 8,
      "29": 1,
      "30": 20,
      "31": 15,
      "32": 14,
      "33": 20,
      "34": 14,
      "35": 0,
      "36": 4,
      "37": 6,
      "38": 5,
      "39": 2,
      "40": 10,
      "41": 8,
      "42": 19,
      "43": 7,
      "44": 12,
      "45": 0,
      "46": 3,
      "47": 13,
      "48": 6,
      "49": 9
    },
    "n_agents": 50,
    "mean_rank_1based": 11.08,
    "median_rank_1based": 9.0,
    "std_rank": 9.369823904428515,
    "top1_rate": 0.08,
    "top3_rate": 0.24,
    "mean_score": 0.7942857142857143,
    "gini_score": 0.12363823227132631,
    "hist_1based": {
      "1": 4,
      "2": 3,
      "3": 5,
      "4": 2,
      "5": 2,
      "6": 2,
      "7": 3,
      "8": 2,
      "9": 4,
      "10": 2,
      "11": 3,
      "12": 0,
      "13": 1,
      "14": 4,
      "15": 3,
      "16": 1,
      "17": 0,
      "18": 0,
      "19": 0,
      "20": 1,
      "21": 3,
      "22": 1,
      "23": 0,
      "24": 0,
      "25": 0,
      "26": 1,
      "27": 0,
      "28": 1,
      "29": 0,
      "30": 0,
      "31": 0,
      "32": 0,
      "33": 0,
      "34": 0,
      "35": 0,
      "36": 1,
      "37": 0,
      "38": 0,
      "39": 0,
      "40": 0,
      "41": 0,
      "42": 0,
      "43": 0,
      "44": 0,
      "45": 0,
      "46": 0,
      "47": 0,
      "48": 1,
      "49": 0,
      "50": 0
    }
  },
  "schools": {
    "ranks_0based": {
      "0": 2,
      "1": 5,
      "2": 9,
      "3": 4,
      "4": 3,
      "5": 6,
      "6": 1,
      "7": 0,
      "8": 3,
      "9": 12,
      "10": 1,
      "11": 1,
      "12": 3,
      "13": 0,
      "14": 4,
      "15": 0,
      "16": 3,
      "17": 3,
      "18": 0,
      "19": 0,
      "20": 12,
      "21": 5,
      "22": 5,
      "23": 0,
      "24": 1,
      "25": 5,
      "26": 7,
      "27": 8,
      "28": 0,
      "29": 2,
      "30": 4,
      "31": 9,
      "32": 0,
      "33": 0,
      "34": 2,
      "35": 8,
      "36": 5,
      "37": 3,
      "38": 5,
      "39": 8,
      "40": 3,
      "41": 3,
      "42": 1,
      "43": 4,
      "44": 1,
      "45": 10,
      "46": 4,
      "47": 8,
      "48": 1,
      "49": 0
    },
    "n_agents": 50,
    "mean_rank_1based": 4.68,
    "median_rank_1based": 4.0,
    "std_rank": 3.2707185754815407,
    "top1_rate": 0.2,
    "top3_rate": 0.4,
    "mean_score": 0.9248979591836735,
    "gini_score": 0.03966460723742293,
    "hist_1based": {
      "1": 10,
      "2": 7,
      "3": 3,
      "4": 8,
      "5": 5,
      "6": 6,
      "7": 1,
      "8": 1,
      "9": 4,
      "10": 2,
      "11": 1,
      "12": 0,
      "13": 2,
      "14": 0,
      "15": 0,
      "16": 0,
      "17": 0,
      "18": 0,
      "19": 0,
      "20": 0,
      "21": 0,
      "22": 0,
      "23": 0,
      "24": 0,
      "25": 0,
      "26": 0,
      "27": 0,
      "28": 0,
      "29": 0,
      "30": 0,
      "31": 0,
      "32": 0,
      "33": 0,
      "34": 0,
      "35": 0,
      "36": 0,
      "37": 0,
      "38": 0,
      "39": 0,
      "40": 0,
      "41": 0,
      "42": 0,
      "43": 0,
      "44": 0,
      "45": 0,
      "46": 0,
      "47": 0,
      "48": 0,
      "49": 0,
      "50": 0
    }
  }
}